Workbook
Name SegmentaciónDeDatos_Split: #N/A
Name SegmentaciónDeDatos_Split1: #N/A
Name SegmentaciónDeDatos_Split11: #N/A
Name SegmentaciónDeDatos_Split2: #N/A
Name SegmentaciónDeDatos_Station: #N/A
Name SegmentaciónDeDatos_Station1: #N/A
Name SegmentaciónDeDatos_Station11: #N/A

Sheet Dynamic Split
AD1: Alphabetical Order
A2: From: Split-Station: | AD2: Site
I3: Searched Site: | L3: Serached Site: | M3: (AS) Koons Tysons Toyota - UC Recon (NO TOURS) | O3: FRIDAY Monitoring Split | AD3: (AS) Coggin Honda of Orlando (NO TOURS)
AD4: (AS) Kahlo CDJR (NO TOURS)
I5: Its On: | L5: Station | M5: =+L5 -> Station | AD5: (AS) Koons Arlington Toyota - New Car (NO TOURS)
L6: 1 | M6: =+L6 -> 1 | AD6: (AS) Koons Baltimore Ford - Main Dealership (NO TOURS)
AD7: (AS) Koons Chevrolet Buick GMC - Tysons Remote Lot (NO TOURS)
AD8: (AS) Koons Easton Toyota - Main Dealership (NO TOURS)
AD9: (AS) Koons Volvo Cars White Marsh (NO TOURS)
AD10: (DT) Modesto
AD11: (LT) Landers Kia of Little Rock
AD12: (LT) Luther Bloomington Subaru - Acura
AD13: (LT) Luther Hopkins Honda (NO TOURS)
AD14: (LT) Luther North Country Ford
A15: Split | B15: Station | C15: Total Sites | G15: Log Out from | H15: Total New Sites | AD15: (SCH) Schumacher of Delray I & III
A16: 4 | B16: 4 | C16: 13 | G16: =+COUNTIF('Dynamic Split'!G19:G75,"Log Out") -> 13 | H16: =+GETPIVOTDATA("Site",$C$15)-G16 -> 0
A18: Split | B18: Log Time | C18: Sites | D18: Drop time | E18: ID | F18: Suma de Station | G18: Log Out | H18: SIG Tools | J18: Split | K18: Log Time | L18: Sites | M18: Drop time | N18: Time Zone | O18: SUNDAY (D.T.) | P18: Gates | Q18: Entrances | R18: LPR | S18: PTZ | T18: Important Cameras | U18: Sum of Station
A19: 4 | B19: 8:00 P.M. | C19: (LT) Luther Bloomington Subaru - Acura | D19: 4:00 A.M. | E19: 289 | F19: 4 | G19: =+IF(C19="","",IFERROR(IF(Maestra!A16="#N/D","Log Out",""),"Log Out")) -> Log Out | H19: =IFERROR(HYPERLINK(VLOOKUP(C19,'Flat Base'!D:J,6,0),"SIG TOOLS"),"") -> SIG TOOLS | I19: =IFERROR(HYPERLINK(VLOOKUP(C19,'Flat Base'!D:J,4,0),"SITE MAP"),"") -> SITE MAP | J19: 4 | K19: 8:00 P.M. | L19: (LT) Luther Bloomington Subaru - Acura | M19: 4:00 A.M. | N19: CT | O19: - | P19: 29 | Q19: 5, 8, 33 | R19: 4, 7, 35 | S19: - | T19: 1, 2, 14, 24, 34 | U19: 4
C20: (LT) Luther Hopkins Honda (NO TOURS) | D20: 6:00 A.M. | E20: 288 | F20: 4 | G20: =+IF(C20="","",IFERROR(IF(Maestra!A17="#N/D","Log Out",""),"Log Out")) -> Log Out | H20: =IFERROR(HYPERLINK(VLOOKUP(C20,'Flat Base'!D:J,6,0),"SIG TOOLS"),"") -> SIG TOOLS | I20: =IFERROR(HYPERLINK(VLOOKUP(C20,'Flat Base'!D:J,4,0),"SITE MAP"),"") -> SITE MAP | L20: (LT) Luther Hopkins Honda (NO TOURS) | M20: 6:00 A.M. | N20: CT | O20: - | P20: - | Q20: 9, 36 | R20: 38, 39 | S20: 3, 26 | T20: 1, 4, 11, 18, 23, 25, 31 | U20: 4
B21: 9:00 P.M. | C21: (AS) Koons Baltimore Ford - Main Dealership (NO TOURS) | D21: 5:00 A.M. | E21: 335 | F21: 4 | G21: =+IF(C21="","",IFERROR(IF(Maestra!A18="#N/D","Log Out",""),"Log Out")) -> Log Out | H21: =IFERROR(HYPERLINK(VLOOKUP(C21,'Flat Base'!D:J,6,0),"SIG TOOLS"),"") -> SIG TOOLS | I21: =IFERROR(HYPERLINK(VLOOKUP(C21,'Flat Base'!D:J,4,0),"SITE MAP"),"") -> SITE MAP | K21: 9:00 P.M. | L21: (AS) Koons Baltimore Ford - Main Dealership (NO TOURS) | M21: 5:00 A.M. | N21: ET | O21: - | P21: 21, 22, 24, 32, 45 | Q21: 1 | R21: - | S21: 1, 8 | T21: 5, 28, 38 | U21: 4
C22: (AS) Koons Chevrolet Buick GMC - Tysons Remote Lot (NO TOURS) | D22: 5:00 A.M. | E22: 333 | F22: 4 | G22: =+IF(C22="","",IFERROR(IF(Maestra!A19="#N/D","Log Out",""),"Log Out")) -> Log Out | H22: =IFERROR(HYPERLINK(VLOOKUP(C22,'Flat Base'!D:J,6,0),"SIG TOOLS"),"") -> SIG TOOLS | I22: =IFERROR(HYPERLINK(VLOOKUP(C22,'Flat Base'!D:J,4,0),"SITE MAP"),"") -> SITE MAP | L22: (AS) Koons Chevrolet Buick GMC - Tysons Remote Lot (NO TOURS) | M22: 5:00 A.M. | N22: ET | O22: - | P22: - | Q22: 6 | R22: 1, 2, 3 | S22: 7, 10, 16, 29 | T22: 14, 17, 30 | U22: 4
C23: (AS) Koons Arlington Toyota - New Car (NO TOURS) | D23: 5:00 A.M. | E23: 334 | F23: 4 | G23: =+IF(C23="","",IFERROR(IF(Maestra!A20="#N/D","Log Out",""),"Log Out")) -> Log Out | H23: =IFERROR(HYPERLINK(VLOOKUP(C23,'Flat Base'!D:J,6,0),"SIG TOOLS"),"") -> SIG TOOLS | I23: =IFERROR(HYPERLINK(VLOOKUP(C23,'Flat Base'!D:J,4,0),"SITE MAP"),"") -> SITE MAP | L23: (AS) Koons Arlington Toyota - New Car (NO TOURS) | M23: 5:00 A.M. | N23: ET | O23: 10:00 A.M. | P23: - | Q23: 1, 3, 12, 15, 17 | R23: - | S23: - | T23: 2, 6, 18, 20 | U23: 4
C24: (AS) Koons Volvo Cars White Marsh (NO TOURS) | D24: 5:00 A.M. | E24: 338 | F24: 4 | G24: =+IF(C24="","",IFERROR(IF(Maestra!A21="#N/D","Log Out",""),"Log Out")) -> Log Out | H24: =IFERROR(HYPERLINK(VLOOKUP(C24,'Flat Base'!D:J,6,0),"SIG TOOLS"),"") -> SIG TOOLS | I24: =IFERROR(HYPERLINK(VLOOKUP(C24,'Flat Base'!D:J,4,0),"SITE MAP"),"") -> SITE MAP | L24: (AS) Koons Volvo Cars White Marsh (NO TOURS) | M24: 5:00 A.M. | N24: ET | O24: - | P24: - | Q24: 5, 7, 9 | R24: - | S24: - | T24: 6, 10, 1 | U24: 4
C25: (AS) Coggin Honda of Orlando (NO TOURS) | D25: 5:00 A.M. | E25: 324 | F25: 4 | G25: =+IF(C25="","",IFERROR(IF(Maestra!A22="#N/D","Log Out",""),"Log Out")) -> Log Out | H25: =IFERROR(HYPERLINK(VLOOKUP(C25,'Flat Base'!D:J,6,0),"SIG TOOLS"),"") -> SIG TOOLS | I25: =IFERROR(HYPERLINK(VLOOKUP(C25,'Flat Base'!D:J,4,0),"SITE MAP"),"") -> SITE MAP | L25: (AS) Coggin Honda of Orlando (NO TOURS) | M25: 5:00 A.M. | N25: ET | O25: 11:00 A.M. | P25: 2, 10, 12B, 14, 38 | Q25: - | R25: - | S25: 12, 31 | T25: 12B, 26, 37, 19 | U25: 4
C26: (AS) Kahlo CDJR (NO TOURS) | D26: 5:00 A.M. | E26: 282 | F26: 4 | G26: =+IF(C26="","",IFERROR(IF(Maestra!A23="#N/D","Log Out",""),"Log Out")) -> Log Out | H26: =IFERROR(HYPERLINK(VLOOKUP(C26,'Flat Base'!D:J,6,0),"SIG TOOLS"),"") -> SIG TOOLS | I26: =IFERROR(HYPERLINK(VLOOKUP(C26,'Flat Base'!D:J,4,0),"SITE MAP"),"") -> SITE MAP | L26: (AS) Kahlo CDJR (NO TOURS) | M26: 5:00 A.M. | N26: ET | O26: - | P26: - | Q26: 12, 25 | R26: 15, 16 | S26: 20 | T26: 1, 2, 9, 22, 31, 57 | U26: 4
C27: (SCH) Schumacher of Delray I & III | D27: 5:00 A.M. | E27: 159 | F27: 4 | G27: =+IF(C27="","",IFERROR(IF(Maestra!A24="#N/D","Log Out",""),"Log Out")) -> Log Out | H27: =IFERROR(HYPERLINK(VLOOKUP(C27,'Flat Base'!D:J,6,0),"SIG TOOLS"),"") -> SIG TOOLS | I27: =IFERROR(HYPERLINK(VLOOKUP(C27,'Flat Base'!D:J,4,0),"SITE MAP"),"") -> SITE MAP | L27: (SCH) Schumacher of Delray I & III | M27: 5:00 A.M. | N27: ET | O27: 11:00 A.M. | P27: 11, 21, 22, 57, 69 | Q27: 2, 16, 46 | R27: - | S27: - | T27: 24, 39 | U27: 4
C28: (AS) Koons Easton Toyota - Main Dealership (NO TOURS) | D28: 5:00 A.M. | E28: 340 | F28: 4 | G28: =+IF(C28="","",IFERROR(IF(Maestra!A25="#N/D","Log Out",""),"Log Out")) -> Log Out | H28: =IFERROR(HYPERLINK(VLOOKUP(C28,'Flat Base'!D:J,6,0),"SIG TOOLS"),"") -> SIG TOOLS | I28: =IFERROR(HYPERLINK(VLOOKUP(C28,'Flat Base'!D:J,4,0),"SITE MAP"),"") -> SITE MAP | L28: (AS) Koons Easton Toyota - Main Dealership (NO TOURS) | M28: 5:00 A.M. | N28: ET | O28: - | P28: - | Q28: 4, 5 | R28: - | S28: - | T28: 8, 15 | U28: 4
B29: 10:00 P.M. | C29: (LT) Luther North Country Ford | D29: 6:00 A.M. | E29: 292 | F29: 4 | G29: =+IF(C29="","",IFERROR(IF(Maestra!A26="#N/D","Log Out",""),"Log Out")) -> Log Out | H29: =IFERROR(HYPERLINK(VLOOKUP(C29,'Flat Base'!D:J,6,0),"SIG TOOLS"),"") -> SIG TOOLS | I29: =IFERROR(HYPERLINK(VLOOKUP(C29,'Flat Base'!D:J,4,0),"SITE MAP"),"") -> SITE MAP | K29: 10:00 P.M. | L29: (LT) Luther North Country Ford | M29: 6:00 A.M. | N29: CT | O29: - | P29: - | Q29: 7, 14, 19 | R29: 30, 31, 32 | S29: - | T29: 1, 4, 9, 13, 15, 16B, 25 | U29: 4
C30: (LT) Landers Kia of Little Rock | D30: 6:00 A.M. | E30: 322 | F30: 4 | G30: =+IF(C30="","",IFERROR(IF(Maestra!A27="#N/D","Log Out",""),"Log Out")) -> Log Out | H30: =IFERROR(HYPERLINK(VLOOKUP(C30,'Flat Base'!D:J,6,0),"SIG TOOLS"),"") -> SIG TOOLS | I30: =IFERROR(HYPERLINK(VLOOKUP(C30,'Flat Base'!D:J,4,0),"SITE MAP"),"") -> SITE MAP | L30: (LT) Landers Kia of Little Rock | M30: 6:00 A.M. | N30: CT | O30: - | P30: 5, 9, 33, 19 | Q30: - | R30: 4, 10 | S30: 1, 35 | T30: 5, 9, 12, 14, 18, 26, 29 | U30: 4
B31: 12:00 A.M. | C31: (DT) Modesto | D31: 8:00 A.M. | E31: 267 | F31: 4 | G31: =+IF(C31="","",IFERROR(IF(Maestra!A28="#N/D","Log Out",""),"Log Out")) -> Log Out | H31: =IFERROR(HYPERLINK(VLOOKUP(C31,'Flat Base'!D:J,6,0),"SIG TOOLS"),"") -> SIG TOOLS | I31: =IFERROR(HYPERLINK(VLOOKUP(C31,'Flat Base'!D:J,4,0),"SITE MAP"),"") -> SITE MAP | K31: 12:00 A.M. | L31: (DT) Modesto | M31: 8:00 A.M. | N31: PT | O31: - | P31: 10 | Q31: 5, 6 | R31: - | S31: - | T31: 2, 3, 5, 10 | U31: 4
G32: =+IF(C32="","",IFERROR(IF(Maestra!A29="#N/D","Log Out",""),"Log Out")) | H32: =IFERROR(HYPERLINK(VLOOKUP(C32,'Flat Base'!D:J,6,0),"SIG TOOLS"),"") | I32: =IFERROR(HYPERLINK(VLOOKUP(C32,'Flat Base'!D:J,4,0),"SITE MAP"),"")
G33: =+IF(C33="","",IFERROR(IF(Maestra!A30="#N/D","Log Out",""),"Log Out")) | H33: =IFERROR(HYPERLINK(VLOOKUP(C33,'Flat Base'!D:J,6,0),"SIG TOOLS"),"") | I33: =IFERROR(HYPERLINK(VLOOKUP(C33,'Flat Base'!D:J,4,0),"SITE MAP"),"")
G34: =+IF(C34="","",IFERROR(IF(Maestra!A31="#N/D","Log Out",""),"Log Out")) | H34: =IFERROR(HYPERLINK(VLOOKUP(C34,'Flat Base'!D:J,6,0),"SIG TOOLS"),"") | I34: =IFERROR(HYPERLINK(VLOOKUP(C34,'Flat Base'!D:J,4,0),"SITE MAP"),"")
G35: =+IF(C35="","",IFERROR(IF(Maestra!A32="#N/D","Log Out",""),"Log Out")) | H35: =IFERROR(HYPERLINK(VLOOKUP(C35,'Flat Base'!D:J,6,0),"SIG TOOLS"),"") | I35: =IFERROR(HYPERLINK(VLOOKUP(C35,'Flat Base'!D:J,4,0),"SITE MAP"),"")
G36: =+IF(C36="","",IFERROR(IF(Maestra!A33="#N/D","Log Out",""),"Log Out")) | H36: =IFERROR(HYPERLINK(VLOOKUP(C36,'Flat Base'!D:J,6,0),"SIG TOOLS"),"") | I36: =IFERROR(HYPERLINK(VLOOKUP(C36,'Flat Base'!D:J,4,0),"SITE MAP"),"")
G37: =+IF(C37="","",IFERROR(IF(Maestra!A34="#N/D","Log Out",""),"Log Out")) | H37: =IFERROR(HYPERLINK(VLOOKUP(C37,'Flat Base'!D:J,6,0),"SIG TOOLS"),"") | I37: =IFERROR(HYPERLINK(VLOOKUP(C37,'Flat Base'!D:J,4,0),"SITE MAP"),"")
G38: =+IF(C38="","",IFERROR(IF(Maestra!A35="#N/D","Log Out",""),"Log Out")) | H38: =IFERROR(HYPERLINK(VLOOKUP(C38,'Flat Base'!D:J,6,0),"SIG TOOLS"),"") | I38: =IFERROR(HYPERLINK(VLOOKUP(C38,'Flat Base'!D:J,4,0),"SITE MAP"),"")
G39: =+IF(C39="","",IFERROR(IF(Maestra!A36="#N/D","Log Out",""),"Log Out")) | H39: =IFERROR(HYPERLINK(VLOOKUP(C39,'Flat Base'!D:J,6,0),"SIG TOOLS"),"") | I39: =IFERROR(HYPERLINK(VLOOKUP(C39,'Flat Base'!D:J,4,0),"SITE MAP"),"")
G40: =+IF(C40="","",IFERROR(IF(Maestra!A37="#N/D","Log Out",""),"Log Out")) | H40: =IFERROR(HYPERLINK(VLOOKUP(C40,'Flat Base'!D:J,6,0),"SIG TOOLS"),"") | I40: =IFERROR(HYPERLINK(VLOOKUP(C40,'Flat Base'!D:J,4,0),"SITE MAP"),"")
G41: =+IF(C41="","",IFERROR(IF(Maestra!A38="#N/D","Log Out",""),"Log Out")) | H41: =IFERROR(HYPERLINK(VLOOKUP(C41,'Flat Base'!D:J,6,0),"SIG TOOLS"),"") | I41: =IFERROR(HYPERLINK(VLOOKUP(C41,'Flat Base'!D:J,4,0),"SITE MAP"),"")
G42: =+IF(C42="","",IFERROR(IF(Maestra!A39="#N/D","Log Out",""),"Log Out")) | H42: =IFERROR(HYPERLINK(VLOOKUP(C42,'Flat Base'!D:J,6,0),"SIG TOOLS"),"") | I42: =IFERROR(HYPERLINK(VLOOKUP(C42,'Flat Base'!D:J,4,0),"SITE MAP"),"")
G43: =+IF(C43="","",IFERROR(IF(Maestra!A40="#N/D","Log Out",""),"Log Out")) | H43: =IFERROR(HYPERLINK(VLOOKUP(C43,'Flat Base'!D:J,6,0),"SIG TOOLS"),"") | I43: =IFERROR(HYPERLINK(VLOOKUP(C43,'Flat Base'!D:J,4,0),"SITE MAP"),"")
... G77: =+IF(C77="","",IFERROR(IF(Maestra!A74="#N/D","Log Out",""),"Log Out")) | H77: =IFERROR(HYPERLINK(VLOOKUP(C77,'Flat Base'!D:J,6,0),"SIG TOOLS"),"") | I77: =IFERROR(HYPERLINK(VLOOKUP(C77,'Flat Base'!D:J,4,0),"SITE MAP"),"")

Sheet Cambio de Split
A1: Changes: Split-Station:
A15: New Sites | G15: Log In to
A16: 60 | G16: =+COUNTIF('Dynamic Split'!W25:W75,"Log iN") -> 0
A19: Split | B19: Log Time | C19: Site | D19: Drop time | E19: Suma de Station | F19: Log In | G19: Split | H19: Log Time | I19: Site | J19: Drop time | K19: Suma de Station
A20: 1 | B20: 8:00 P.M. | C20: (PE) BMW Service Center (NO TOURS) | D20: 5:00 A.M. | E20: 1 | F20: =IF('Cambio de Split'!C20="","",IFERROR(IF(Maestra!C16="#N/D","Log In",""),"Log In")) -> Log In | G20: 1 | H20: 8:00 P.M. | I20: (PE) BMW Service Center (NO TOURS) | J20: 5:00 A.M. | K20: 1
C21: (PE) JLR Darien (NO TOURS) | D21: 5:00 A.M. | E21: 1 | F21: =IF('Cambio de Split'!C21="","",IFERROR(IF(Maestra!C17="#N/D","Log In",""),"Log In")) -> Log In | I21: (PE) JLR Darien (NO TOURS) | J21: 5:00 A.M. | K21: 1
C22: (PE) JLR Englewood (NO TOURS) | D22: 5:00 A.M. | E22: 1 | F22: =IF('Cambio de Split'!C22="","",IFERROR(IF(Maestra!C18="#N/D","Log In",""),"Log In")) -> Log In | I22: (PE) JLR Englewood (NO TOURS) | J22: 5:00 A.M. | K22: 1
C23: (PE) JLR Paramus (NO TOURS) | D23: 5:00 A.M. | E23: 1 | F23: =IF('Cambio de Split'!C23="","",IFERROR(IF(Maestra!C19="#N/D","Log In",""),"Log In")) -> Log In | I23: (PE) JLR Paramus (NO TOURS) | J23: 5:00 A.M. | K23: 1
C24: (PE) Porsche Audi Fairfield (NO TOURS) | D24: 5:00 A.M. | E24: 1 | F24: =IF('Cambio de Split'!C24="","",IFERROR(IF(Maestra!C20="#N/D","Log In",""),"Log In")) -> Log In | I24: (PE) Porsche Audi Fairfield (NO TOURS) | J24: 5:00 A.M. | K24: 1
C25: (PE) MB of Greenwich | D25: 5:00 A.M. | E25: 1 | F25: =IF('Dynamic Split'!T24="","",IFERROR(IF(Maestra!C21="#N/D","Log In",""),"Log In")) -> Log In | I25: (PE) MB of Greenwich | J25: 5:00 A.M. | K25: 1
C26: (LT) Luther Bloomington Subaru - Acura | D26: 4:00 A.M. | E26: 1 | I26: (LT) Luther Bloomington Subaru - Acura | J26: 4:00 A.M. | K26: 1
C27: (LT) Luther Hopkins Honda (NO TOURS) | D27: 6:00 A.M. | E27: 1 | I27: (LT) Luther Hopkins Honda (NO TOURS) | J27: 6:00 A.M. | K27: 1
B28: 9:00 P.M. | C28: (AS) Coggin BMW Ft. Pierce (NO TOURS) | D28: 5:00 A.M. | E28: 1 | H28: 9:00 P.M. | I28: (AS) Coggin BMW Ft. Pierce (NO TOURS) | J28: 5:00 A.M. | K28: 1
C29: (DT) Charlotte | D29: 5:00 A.M. | E29: 1 | I29: (DT) Charlotte | J29: 5:00 A.M. | K29: 1
C30: (AS) Koons MB of Catonsville (NO TOURS) | D30: 5:00 A.M. | E30: 1 | I30: (AS) Koons MB of Catonsville (NO TOURS) | J30: 5:00 A.M. | K30: 1
C31: (TC) Lamborghini South Dade | D31: 5:00 A.M. | E31: 1 | I31: (TC) Lamborghini South Dade | J31: 5:00 A.M. | K31: 1
C32: (AS) Coggin Collision Center of Kissimmee (NO TOURS) | D32: 5:00 A.M. | E32: 1 | I32: (AS) Coggin Collision Center of Kissimmee (NO TOURS) | J32: 5:00 A.M. | K32: 1
C33: (AS) Koons Baltimore Ford - Main Dealership (NO TOURS) | D33: 5:00 A.M. | E33: 1 | I33: (AS) Koons Baltimore Ford - Main Dealership (NO TOURS) | J33: 5:00 A.M. | K33: 1
C34: (AS) Koons Woodbridge GMC (NO TOURS) | D34: 5:00 A.M. | E34: 1 | I34: (AS) Koons Woodbridge GMC (NO TOURS) | J34: 5:00 A.M. | K34: 1
C35: (AS) Koons Woodbridge Ford (NO TOURS) | D35: 5:00 A.M. | E35: 1 | I35: (AS) Koons Woodbridge Ford (NO TOURS) | J35: 5:00 A.M. | K35: 1
C36: (AS) Koons Chevrolet Buick GMC - Tysons Remote Lot (NO TOURS) | D36: 5:00 A.M. | E36: 1 | I36: (AS) Koons Chevrolet Buick GMC - Tysons Remote Lot (NO TOURS) | J36: 5:00 A.M. | K36: 1
C37: (AS) Koons Arlington Toyota - New Car (NO TOURS) | D37: 5:00 A.M. | E37: 1 | I37: (AS) Koons Arlington Toyota - New Car (NO TOURS) | J37: 5:00 A.M. | K37: 1
C38: (AS) Koons Volvo Cars White Marsh (NO TOURS) | D38: 5:00 A.M. | E38: 1 | I38: (AS) Koons Volvo Cars White Marsh (NO TOURS) | J38: 5:00 A.M. | K38: 1
C39: (AS) Koons Chevrolet Buick GMC - Tysons (NO TOURS) | D39: 5:00 A.M. | E39: 1 | I39: (AS) Koons Chevrolet Buick GMC - Tysons (NO TOURS) | J39: 5:00 A.M. | K39: 1
C40: (AS) Coggin Honda of Orlando (NO TOURS) | D40: 5:00 A.M. | E40: 1 | I40: (AS) Coggin Honda of Orlando (NO TOURS) | J40: 5:00 A.M. | K40: 1
... C57: (AS) Koons Tysons Toyota - UC Recon (NO TOURS) | D57: 5:00 A.M. | E57: 1 | I57: (AS) Koons Tysons Toyota - UC Recon (NO TOURS) | J57: 5:00 A.M. | K57: 1
B58: 10:00 P.M. | C58: (DT) Arlington | D58: 6:00 A.M. | E58: 1 | H58: 10:00 P.M. | I58: (DT) Arlington | J58: 6:00 A.M. | K58: 1
C59: (ML) Joe Machens Hyundai | D59: 6:00 A.M. | E59: 1 | I59: (ML) Joe Machens Hyundai | J59: 6:00 A.M. | K59: 1
C60: (KG) Big Star Cadillac | D60: 6:00 A.M. | E60: 1 | I60: (KG) Big Star Cadillac | J60: 6:00 A.M. | K60: 1
C61: (LT) Luther North Country Ford | D61: 6:00 A.M. | E61: 1 | I61: (LT) Luther North Country Ford | J61: 6:00 A.M. | K61: 1
C62: (LT) Luther St. Cloud Subaru | D62: 5:30 A.M. | E62: 1 | I62: (LT) Luther St. Cloud Subaru | J62: 5:30 A.M. | K62: 1
C63: (KG) Big Star Hyundai Houston | D63: 6:00 A.M. | E63: 1 | I63: (KG) Big Star Hyundai Houston | J63: 6:00 A.M. | K63: 1
C64: (LT) Landers Kia of Little Rock | D64: 6:00 A.M. | E64: 1 | I64: (LT) Landers Kia of Little Rock | J64: 6:00 A.M. | K64: 1
C65: (LT) Luther Landers Recon Center | D65: 6:00 A.M. | E65: 1 | I65: (LT) Luther Landers Recon Center | J65: 6:00 A.M. | K65: 1
C66: (LT) Luther Genesis of Minneapolis | D66: 6:00 A.M. | E66: 1 | I66: (LT) Luther Genesis of Minneapolis | J66: 6:00 A.M. | K66: 1
C67: (LT) Luther Burnsville Hyundai | D67: 6:00 A.M. | E67: 1 | I67: (LT) Luther Burnsville Hyundai | J67: 6:00 A.M. | K67: 1
C68: (AS) 3281 Storage Lot (NO TOURS) | D68: 6:00 A.M. | E68: 1 | I68: (AS) 3281 Storage Lot (NO TOURS) | J68: 6:00 A.M. | K68: 1
C69: (AS) Plaza Mercedes Benz West (NO TOURS) | D69: 6:00 A.M. | E69: 1 | I69: (AS) Plaza Mercedes Benz West (NO TOURS) | J69: 6:00 A.M. | K69: 1
C70: (AS) Plaza Collision ST Louis (NO TOURS) | D70: 6:00 A.M. | E70: 1 | I70: (AS) Plaza Collision ST Louis (NO TOURS) | J70: 6:00 A.M. | K70: 1
C71: (LT) Luther Bloomington Hyundai (NO TOURS) | D71: 4:00 A.M. | E71: 1 | I71: (LT) Luther Bloomington Hyundai (NO TOURS) | J71: 4:00 A.M. | K71: 1
B72: 11:00 P.M. | C72: (AS) Larry H Miller CDJR Fiat (NO TOURS) | D72: 7:00 A.M. | E72: 1 | H72: 11:00 P.M. | I72: (AS) Larry H Miller CDJR Fiat (NO TOURS) | J72: 7:00 A.M. | K72: 1
B73: 12:00 A.M. | C73: (DT) Modesto | D73: 8:00 A.M. | E73: 1 | H73: 12:00 A.M. | I73: (DT) Modesto | J73: 8:00 A.M. | K73: 1
C74: (KG) Ken Garff Volkswagen of Gilbert | D74: 8:00 A.M. | E74: 1 | I74: (KG) Ken Garff Volkswagen of Gilbert | J74: 8:00 A.M. | K74: 1
C75: (KG) Ken Garff Kia of Avondale | D75: 8:00 A.M. | E75: 1 | I75: (KG) Ken Garff Kia of Avondale | J75: 8:00 A.M. | K75: 1
B76: 24H | C76: Mario Residence | D76: - | E76: 1 | H76: 24H | I76: Mario Residence | J76: - | K76: 1
C77: (BRL) Shoemakersville | D77: - | E77: 1 | I77: (BRL) Shoemakersville | J77: - | K77: 1
B78: 7:00 P.M. | C78: (LT) Luther Brookdale Toyota | D78: 5:00 A.M. | E78: 1 | H78: 7:00 P.M. | I78: (LT) Luther Brookdale Toyota | J78: 5:00 A.M. | K78: 1
C79: (LT) Luther Brookdale Honda (NO TOURS) | D79: 6:00 A.M. | E79: 1 | I79: (LT) Luther Brookdale Honda (NO TOURS) | J79: 6:00 A.M. | K79: 1

Sheet Maestra
A16: =+VLOOKUP('Dynamic Split'!C19,'Dynamic Split'!T:T,1,0) -> #N/A | C16: =VLOOKUP('Cambio de Split'!C20,'Dynamic Split'!C:C,1,0) -> #N/A
A17: =+VLOOKUP('Dynamic Split'!C20,'Dynamic Split'!T:T,1,0) -> #N/A | C17: =VLOOKUP('Cambio de Split'!C21,'Dynamic Split'!C:C,1,0) -> #N/A
A18: =+VLOOKUP('Dynamic Split'!C21,'Dynamic Split'!T:T,1,0) -> #N/A | C18: =VLOOKUP('Cambio de Split'!C22,'Dynamic Split'!C:C,1,0) -> #N/A
A19: =+VLOOKUP('Dynamic Split'!C22,'Dynamic Split'!T:T,1,0) -> #N/A | C19: =VLOOKUP('Cambio de Split'!C23,'Dynamic Split'!C:C,1,0) -> #N/A
A20: =+VLOOKUP('Dynamic Split'!C23,'Dynamic Split'!T:T,1,0) -> #N/A | C20: =VLOOKUP('Cambio de Split'!C24,'Dynamic Split'!C:C,1,0) -> #N/A
A21: =+VLOOKUP('Dynamic Split'!C24,'Dynamic Split'!T:T,1,0) -> #N/A | C21: =VLOOKUP('Dynamic Split'!T24,'Dynamic Split'!C:C,1,0) -> #N/A
A22: =+VLOOKUP('Dynamic Split'!C25,'Dynamic Split'!T:T,1,0) -> #N/A | C22: =VLOOKUP('Dynamic Split'!T25,'Dynamic Split'!C:C,1,0) -> #N/A
A23: =+VLOOKUP('Dynamic Split'!C26,'Dynamic Split'!T:T,1,0) -> #N/A | C23: =VLOOKUP('Dynamic Split'!T26,'Dynamic Split'!C:C,1,0) -> #N/A
A24: =+VLOOKUP('Dynamic Split'!C27,'Dynamic Split'!T:T,1,0) -> #N/A | C24: =VLOOKUP('Dynamic Split'!T27,'Dynamic Split'!C:C,1,0) -> #N/A
A25: =+VLOOKUP('Dynamic Split'!C28,'Dynamic Split'!T:T,1,0) -> #N/A | C25: =VLOOKUP('Dynamic Split'!T28,'Dynamic Split'!C:C,1,0) -> #N/A
A26: =+VLOOKUP('Dynamic Split'!C29,'Dynamic Split'!T:T,1,0) -> #N/A | C26: =VLOOKUP('Dynamic Split'!T29,'Dynamic Split'!C:C,1,0) -> #N/A
A27: =+VLOOKUP('Dynamic Split'!C30,'Dynamic Split'!T:T,1,0) -> #N/A | C27: =VLOOKUP('Dynamic Split'!T30,'Dynamic Split'!C:C,1,0) -> #N/A
A28: =+VLOOKUP('Dynamic Split'!C31,'Dynamic Split'!T:T,1,0) -> #N/A | C28: =VLOOKUP('Dynamic Split'!T31,'Dynamic Split'!C:C,1,0) -> #N/A
A29: =+VLOOKUP('Dynamic Split'!C32,'Dynamic Split'!T:T,1,0) -> #N/A | C29: =VLOOKUP('Dynamic Split'!T32,'Dynamic Split'!C:C,1,0) -> #N/A
A30: =+VLOOKUP('Dynamic Split'!C33,'Dynamic Split'!T:T,1,0) -> #N/A | C30: =VLOOKUP('Dynamic Split'!T33,'Dynamic Split'!C:C,1,0) -> #N/A
A31: =+VLOOKUP('Dynamic Split'!C34,'Dynamic Split'!T:T,1,0) -> #N/A | C31: =VLOOKUP('Dynamic Split'!T34,'Dynamic Split'!C:C,1,0) -> #N/A
A32: =+VLOOKUP('Dynamic Split'!C35,'Dynamic Split'!T:T,1,0) -> #N/A | C32: =VLOOKUP('Dynamic Split'!T35,'Dynamic Split'!C:C,1,0) -> #N/A
... A72: =+VLOOKUP('Dynamic Split'!C75,'Dynamic Split'!T:T,1,0) -> #N/A | C72: =VLOOKUP('Dynamic Split'!T75,'Dynamic Split'!C:C,1,0) -> #N/A

Sheet Flat Base
A1: Key | B1: Split | C1: Station | D1: Site | E1: Hour | F1: Time | G1: Drop time | H1: SUNDAY (D.T.) | I1: SIG Tools | J1: Map | K1: Notes* | L1: Gates | M1: Entrances | N1: LPR | O1: PTZ | P1: Important Cameras | Q1: ID
A2: =+Tabla3[[#This Row],[Site]]&Tabla3[[#This Row],[Split]] -> (AS) 3281 Storage Lot (NO TOURS)1 | B2: 1 | C2: 1 | D2: (AS) 3281 Storage Lot (NO TOURS) | E2: =VLOOKUP(Tabla3[[#This Row],[Site]],Table35[],10,FALSE) -> 10:00 P.M. | F2: =VLOOKUP(Tabla3[[#This Row],[Site]],Table35[],11,FALSE) -> CT | G2: =VLOOKUP(Tabla3[[#This Row],[Site]],Table35[],12,FALSE) -> 6:00 A.M. | H2: =VLOOKUP(Tabla3[[#This Row],[Site]],Table35[],13,FALSE) -> - | I2: =HYPERLINK(VLOOKUP(Tabla3[[#This Row],[Site]],Table35[#All],9,FALSE)) -> https://tools.sig.systems/site/details/305 | J2: =VLOOKUP(Tabla3[[#This Row],[Site]],Table35[],14,FALSE) -> https://www.google.com/maps/d/edit?hl=es&mid=1uPmsRMsXnp74hPFW2t-sp2totVWF_xY&ll=32.83050137713022%2C-96.83197783061323&z=17 | L2: =VLOOKUP(Tabla3[[#This Row],[Site]],Table35[#All],2,FALSE) -> - | M2: =VLOOKUP(Tabla3[[#This Row],[Site]],Table35[#All],3,FALSE) -> 2, 14 | N2: =VLOOKUP(Tabla3[[#This Row],[Site]],Table35[#All],4,FALSE) -> - | O2: =VLOOKUP(Tabla3[[#This Row],[Site]],Table35[#All],5,FALSE) -> - | P2: =VLOOKUP(Tabla3[[#This Row],[Site]],Table35[#All],6,FALSE) -> 1, 3, 9, 10, 14 | Q2: =VLOOKUP(Tabla3[[#This Row],[Site]],Table35[#All],8,FALSE) -> 305
A3: =+Tabla3[[#This Row],[Site]]&Tabla3[[#This Row],[Split]] -> (AS) Coggin BMW Ft. Pierce (NO TOURS)1 | B3: 1 | C3: 1 | D3: (AS) Coggin BMW Ft. Pierce (NO TOURS) | E3: =VLOOKUP(Tabla3[[#This Row],[Site]],Table35[],10,FALSE) -> 9:00 P.M. | F3: =VLOOKUP(Tabla3[[#This Row],[Site]],Table35[],11,FALSE) -> ET | G3: =VLOOKUP(Tabla3[[#This Row],[Site]],Table35[],12,FALSE) -> 5:00 A.M. | H3: =VLOOKUP(Tabla3[[#This Row],[Site]],Table35[],13,FALSE) -> - | I3: =HYPERLINK(VLOOKUP(Tabla3[[#This Row],[Site]],Table35[#All],9,FALSE)) -> https://tools.sig.systems/site/details/119 | J3: =VLOOKUP(Tabla3[[#This Row],[Site]],Table35[],14,FALSE) -> https://www.google.com/maps/d/viewer?mid=1AyViBuyeq7iwDua1SVudJ2A1BYi3IBA&ll=27.38181516363982%2C-80.32568845000002&z=18 | L3: =VLOOKUP(Tabla3[[#This Row],[Site]],Table35[#All],2,FALSE) -> 3, 10, 13 | M3: =VLOOKUP(Tabla3[[#This Row],[Site]],Table35[#All],3,FALSE) -> - | N3: =VLOOKUP(Tabla3[[#This Row],[Site]],Table35[#All],4,FALSE) -> - | O3: =VLOOKUP(Tabla3[[#This Row],[Site]],Table35[#All],5,FALSE) -> 2 | P3: =VLOOKUP(Tabla3[[#This Row],[Site]],Table35[#All],6,FALSE) -> 1, 20, 27 | Q3: =VLOOKUP(Tabla3[[#This Row],[Site]],Table35[#All],8,FALSE) -> 119
A4: =+Tabla3[[#This Row],[Site]]&Tabla3[[#This Row],[Split]] -> (AS) Coggin Collision Center of Kissimmee (NO TOURS)1 | B4: 1 | C4: 1 | D4: (AS) Coggin Collision Center of Kissimmee (NO TOURS) | E4: =VLOOKUP(Tabla3[[#This Row],[Site]],Table35[],10,FALSE) -> 9:00 P.M. | F4: =VLOOKUP(Tabla3[[#This Row],[Site]],Table35[],11,FALSE) -> ET | G4: =VLOOKUP(Tabla3[[#This Row],[Site]],Table35[],12,FALSE) -> 5:00 A.M. | H4: =VLOOKUP(Tabla3[[#This Row],[Site]],Table35[],13,FALSE) -> - | I4: =HYPERLINK(VLOOKUP(Tabla3[[#This Row],[Site]],Table35[#All],9,FALSE)) -> https://tools.sig.systems/site/details/331 | J4: =VLOOKUP(Tabla3[[#This Row],[Site]],Table35[],14,FALSE) -> 0 | L4: =VLOOKUP(Tabla3[[#This Row],[Site]],Table35[#All],2,FALSE) -> 1, 12 | M4: =VLOOKUP(Tabla3[[#This Row],[Site]],Table35[#All],3,FALSE) -> - | N4: =VLOOKUP(Tabla3[[#This Row],[Site]],Table35[#All],4,FALSE) -> - | O4: =VLOOKUP(Tabla3[[#This Row],[Site]],Table35[#All],5,FALSE) -> - | P4: =VLOOKUP(Tabla3[[#This Row],[Site]],Table35[#All],6,FALSE) -> 2, 7, 9 | Q4: =VLOOKUP(Tabla3[[#This Row],[Site]],Table35[#All],8,FALSE) -> 331
A5: =+Tabla3[[#This Row],[Site]]&Tabla3[[#This Row],[Split]] -> (AS) Coggin Honda of Orlando (NO TOURS)1 | B5: 1 | C5: 1 | D5: (AS) Coggin Honda of Orlando (NO TOURS) | E5: =VLOOKUP(Tabla3[[#This Row],[Site]],Table35[],10,FALSE) -> 9:00 P.M. | F5: =VLOOKUP(Tabla3[[#This Row],[Site]],Table35[],11,FALSE) -> ET | G5: =VLOOKUP(Tabla3[[#This Row],[Site]],Table35[],12,FALSE) -> 5:00 A.M. | H5: =VLOOKUP(Tabla3[[#This Row],[Site]],Table35[],13,FALSE) -> 11:00 A.M. | I5: =HYPERLINK(VLOOKUP(Tabla3[[#This Row],[Site]],Table35[#All],9,FALSE)) -> https://tools.sig.systems/site/details/324 | J5: =VLOOKUP(Tabla3[[#This Row],[Site]],Table35[],14,FALSE) -> 0 | L5: =VLOOKUP(Tabla3[[#This Row],[Site]],Table35[#All],2,FALSE) -> 2, 10, 12B, 14, 38 | M5: =VLOOKUP(Tabla3[[#This Row],[Site]],Table35[#All],3,FALSE) -> - | N5: =VLOOKUP(Tabla3[[#This Row],[Site]],Table35[#All],4,FALSE) -> - | O5: =VLOOKUP(Tabla3[[#This Row],[Site]],Table35[#All],5,FALSE) -> 12, 31 | P5: =VLOOKUP(Tabla3[[#This Row],[Site]],Table35[#All],6,FALSE) -> 12B, 26, 37, 19 | Q5: =VLOOKUP(Tabla3[[#This Row],[Site]],Table35[#All],8,FALSE) -> 324
A6: =+Tabla3[[#This Row],[Site]]&Tabla3[[#This Row],[Split]] -> (AS) Hare Chevrolet (NO TOURS)1 | B6: 1 | C6: 1 | D6: (AS) Hare Chevrolet (NO TOURS) | E6: =VLOOKUP(Tabla3[[#This Row],[Site]],Table35[],10,FALSE) -> 9:00 P.M. | F6: =VLOOKUP(Tabla3[[#This Row],[Site]],Table35[],11,FALSE) -> ET | G6: =VLOOKUP(Tabla3[[#This Row],[Site]],Table35[],12,FALSE) -> 5:00 A.M. | H6: =VLOOKUP(Tabla3[[#This Row],[Site]],Table35[],13,FALSE) -> - | I6: =HYPERLINK(VLOOKUP(Tabla3[[#This Row],[Site]],Table35[#All],9,FALSE)) -> https://tools.sig.systems/site/details/301 | J6: =VLOOKUP(Tabla3[[#This Row],[Site]],Table35[],14,FALSE) -> https://www.google.com/maps/d/edit?mid=1hsX5GGrNcCQgAuzDCDz1OWgEkhsAc78&usp=sharing | L6: =VLOOKUP(Tabla3[[#This Row],[Site]],Table35[#All],2,FALSE) -> 18, 24 | M6: =VLOOKUP(Tabla3[[#This Row],[Site]],Table35[#All],3,FALSE) -> 2, 3 | N6: =VLOOKUP(Tabla3[[#This Row],[Site]],Table35[#All],4,FALSE) -> - | O6: =VLOOKUP(Tabla3[[#This Row],[Site]],Table35[#All],5,FALSE) -> 5 | P6: =VLOOKUP(Tabla3[[#This Row],[Site]],Table35[#All],6,FALSE) -> 1, 5, 7, 8, 21, 29 | Q6: =VLOOKUP(Tabla3[[#This Row],[Site]],Table35[#All],8,FALSE) -> 301
A7: =+Tabla3[[#This Row],[Site]]&Tabla3[[#This Row],[Split]] -> (AS) Hare Truck Center (NO TOURS)1 | B7: 1 | C7: 1 | D7: (AS) Hare Truck Center (NO TOURS) | E7: =VLOOKUP(Tabla3[[#This Row],[Site]],Table35[],10,FALSE) -> 9:00 P.M. | F7: =VLOOKUP(Tabla3[[#This Row],[Site]],Table35[],11,FALSE) -> ET | G7: =VLOOKUP(Tabla3[[#This Row],[Site]],Table35[],12,FALSE) -> 5:00 A.M. | H7: =VLOOKUP(Tabla3[[#This Row],[Site]],Table35[],13,FALSE) -> - | I7: =HYPERLINK(VLOOKUP(Tabla3[[#This Row],[Site]],Table35[#All],9,FALSE)) -> https://tools.sig.systems/site/details/300 | J7: =VLOOKUP(Tabla3[[#This Row],[Site]],Table35[],14,FALSE) -> https://www.google.com/maps/d/edit?mid=1hsX5GGrNcCQgAuzDCDz1OWgEkhsAc78&usp=sharing | L7: =VLOOKUP(Tabla3[[#This Row],[Site]],Table35[#All],2,FALSE) -> - | M7: =VLOOKUP(Tabla3[[#This Row],[Site]],Table35[#All],3,FALSE) -> 1, 5 | N7: =VLOOKUP(Tabla3[[#This Row],[Site]],Table35[#All],4,FALSE) -> - | O7: =VLOOKUP(Tabla3[[#This Row],[Site]],Table35[#All],5,FALSE) -> - | P7: =VLOOKUP(Tabla3[[#This Row],[Site]],Table35[#All],6,FALSE) -> 2, 6, 10, 12, 17 | Q7: =VLOOKUP(Tabla3[[#This Row],[Site]],Table35[#All],8,FALSE) -> 300
A8: =+Tabla3[[#This Row],[Site]]&Tabla3[[#This Row],[Split]] -> (AS) Kahlo CDJR (NO TOURS)1 | B8: 1 | C8: 1 | D8: (AS) Kahlo CDJR (NO TOURS) | E8: =VLOOKUP(Tabla3[[#This Row],[Site]],Table35[],10,FALSE) -> 9:00 P.M. | F8: =VLOOKUP(Tabla3[[#This Row],[Site]],Table35[],11,FALSE) -> ET | G8: =VLOOKUP(Tabla3[[#This Row],[Site]],Table35[],12,FALSE) -> 5:00 A.M. | H8: =VLOOKUP(Tabla3[[#This Row],[Site]],Table35[],13,FALSE) -> - | I8: =HYPERLINK(VLOOKUP(Tabla3[[#This Row],[Site]],Table35[#All],9,FALSE)) -> https://tools.sig.systems/site/details/282 | J8: =VLOOKUP(Tabla3[[#This Row],[Site]],Table35[],14,FALSE) -> https://www.google.com/maps/d/edit?mid=1hsX5GGrNcCQgAuzDCDz1OWgEkhsAc78&usp=sharing | L8: =VLOOKUP(Tabla3[[#This Row],[Site]],Table35[#All],2,FALSE) -> - | M8: =VLOOKUP(Tabla3[[#This Row],[Site]],Table35[#All],3,FALSE) -> 12, 25 | N8: =VLOOKUP(Tabla3[[#This Row],[Site]],Table35[#All],4,FALSE) -> 15, 16 | O8: =VLOOKUP(Tabla3[[#This Row],[Site]],Table35[#All],5,FALSE) -> 20 | P8: =VLOOKUP(Tabla3[[#This Row],[Site]],Table35[#All],6,FALSE) -> 1, 2, 9, 22, 31, 57 | Q8: =VLOOKUP(Tabla3[[#This Row],[Site]],Table35[#All],8,FALSE) -> 282
A9: =+Tabla3[[#This Row],[Site]]&Tabla3[[#This Row],[Split]] -> (AS) Koons Annapolis Toyota (NO TOURS)1 | B9: 1 | C9: 1 | D9: (AS) Koons Annapolis Toyota (NO TOURS) | E9: =VLOOKUP(Tabla3[[#This Row],[Site]],Table35[],10,FALSE) -> 9:00 P.M. | F9: =VLOOKUP(Tabla3[[#This Row],[Site]],Table35[],11,FALSE) -> ET | G9: =VLOOKUP(Tabla3[[#This Row],[Site]],Table35[],12,FALSE) -> 5:00 A.M. | H9: =VLOOKUP(Tabla3[[#This Row],[Site]],Table35[],13,FALSE) -> 0 | I9: =HYPERLINK(VLOOKUP(Tabla3[[#This Row],[Site]],Table35[#All],9,FALSE)) -> https://tools.sig.systems/site/details/337 | J9: =VLOOKUP(Tabla3[[#This Row],[Site]],Table35[],14,FALSE) -> - | L9: =VLOOKUP(Tabla3[[#This Row],[Site]],Table35[#All],2,FALSE) -> 6 | M9: =VLOOKUP(Tabla3[[#This Row],[Site]],Table35[#All],3,FALSE) -> 1, 6, 21 | N9: =VLOOKUP(Tabla3[[#This Row],[Site]],Table35[#All],4,FALSE) -> - | O9: =VLOOKUP(Tabla3[[#This Row],[Site]],Table35[#All],5,FALSE) -> - | P9: =VLOOKUP(Tabla3[[#This Row],[Site]],Table35[#All],6,FALSE) -> 3, 5, 7, 19 | Q9: =VLOOKUP(Tabla3[[#This Row],[Site]],Table35[#All],8,FALSE) -> 337
A10: =+Tabla3[[#This Row],[Site]]&Tabla3[[#This Row],[Split]] -> (AS) Koons Arlington Toyota - New Car (NO TOURS)1 | B10: 1 | C10: 1 | D10: (AS) Koons Arlington Toyota - New Car (NO TOURS) | E10: =VLOOKUP(Tabla3[[#This Row],[Site]],Table35[],10,FALSE) -> 9:00 P.M. | F10: =VLOOKUP(Tabla3[[#This Row],[Site]],Table35[],11,FALSE) -> ET | G10: =VLOOKUP(Tabla3[[#This Row],[Site]],Table35[],12,FALSE) -> 5:00 A.M. | H10: =VLOOKUP(Tabla3[[#This Row],[Site]],Table35[],13,FALSE) -> 10:00 A.M. | I10: =HYPERLINK(VLOOKUP(Tabla3[[#This Row],[Site]],Table35[#All],9,FALSE)) -> https://tools.sig.systems/site/details/334 | J10: =VLOOKUP(Tabla3[[#This Row],[Site]],Table35[],14,FALSE) -> - | L10: =VLOOKUP(Tabla3[[#This Row],[Site]],Table35[#All],2,FALSE) -> - | M10: =VLOOKUP(Tabla3[[#This Row],[Site]],Table35[#All],3,FALSE) -> 1, 3, 12, 15, 17 | N10: =VLOOKUP(Tabla3[[#This Row],[Site]],Table35[#All],4,FALSE) -> - | O10: =VLOOKUP(Tabla3[[#This Row],[Site]],Table35[#All],5,FALSE) -> - | P10: =VLOOKUP(Tabla3[[#This Row],[Site]],Table35[#All],6,FALSE) -> 2, 6, 18, 20 | Q10: =VLOOKUP(Tabla3[[#This Row],[Site]],Table35[#All],8,FALSE) -> 334
A11: =+Tabla3[[#This Row],[Site]]&Tabla3[[#This Row],[Split]] -> (AS) Koons Baltimore Ford - Main Dealership (NO TOURS)1 | B11: 1 | C11: 1 | D11: (AS) Koons Baltimore Ford - Main Dealership (NO TOURS) | E11: =VLOOKUP(Tabla3[[#This Row],[Site]],Table35[],10,FALSE) -> 9:00 P.M. | F11: =VLOOKUP(Tabla3[[#This Row],[Site]],Table35[],11,FALSE) -> ET | G11: =VLOOKUP(Tabla3[[#This Row],[Site]],Table35[],12,FALSE) -> 5:00 A.M. | H11: =VLOOKUP(Tabla3[[#This Row],[Site]],Table35[],13,FALSE) -> - | I11: =HYPERLINK(VLOOKUP(Tabla3[[#This Row],[Site]],Table35[#All],9,FALSE)) -> https://tools.sig.systems/site/details/335 | J11: =VLOOKUP(Tabla3[[#This Row],[Site]],Table35[],14,FALSE) -> - | L11: =VLOOKUP(Tabla3[[#This Row],[Site]],Table35[#All],2,FALSE) -> 21, 22, 24, 32, 45 | M11: =VLOOKUP(Tabla3[[#This Row],[Site]],Table35[#All],3,FALSE) -> 1 | N11: =VLOOKUP(Tabla3[[#This Row],[Site]],Table35[#All],4,FALSE) -> - | O11: =VLOOKUP(Tabla3[[#This Row],[Site]],Table35[#All],5,FALSE) -> 1, 8 | P11: =VLOOKUP(Tabla3[[#This Row],[Site]],Table35[#All],6,FALSE) -> 5, 28, 38 | Q11: =VLOOKUP(Tabla3[[#This Row],[Site]],Table35[#All],8,FALSE) -> 335
A12: =+Tabla3[[#This Row],[Site]]&Tabla3[[#This Row],[Split]] -> (AS) Koons Chevrolet Buick GMC - Clarksville (NO TOURS)1 | B12: 1 | C12: 1 | D12: (AS) Koons Chevrolet Buick GMC - Clarksville (NO TOURS) | E12: =VLOOKUP(Tabla3[[#This Row],[Site]],Table35[],10,FALSE) -> 9:00 P.M. | F12: =VLOOKUP(Tabla3[[#This Row],[Site]],Table35[],11,FALSE) -> ET | G12: =VLOOKUP(Tabla3[[#This Row],[Site]],Table35[],12,FALSE) -> 5:00 A.M. | H12: =VLOOKUP(Tabla3[[#This Row],[Site]],Table35[],13,FALSE) -> 10:00 A.M. | I12: =HYPERLINK(VLOOKUP(Tabla3[[#This Row],[Site]],Table35[#All],9,FALSE)) -> https://tools.sig.systems/site/details/306 | J12: =VLOOKUP(Tabla3[[#This Row],[Site]],Table35[],14,FALSE) -> https://www.google.com/maps/d/edit?hl=es&mid=11XB1lTSP7EcDCDvzypdUPWP6bWCNAEI&ll=39.21145022420528%2C-76.94003711910554&z=17 | L12: =VLOOKUP(Tabla3[[#This Row],[Site]],Table35[#All],2,FALSE) -> - | M12: =VLOOKUP(Tabla3[[#This Row],[Site]],Table35[#All],3,FALSE) -> 1, 22, 26, 28, 29 | N12: =VLOOKUP(Tabla3[[#This Row],[Site]],Table35[#All],4,FALSE) -> - | O12: =VLOOKUP(Tabla3[[#This Row],[Site]],Table35[#All],5,FALSE) -> - | P12: =VLOOKUP(Tabla3[[#This Row],[Site]],Table35[#All],6,FALSE) -> 3, 11, 15, 23 | Q12: =VLOOKUP(Tabla3[[#This Row],[Site]],Table35[#All],8,FALSE) -> 306
A13: =+Tabla3[[#This Row],[Site]]&Tabla3[[#This Row],[Split]] -> (AS) Koons Chevrolet Buick GMC - Clarksville Remote Lot (NO TOURS)1 | B13: 1 | C13: 1 | D13: (AS) Koons Chevrolet Buick GMC - Clarksville Remote Lot (NO TOURS) | E13: =VLOOKUP(Tabla3[[#This Row],[Site]],Table35[],10,FALSE) -> 9:00 P.M. | F13: =VLOOKUP(Tabla3[[#This Row],[Site]],Table35[],11,FALSE) -> ET | G13: =VLOOKUP(Tabla3[[#This Row],[Site]],Table35[],12,FALSE) -> 5:00 A.M. | H13: =VLOOKUP(Tabla3[[#This Row],[Site]],Table35[],13,FALSE) -> 10:00 A.M. | I13: =HYPERLINK(VLOOKUP(Tabla3[[#This Row],[Site]],Table35[#All],9,FALSE)) -> https://tools.sig.systems/site/details/308 | J13: =VLOOKUP(Tabla3[[#This Row],[Site]],Table35[],14,FALSE) -> https://www.google.com/maps/d/edit?hl=es&mid=11XB1lTSP7EcDCDvzypdUPWP6bWCNAEI&ll=39.21145022420528%2C-76.94003711910554&z=21 | L13: =VLOOKUP(Tabla3[[#This Row],[Site]],Table35[#All],2,FALSE) -> - | M13: =VLOOKUP(Tabla3[[#This Row],[Site]],Table35[#All],3,FALSE) -> 1, 5 | N13: =VLOOKUP(Tabla3[[#This Row],[Site]],Table35[#All],4,FALSE) -> - | O13: =VLOOKUP(Tabla3[[#This Row],[Site]],Table35[#All],5,FALSE) -> - | P13: =VLOOKUP(Tabla3[[#This Row],[Site]],Table35[#All],6,FALSE) -> 14, 16 | Q13: =VLOOKUP(Tabla3[[#This Row],[Site]],Table35[#All],8,FALSE) -> 308
... A284: =+Tabla3[[#This Row],[Site]]&Tabla3[[#This Row],[Split]] -> (PE) JLR Englewood (NO TOURS)5 | B284: 5 | C284: 4 | D284: (PE) JLR Englewood (NO TOURS) | E284: =VLOOKUP(Tabla3[[#This Row],[Site]],Table35[],10,FALSE) -> 8:00 P.M. | F284: =VLOOKUP(Tabla3[[#This Row],[Site]],Table35[],11,FALSE) -> ET | G284: =VLOOKUP(Tabla3[[#This Row],[Site]],Table35[],12,FALSE) -> 5:00 A.M. | H284: =VLOOKUP(Tabla3[[#This Row],[Site]],Table35[],13,FALSE) -> - | I284: =HYPERLINK(VLOOKUP(Tabla3[[#This Row],[Site]],Table35[#All],9,FALSE)) -> https://tools.sig.systems/site/details/178 | J284: =VLOOKUP(Tabla3[[#This Row],[Site]],Table35[],14,FALSE) -> https://www.google.com/maps/d/viewer?mid=1ubI2iKs1JyYXssuT4oLPnVvFnyLPi_s&ll=40.878808846788026%2C-73.98560655&z=17 | L284: =VLOOKUP(Tabla3[[#This Row],[Site]],Table35[#All],2,FALSE) -> 1, 2 | M284: =VLOOKUP(Tabla3[[#This Row],[Site]],Table35[#All],3,FALSE) -> - | N284: =VLOOKUP(Tabla3[[#This Row],[Site]],Table35[#All],4,FALSE) -> - | O284: =VLOOKUP(Tabla3[[#This Row],[Site]],Table35[#All],5,FALSE) -> - | P284: =VLOOKUP(Tabla3[[#This Row],[Site]],Table35[#All],6,FALSE) -> - | Q284: =VLOOKUP(Tabla3[[#This Row],[Site]],Table35[#All],8,FALSE) -> 178
A285: =+Tabla3[[#This Row],[Site]]&Tabla3[[#This Row],[Split]] -> (AS) 3281 Storage Lot (NO TOURS)5 | B285: 5 | C285: 5 | D285: (AS) 3281 Storage Lot (NO TOURS) | E285: =VLOOKUP(Tabla3[[#This Row],[Site]],Table35[],10,FALSE) -> 10:00 P.M. | F285: =VLOOKUP(Tabla3[[#This Row],[Site]],Table35[],11,FALSE) -> CT | G285: =VLOOKUP(Tabla3[[#This Row],[Site]],Table35[],12,FALSE) -> 6:00 A.M. | I285: =HYPERLINK(VLOOKUP(Tabla3[[#This Row],[Site]],Table35[#All],9,FALSE)) -> https://tools.sig.systems/site/details/305 | J285: =VLOOKUP(Tabla3[[#This Row],[Site]],Table35[],14,FALSE) -> https://www.google.com/maps/d/edit?hl=es&mid=1uPmsRMsXnp74hPFW2t-sp2totVWF_xY&ll=32.83050137713022%2C-96.83197783061323&z=17 | L285: =VLOOKUP(Tabla3[[#This Row],[Site]],Table35[#All],2,FALSE) -> - | M285: =VLOOKUP(Tabla3[[#This Row],[Site]],Table35[#All],3,FALSE) -> 2, 14 | N285: =VLOOKUP(Tabla3[[#This Row],[Site]],Table35[#All],4,FALSE) -> - | O285: =VLOOKUP(Tabla3[[#This Row],[Site]],Table35[#All],5,FALSE) -> - | P285: =VLOOKUP(Tabla3[[#This Row],[Site]],Table35[#All],6,FALSE) -> 1, 3, 9, 10, 14 | Q285: =VLOOKUP(Tabla3[[#This Row],[Site]],Table35[#All],8,FALSE) -> 305
A286: =+Tabla3[[#This Row],[Site]]&Tabla3[[#This Row],[Split]] -> (AS) Hare Chevrolet (NO TOURS)5 | B286: 5 | C286: 5 | D286: (AS) Hare Chevrolet (NO TOURS) | E286: =VLOOKUP(Tabla3[[#This Row],[Site]],Table35[],10,FALSE) -> 9:00 P.M. | F286: =VLOOKUP(Tabla3[[#This Row],[Site]],Table35[],11,FALSE) -> ET | G286: =VLOOKUP(Tabla3[[#This Row],[Site]],Table35[],12,FALSE) -> 5:00 A.M. | H286: - | I286: =HYPERLINK(VLOOKUP(Tabla3[[#This Row],[Site]],Table35[#All],9,FALSE)) -> https://tools.sig.systems/site/details/301 | J286: =VLOOKUP(Tabla3[[#This Row],[Site]],Table35[],14,FALSE) -> https://www.google.com/maps/d/edit?mid=1hsX5GGrNcCQgAuzDCDz1OWgEkhsAc78&usp=sharing | L286: =VLOOKUP(Tabla3[[#This Row],[Site]],Table35[#All],2,FALSE) -> 18, 24 | M286: =VLOOKUP(Tabla3[[#This Row],[Site]],Table35[#All],3,FALSE) -> 2, 3 | N286: =VLOOKUP(Tabla3[[#This Row],[Site]],Table35[#All],4,FALSE) -> - | O286: =VLOOKUP(Tabla3[[#This Row],[Site]],Table35[#All],5,FALSE) -> 5 | P286: =VLOOKUP(Tabla3[[#This Row],[Site]],Table35[#All],6,FALSE) -> 1, 5, 7, 8, 21, 29 | Q286: =VLOOKUP(Tabla3[[#This Row],[Site]],Table35[#All],8,FALSE) -> 301
A287: =+Tabla3[[#This Row],[Site]]&Tabla3[[#This Row],[Split]] -> (AS) Koons Arlington Toyota - New Car (NO TOURS)5 | B287: 5 | C287: 5 | D287: (AS) Koons Arlington Toyota - New Car (NO TOURS) | E287: =VLOOKUP(Tabla3[[#This Row],[Site]],Table35[],10,FALSE) -> 9:00 P.M. | F287: =VLOOKUP(Tabla3[[#This Row],[Site]],Table35[],11,FALSE) -> ET | G287: =VLOOKUP(Tabla3[[#This Row],[Site]],Table35[],12,FALSE) -> 5:00 A.M. | H287: 11:00 A.M. | I287: =HYPERLINK(VLOOKUP(Tabla3[[#This Row],[Site]],Table35[#All],9,FALSE)) -> https://tools.sig.systems/site/details/334 | J287: =VLOOKUP(Tabla3[[#This Row],[Site]],Table35[],14,FALSE) -> - | L287: =VLOOKUP(Tabla3[[#This Row],[Site]],Table35[#All],2,FALSE) -> - | M287: =VLOOKUP(Tabla3[[#This Row],[Site]],Table35[#All],3,FALSE) -> 1, 3, 12, 15, 17 | N287: =VLOOKUP(Tabla3[[#This Row],[Site]],Table35[#All],4,FALSE) -> - | O287: =VLOOKUP(Tabla3[[#This Row],[Site]],Table35[#All],5,FALSE) -> - | P287: =VLOOKUP(Tabla3[[#This Row],[Site]],Table35[#All],6,FALSE) -> 2, 6, 18, 20 | Q287: =VLOOKUP(Tabla3[[#This Row],[Site]],Table35[#All],8,FALSE) -> 334
A288: =+Tabla3[[#This Row],[Site]]&Tabla3[[#This Row],[Split]] -> (AS) Koons Chevrolet Buick GMC - Tysons Remote Lot (NO TOURS)5 | B288: 5 | C288: 5 | D288: (AS) Koons Chevrolet Buick GMC - Tysons Remote Lot (NO TOURS) | E288: =VLOOKUP(Tabla3[[#This Row],[Site]],Table35[],10,FALSE) -> 9:00 P.M. | F288: =VLOOKUP(Tabla3[[#This Row],[Site]],Table35[],11,FALSE) -> ET | G288: =VLOOKUP(Tabla3[[#This Row],[Site]],Table35[],12,FALSE) -> 5:00 A.M. | H288: - | I288: =HYPERLINK(VLOOKUP(Tabla3[[#This Row],[Site]],Table35[#All],9,FALSE)) -> https://tools.sig.systems/site/details/333 | J288: =VLOOKUP(Tabla3[[#This Row],[Site]],Table35[],14,FALSE) -> - | L288: =VLOOKUP(Tabla3[[#This Row],[Site]],Table35[#All],2,FALSE) -> - | M288: =VLOOKUP(Tabla3[[#This Row],[Site]],Table35[#All],3,FALSE) -> 6 | N288: =VLOOKUP(Tabla3[[#This Row],[Site]],Table35[#All],4,FALSE) -> 1, 2, 3 | O288: =VLOOKUP(Tabla3[[#This Row],[Site]],Table35[#All],5,FALSE) -> 7, 10, 16, 29 | P288: =VLOOKUP(Tabla3[[#This Row],[Site]],Table35[#All],6,FALSE) -> 14, 17, 30 | Q288: =VLOOKUP(Tabla3[[#This Row],[Site]],Table35[#All],8,FALSE) -> 333
A289: =+Tabla3[[#This Row],[Site]]&Tabla3[[#This Row],[Split]] -> (AS) Koons Volvo Cars White Marsh (NO TOURS)5 | B289: 5 | C289: 5 | D289: (AS) Koons Volvo Cars White Marsh (NO TOURS) | E289: =VLOOKUP(Tabla3[[#This Row],[Site]],Table35[],10,FALSE) -> 9:00 P.M. | F289: =VLOOKUP(Tabla3[[#This Row],[Site]],Table35[],11,FALSE) -> ET | G289: =VLOOKUP(Tabla3[[#This Row],[Site]],Table35[],12,FALSE) -> 5:00 A.M. | H289: 10:00 A.M. | I289: =HYPERLINK(VLOOKUP(Tabla3[[#This Row],[Site]],Table35[#All],9,FALSE)) -> https://tools.sig.systems/site/details/338 | J289: =VLOOKUP(Tabla3[[#This Row],[Site]],Table35[],14,FALSE) -> 0 | L289: =VLOOKUP(Tabla3[[#This Row],[Site]],Table35[#All],2,FALSE) -> - | M289: =VLOOKUP(Tabla3[[#This Row],[Site]],Table35[#All],3,FALSE) -> 5, 7, 9 | N289: =VLOOKUP(Tabla3[[#This Row],[Site]],Table35[#All],4,FALSE) -> - | O289: =VLOOKUP(Tabla3[[#This Row],[Site]],Table35[#All],5,FALSE) -> - | P289: =VLOOKUP(Tabla3[[#This Row],[Site]],Table35[#All],6,FALSE) -> 6, 10, 1 | Q289: =VLOOKUP(Tabla3[[#This Row],[Site]],Table35[#All],8,FALSE) -> 338
A290: =+Tabla3[[#This Row],[Site]]&Tabla3[[#This Row],[Split]] -> (BRL) Shoemakersville5 | B290: 5 | C290: 5 | D290: (BRL) Shoemakersville | E290: =VLOOKUP(Tabla3[[#This Row],[Site]],Table35[],10,FALSE) -> 24H | F290: =VLOOKUP(Tabla3[[#This Row],[Site]],Table35[],11,FALSE) -> ET | G290: =VLOOKUP(Tabla3[[#This Row],[Site]],Table35[],12,FALSE) -> - | H290: - | I290: =HYPERLINK(VLOOKUP(Tabla3[[#This Row],[Site]],Table35[#All],9,FALSE)) -> https://tools.sig.systems/site/details/302 | J290: =VLOOKUP(Tabla3[[#This Row],[Site]],Table35[],14,FALSE) -> 0 | L290: =VLOOKUP(Tabla3[[#This Row],[Site]],Table35[#All],2,FALSE) -> - | M290: =VLOOKUP(Tabla3[[#This Row],[Site]],Table35[#All],3,FALSE) -> 8, 11 | N290: =VLOOKUP(Tabla3[[#This Row],[Site]],Table35[#All],4,FALSE) -> - | O290: =VLOOKUP(Tabla3[[#This Row],[Site]],Table35[#All],5,FALSE) -> 1, 6, 13A, 15, 18A | P290: =VLOOKUP(Tabla3[[#This Row],[Site]],Table35[#All],6,FALSE) -> 13B, 23 | Q290: =VLOOKUP(Tabla3[[#This Row],[Site]],Table35[#All],8,FALSE) -> 302
A291: =+Tabla3[[#This Row],[Site]]&Tabla3[[#This Row],[Split]] -> (DT) Arlington5 | B291: 5 | C291: 5 | D291: (DT) Arlington | E291: =VLOOKUP(Tabla3[[#This Row],[Site]],Table35[],10,FALSE) -> 10:00 P.M. | F291: =VLOOKUP(Tabla3[[#This Row],[Site]],Table35[],11,FALSE) -> CT | G291: =VLOOKUP(Tabla3[[#This Row],[Site]],Table35[],12,FALSE) -> 6:00 A.M. | H291: - | I291: =HYPERLINK(VLOOKUP(Tabla3[[#This Row],[Site]],Table35[#All],9,FALSE)) -> https://tools.sig.systems/site/details/199 | J291: =VLOOKUP(Tabla3[[#This Row],[Site]],Table35[],14,FALSE) -> - | L291: =VLOOKUP(Tabla3[[#This Row],[Site]],Table35[#All],2,FALSE) -> 3,8 | M291: =VLOOKUP(Tabla3[[#This Row],[Site]],Table35[#All],3,FALSE) -> - | N291: =VLOOKUP(Tabla3[[#This Row],[Site]],Table35[#All],4,FALSE) -> - | O291: =VLOOKUP(Tabla3[[#This Row],[Site]],Table35[#All],5,FALSE) -> - | P291: =VLOOKUP(Tabla3[[#This Row],[Site]],Table35[#All],6,FALSE) -> 3, 8, 7 | Q291: =VLOOKUP(Tabla3[[#This Row],[Site]],Table35[#All],8,FALSE) -> 199
A292: =+Tabla3[[#This Row],[Site]]&Tabla3[[#This Row],[Split]] -> (LT) Luther Bloomington Hyundai (NO TOURS)5 | B292: 5 | C292: 5 | D292: (LT) Luther Bloomington Hyundai (NO TOURS) | E292: =VLOOKUP(Tabla3[[#This Row],[Site]],Table35[],10,FALSE) -> 10:00 P.M. | F292: =VLOOKUP(Tabla3[[#This Row],[Site]],Table35[],11,FALSE) -> CT | G292: =VLOOKUP(Tabla3[[#This Row],[Site]],Table35[],12,FALSE) -> 4:00 A.M. | H292: - | I292: =HYPERLINK(VLOOKUP(Tabla3[[#This Row],[Site]],Table35[#All],9,FALSE)) -> https://tools.sig.systems/site/details/318 | J292: =VLOOKUP(Tabla3[[#This Row],[Site]],Table35[],14,FALSE) -> 0 | L292: =VLOOKUP(Tabla3[[#This Row],[Site]],Table35[#All],2,FALSE) -> - | M292: =VLOOKUP(Tabla3[[#This Row],[Site]],Table35[#All],3,FALSE) -> 6, 9, 13 | N292: =VLOOKUP(Tabla3[[#This Row],[Site]],Table35[#All],4,FALSE) -> 58, 59 | O292: =VLOOKUP(Tabla3[[#This Row],[Site]],Table35[#All],5,FALSE) -> 10 | P292: =VLOOKUP(Tabla3[[#This Row],[Site]],Table35[#All],6,FALSE) -> 11, 18 | Q292: =VLOOKUP(Tabla3[[#This Row],[Site]],Table35[#All],8,FALSE) -> 318
A293: =+Tabla3[[#This Row],[Site]]&Tabla3[[#This Row],[Split]] -> (LT) Luther Landers Recon Center5 | B293: 5 | C293: 5 | D293: (LT) Luther Landers Recon Center | E293: =VLOOKUP(Tabla3[[#This Row],[Site]],Table35[],10,FALSE) -> 10:00 P.M. | F293: =VLOOKUP(Tabla3[[#This Row],[Site]],Table35[],11,FALSE) -> CT | G293: =VLOOKUP(Tabla3[[#This Row],[Site]],Table35[],12,FALSE) -> 6:00 A.M. | H293: - | I293: =HYPERLINK(VLOOKUP(Tabla3[[#This Row],[Site]],Table35[#All],9,FALSE)) -> https://tools.sig.systems/site/details/323 | J293: =VLOOKUP(Tabla3[[#This Row],[Site]],Table35[],14,FALSE) -> https://www.google.com/maps/d/u/1/edit?mid=1-zEzsc6U6nZom08edp0XAd3_HYFvAyk&usp=sharing | L293: =VLOOKUP(Tabla3[[#This Row],[Site]],Table35[#All],2,FALSE) -> 2, 4 | M293: =VLOOKUP(Tabla3[[#This Row],[Site]],Table35[#All],3,FALSE) -> - | N293: =VLOOKUP(Tabla3[[#This Row],[Site]],Table35[#All],4,FALSE) -> - | O293: =VLOOKUP(Tabla3[[#This Row],[Site]],Table35[#All],5,FALSE) -> - | P293: =VLOOKUP(Tabla3[[#This Row],[Site]],Table35[#All],6,FALSE) -> 3, 9, 11 | Q293: =VLOOKUP(Tabla3[[#This Row],[Site]],Table35[#All],8,FALSE) -> 323
A294: =+Tabla3[[#This Row],[Site]]&Tabla3[[#This Row],[Split]] -> (LT) Luther St. Cloud Subaru5 | B294: 5 | C294: 5 | D294: (LT) Luther St. Cloud Subaru | E294: =VLOOKUP(Tabla3[[#This Row],[Site]],Table35[],10,FALSE) -> 10:00 P.M. | F294: =VLOOKUP(Tabla3[[#This Row],[Site]],Table35[],11,FALSE) -> CT | G294: =VLOOKUP(Tabla3[[#This Row],[Site]],Table35[],12,FALSE) -> 5:30 A.M. | H294: - | I294: =HYPERLINK(VLOOKUP(Tabla3[[#This Row],[Site]],Table35[#All],9,FALSE)) -> https://tools.sig.systems/site/details/295 | J294: =VLOOKUP(Tabla3[[#This Row],[Site]],Table35[],14,FALSE) -> 0 | L294: =VLOOKUP(Tabla3[[#This Row],[Site]],Table35[#All],2,FALSE) -> 25, 31 | M294: =VLOOKUP(Tabla3[[#This Row],[Site]],Table35[#All],3,FALSE) -> 9, 13, 20 | N294: =VLOOKUP(Tabla3[[#This Row],[Site]],Table35[#All],4,FALSE) -> 38, 39, 40, 41 | O294: =VLOOKUP(Tabla3[[#This Row],[Site]],Table35[#All],5,FALSE) -> 27 | P294: =VLOOKUP(Tabla3[[#This Row],[Site]],Table35[#All],6,FALSE) -> 2, 6, 8, 11, 14, 19, 23, 26 | Q294: =VLOOKUP(Tabla3[[#This Row],[Site]],Table35[#All],8,FALSE) -> 295
A295: =+Tabla3[[#This Row],[Site]]&Tabla3[[#This Row],[Split]] -> (SCH) Schumacher of Delray I & III5 | B295: 5 | C295: 5 | D295: (SCH) Schumacher of Delray I & III | E295: =VLOOKUP(Tabla3[[#This Row],[Site]],Table35[],10,FALSE) -> 9:00 P.M. | F295: =VLOOKUP(Tabla3[[#This Row],[Site]],Table35[],11,FALSE) -> ET | G295: =VLOOKUP(Tabla3[[#This Row],[Site]],Table35[],12,FALSE) -> 5:00 A.M. | H295: - | I295: =HYPERLINK(VLOOKUP(Tabla3[[#This Row],[Site]],Table35[#All],9,FALSE)) -> https://tools.sig.systems/site/details/159 | J295: =VLOOKUP(Tabla3[[#This Row],[Site]],Table35[],14,FALSE) -> https://www.google.com/maps/d/viewer?mid=1ZLGV-cDM9aCfovhmXHIAXgVOKts0dEI&ll=26.438859950088858%2C-80.07968125000001&z=16 | L295: =VLOOKUP(Tabla3[[#This Row],[Site]],Table35[#All],2,FALSE) -> 11, 21, 22, 57, 69 | M295: =VLOOKUP(Tabla3[[#This Row],[Site]],Table35[#All],3,FALSE) -> 2, 16, 46 | N295: =VLOOKUP(Tabla3[[#This Row],[Site]],Table35[#All],4,FALSE) -> - | O295: =VLOOKUP(Tabla3[[#This Row],[Site]],Table35[#All],5,FALSE) -> - | P295: =VLOOKUP(Tabla3[[#This Row],[Site]],Table35[#All],6,FALSE) -> 24, 39 | Q295: =VLOOKUP(Tabla3[[#This Row],[Site]],Table35[#All],8,FALSE) -> 159
A296: =+Tabla3[[#This Row],[Site]]&Tabla3[[#This Row],[Split]] -> (TC) Lamborghini South Dade5 | B296: 5 | C296: 5 | D296: (TC) Lamborghini South Dade | E296: =VLOOKUP(Tabla3[[#This Row],[Site]],Table35[],10,FALSE) -> 9:00 P.M. | F296: =VLOOKUP(Tabla3[[#This Row],[Site]],Table35[],11,FALSE) -> ET | G296: =VLOOKUP(Tabla3[[#This Row],[Site]],Table35[],12,FALSE) -> 5:00 A.M. | H296: - | I296: =HYPERLINK(VLOOKUP(Tabla3[[#This Row],[Site]],Table35[#All],9,FALSE)) -> https://tools.sig.systems/site/details/313 | J296: =VLOOKUP(Tabla3[[#This Row],[Site]],Table35[],14,FALSE) -> 0 | L296: =VLOOKUP(Tabla3[[#This Row],[Site]],Table35[#All],2,FALSE) -> - | M296: =VLOOKUP(Tabla3[[#This Row],[Site]],Table35[#All],3,FALSE) -> 9, 11 | N296: =VLOOKUP(Tabla3[[#This Row],[Site]],Table35[#All],4,FALSE) -> - | O296: =VLOOKUP(Tabla3[[#This Row],[Site]],Table35[#All],5,FALSE) -> - | P296: =VLOOKUP(Tabla3[[#This Row],[Site]],Table35[#All],6,FALSE) -> - | Q296: =VLOOKUP(Tabla3[[#This Row],[Site]],Table35[#All],8,FALSE) -> 313
A297: =+Tabla3[[#This Row],[Site]]&Tabla3[[#This Row],[Split]] -> (AS) 3281 Storage Lot (NO TOURS)6 | B297: 6 | C297: 1 | D297: (AS) 3281 Storage Lot (NO TOURS) | E297: =VLOOKUP(Tabla3[[#This Row],[Site]],Table35[],10,FALSE) -> 10:00 P.M. | F297: =VLOOKUP(Tabla3[[#This Row],[Site]],Table35[],11,FALSE) -> CT | G297: =VLOOKUP(Tabla3[[#This Row],[Site]],Table35[],12,FALSE) -> 6:00 A.M. | H297: 10:00 A.M. | I297: =HYPERLINK(VLOOKUP(Tabla3[[#This Row],[Site]],Table35[#All],9,FALSE)) -> https://tools.sig.systems/site/details/305 | J297: =VLOOKUP(Tabla3[[#This Row],[Site]],Table35[],14,FALSE) -> https://www.google.com/maps/d/edit?hl=es&mid=1uPmsRMsXnp74hPFW2t-sp2totVWF_xY&ll=32.83050137713022%2C-96.83197783061323&z=17 | L297: =VLOOKUP(Tabla3[[#This Row],[Site]],Table35[#All],2,FALSE) -> - | M297: =VLOOKUP(Tabla3[[#This Row],[Site]],Table35[#All],3,FALSE) -> 2, 14 | N297: =VLOOKUP(Tabla3[[#This Row],[Site]],Table35[#All],4,FALSE) -> - | O297: =VLOOKUP(Tabla3[[#This Row],[Site]],Table35[#All],5,FALSE) -> - | P297: =VLOOKUP(Tabla3[[#This Row],[Site]],Table35[#All],6,FALSE) -> 1, 3, 9, 10, 14 | Q297: =VLOOKUP(Tabla3[[#This Row],[Site]],Table35[#All],8,FALSE) -> 305
... A327: =+Tabla3[[#This Row],[Site]]&Tabla3[[#This Row],[Split]] -> (PE) MB of Greenwich6 | B327: 6 | C327: 3 | D327: (PE) MB of Greenwich | E327: =VLOOKUP(Tabla3[[#This Row],[Site]],Table35[],10,FALSE) -> 8:00 P.M. | F327: =VLOOKUP(Tabla3[[#This Row],[Site]],Table35[],11,FALSE) -> ET | G327: =VLOOKUP(Tabla3[[#This Row],[Site]],Table35[],12,FALSE) -> 5:00 A.M. | H327: - | I327: =HYPERLINK(VLOOKUP(Tabla3[[#This Row],[Site]],Table35[#All],9,FALSE)) -> https://tools.sig.systems/site/details/188 | J327: =VLOOKUP(Tabla3[[#This Row],[Site]],Table35[],14,FALSE) -> https://www.google.com/maps/d/edit?hl=en&mid=1UHmt7tH1ihTa85i0MfQIcTfVvIQg_vM&ll=41.02423447529239%2C-73.63721502222738&z=18 | L327: =VLOOKUP(Tabla3[[#This Row],[Site]],Table35[#All],2,FALSE) -> 1, 2, 8 | M327: =VLOOKUP(Tabla3[[#This Row],[Site]],Table35[#All],3,FALSE) -> 13, 14, 20, 26, 40 | N327: =VLOOKUP(Tabla3[[#This Row],[Site]],Table35[#All],4,FALSE) -> - | O327: =VLOOKUP(Tabla3[[#This Row],[Site]],Table35[#All],5,FALSE) -> - | P327: =VLOOKUP(Tabla3[[#This Row],[Site]],Table35[#All],6,FALSE) -> 29 | Q327: =VLOOKUP(Tabla3[[#This Row],[Site]],Table35[#All],8,FALSE) -> 188
A328: =+Tabla3[[#This Row],[Site]]&Tabla3[[#This Row],[Split]] -> Mario Residence6 | B328: 6 | C328: 3 | D328: Mario Residence | E328: =VLOOKUP(Tabla3[[#This Row],[Site]],Table35[],10,FALSE) -> 24H | F328: =VLOOKUP(Tabla3[[#This Row],[Site]],Table35[],11,FALSE) -> ET | G328: =VLOOKUP(Tabla3[[#This Row],[Site]],Table35[],12,FALSE) -> - | I328: =HYPERLINK(VLOOKUP(Tabla3[[#This Row],[Site]],Table35[#All],9,FALSE)) -> https://tools.sig.systems/site/details/148 | J328: =VLOOKUP(Tabla3[[#This Row],[Site]],Table35[],14,FALSE) -> https://www.google.com/maps/d/edit?hl=es&mid=13OmECPqyeB7fXgZmEoM9cnG34HU_v5g&ll=26.046837034777553%2C-80.38753458591658&z=19 | L328: =VLOOKUP(Tabla3[[#This Row],[Site]],Table35[#All],2,FALSE) -> 7, 8 | M328: =VLOOKUP(Tabla3[[#This Row],[Site]],Table35[#All],3,FALSE) -> 7, 8 | N328: =VLOOKUP(Tabla3[[#This Row],[Site]],Table35[#All],4,FALSE) -> - | O328: =VLOOKUP(Tabla3[[#This Row],[Site]],Table35[#All],5,FALSE) -> - | P328: =VLOOKUP(Tabla3[[#This Row],[Site]],Table35[#All],6,FALSE) -> 4,12,13 | Q328: =VLOOKUP(Tabla3[[#This Row],[Site]],Table35[#All],8,FALSE) -> 148
A329: =+Tabla3[[#This Row],[Site]]&Tabla3[[#This Row],[Split]] -> (AS) Coggin Honda of Orlando (NO TOURS)6 | B329: 6 | C329: 4 | D329: (AS) Coggin Honda of Orlando (NO TOURS) | E329: =VLOOKUP(Tabla3[[#This Row],[Site]],Table35[],10,FALSE) -> 9:00 P.M. | F329: =VLOOKUP(Tabla3[[#This Row],[Site]],Table35[],11,FALSE) -> ET | G329: =VLOOKUP(Tabla3[[#This Row],[Site]],Table35[],12,FALSE) -> 5:00 A.M. | H329: - | I329: =HYPERLINK(VLOOKUP(Tabla3[[#This Row],[Site]],Table35[#All],9,FALSE)) -> https://tools.sig.systems/site/details/324 | J329: =VLOOKUP(Tabla3[[#This Row],[Site]],Table35[],14,FALSE) -> 0 | L329: =VLOOKUP(Tabla3[[#This Row],[Site]],Table35[#All],2,FALSE) -> 2, 10, 12B, 14, 38 | M329: =VLOOKUP(Tabla3[[#This Row],[Site]],Table35[#All],3,FALSE) -> - | N329: =VLOOKUP(Tabla3[[#This Row],[Site]],Table35[#All],4,FALSE) -> - | O329: =VLOOKUP(Tabla3[[#This Row],[Site]],Table35[#All],5,FALSE) -> 12, 31 | P329: =VLOOKUP(Tabla3[[#This Row],[Site]],Table35[#All],6,FALSE) -> 12B, 26, 37, 19 | Q329: =VLOOKUP(Tabla3[[#This Row],[Site]],Table35[#All],8,FALSE) -> 324
A330: =+Tabla3[[#This Row],[Site]]&Tabla3[[#This Row],[Split]] -> (AS) Kahlo CDJR (NO TOURS)6 | B330: 6 | C330: 4 | D330: (AS) Kahlo CDJR (NO TOURS) | E330: =VLOOKUP(Tabla3[[#This Row],[Site]],Table35[],10,FALSE) -> 9:00 P.M. | F330: =VLOOKUP(Tabla3[[#This Row],[Site]],Table35[],11,FALSE) -> ET | G330: =VLOOKUP(Tabla3[[#This Row],[Site]],Table35[],12,FALSE) -> 5:00 A.M. | H330: 11:00 A.M. | I330: =HYPERLINK(VLOOKUP(Tabla3[[#This Row],[Site]],Table35[#All],9,FALSE)) -> https://tools.sig.systems/site/details/282 | J330: =VLOOKUP(Tabla3[[#This Row],[Site]],Table35[],14,FALSE) -> https://www.google.com/maps/d/edit?mid=1hsX5GGrNcCQgAuzDCDz1OWgEkhsAc78&usp=sharing | L330: =VLOOKUP(Tabla3[[#This Row],[Site]],Table35[#All],2,FALSE) -> - | M330: =VLOOKUP(Tabla3[[#This Row],[Site]],Table35[#All],3,FALSE) -> 12, 25 | N330: =VLOOKUP(Tabla3[[#This Row],[Site]],Table35[#All],4,FALSE) -> 15, 16 | O330: =VLOOKUP(Tabla3[[#This Row],[Site]],Table35[#All],5,FALSE) -> 20 | P330: =VLOOKUP(Tabla3[[#This Row],[Site]],Table35[#All],6,FALSE) -> 1, 2, 9, 22, 31, 57 | Q330: =VLOOKUP(Tabla3[[#This Row],[Site]],Table35[#All],8,FALSE) -> 282
A331: =+Tabla3[[#This Row],[Site]]&Tabla3[[#This Row],[Split]] -> (AS) Koons Baltimore Ford - Main Dealership (NO TOURS)6 | B331: 6 | C331: 4 | D331: (AS) Koons Baltimore Ford - Main Dealership (NO TOURS) | E331: =VLOOKUP(Tabla3[[#This Row],[Site]],Table35[],10,FALSE) -> 9:00 P.M. | F331: =VLOOKUP(Tabla3[[#This Row],[Site]],Table35[],11,FALSE) -> ET | G331: =VLOOKUP(Tabla3[[#This Row],[Site]],Table35[],12,FALSE) -> 5:00 A.M. | H331: - | I331: =HYPERLINK(VLOOKUP(Tabla3[[#This Row],[Site]],Table35[#All],9,FALSE)) -> https://tools.sig.systems/site/details/335 | J331: =VLOOKUP(Tabla3[[#This Row],[Site]],Table35[],14,FALSE) -> - | L331: =VLOOKUP(Tabla3[[#This Row],[Site]],Table35[#All],2,FALSE) -> 21, 22, 24, 32, 45 | M331: =VLOOKUP(Tabla3[[#This Row],[Site]],Table35[#All],3,FALSE) -> 1 | N331: =VLOOKUP(Tabla3[[#This Row],[Site]],Table35[#All],4,FALSE) -> - | O331: =VLOOKUP(Tabla3[[#This Row],[Site]],Table35[#All],5,FALSE) -> 1, 8 | P331: =VLOOKUP(Tabla3[[#This Row],[Site]],Table35[#All],6,FALSE) -> 5, 28, 38 | Q331: =VLOOKUP(Tabla3[[#This Row],[Site]],Table35[#All],8,FALSE) -> 335
A332: =+Tabla3[[#This Row],[Site]]&Tabla3[[#This Row],[Split]] -> (AS) Koons Easton Toyota - Main Dealership (NO TOURS)6 | B332: 6 | C332: 4 | D332: (AS) Koons Easton Toyota - Main Dealership (NO TOURS) | E332: =VLOOKUP(Tabla3[[#This Row],[Site]],Table35[],10,FALSE) -> 9:00 P.M. | F332: =VLOOKUP(Tabla3[[#This Row],[Site]],Table35[],11,FALSE) -> ET | G332: =VLOOKUP(Tabla3[[#This Row],[Site]],Table35[],12,FALSE) -> 5:00 A.M. | H332: - | I332: =HYPERLINK(VLOOKUP(Tabla3[[#This Row],[Site]],Table35[#All],9,FALSE)) -> https://tools.sig.systems/site/details/340 | J332: =VLOOKUP(Tabla3[[#This Row],[Site]],Table35[],14,FALSE) -> - | L332: =VLOOKUP(Tabla3[[#This Row],[Site]],Table35[#All],2,FALSE) -> - | M332: =VLOOKUP(Tabla3[[#This Row],[Site]],Table35[#All],3,FALSE) -> 4, 5 | N332: =VLOOKUP(Tabla3[[#This Row],[Site]],Table35[#All],4,FALSE) -> - | O332: =VLOOKUP(Tabla3[[#This Row],[Site]],Table35[#All],5,FALSE) -> - | P332: =VLOOKUP(Tabla3[[#This Row],[Site]],Table35[#All],6,FALSE) -> 8, 15 | Q332: =VLOOKUP(Tabla3[[#This Row],[Site]],Table35[#All],8,FALSE) -> 340
A333: =+Tabla3[[#This Row],[Site]]&Tabla3[[#This Row],[Split]] -> (AS) Plaza Mercedes Benz West (NO TOURS)6 | B333: 6 | C333: 4 | D333: (AS) Plaza Mercedes Benz West (NO TOURS) | E333: =VLOOKUP(Tabla3[[#This Row],[Site]],Table35[],10,FALSE) -> 10:00 P.M. | F333: =VLOOKUP(Tabla3[[#This Row],[Site]],Table35[],11,FALSE) -> CT | G333: =VLOOKUP(Tabla3[[#This Row],[Site]],Table35[],12,FALSE) -> 6:00 A.M. | H333: - | I333: =HYPERLINK(VLOOKUP(Tabla3[[#This Row],[Site]],Table35[#All],9,FALSE)) -> https://tools.sig.systems/site/details/349 | J333: =VLOOKUP(Tabla3[[#This Row],[Site]],Table35[],14,FALSE) -> - | L333: =VLOOKUP(Tabla3[[#This Row],[Site]],Table35[#All],2,FALSE) -> - | M333: =VLOOKUP(Tabla3[[#This Row],[Site]],Table35[#All],3,FALSE) -> 1, 7 | N333: =VLOOKUP(Tabla3[[#This Row],[Site]],Table35[#All],4,FALSE) -> - | O333: =VLOOKUP(Tabla3[[#This Row],[Site]],Table35[#All],5,FALSE) -> 17 | P333: =VLOOKUP(Tabla3[[#This Row],[Site]],Table35[#All],6,FALSE) -> 6, 21 | Q333: =VLOOKUP(Tabla3[[#This Row],[Site]],Table35[#All],8,FALSE) -> 349
A334: =+Tabla3[[#This Row],[Site]]&Tabla3[[#This Row],[Split]] -> (LT) Landers Kia of Little Rock6 | B334: 6 | C334: 4 | D334: (LT) Landers Kia of Little Rock | E334: =VLOOKUP(Tabla3[[#This Row],[Site]],Table35[],10,FALSE) -> 10:00 P.M. | F334: =VLOOKUP(Tabla3[[#This Row],[Site]],Table35[],11,FALSE) -> CT | G334: =VLOOKUP(Tabla3[[#This Row],[Site]],Table35[],12,FALSE) -> 6:00 A.M. | H334: - | I334: =HYPERLINK(VLOOKUP(Tabla3[[#This Row],[Site]],Table35[#All],9,FALSE)) -> https://tools.sig.systems/site/details/322 | J334: =VLOOKUP(Tabla3[[#This Row],[Site]],Table35[],14,FALSE) -> https://www.google.com/maps/d/u/1/edit?mid=1-zEzsc6U6nZom08edp0XAd3_HYFvAyk&usp=sharing | L334: =VLOOKUP(Tabla3[[#This Row],[Site]],Table35[#All],2,FALSE) -> 5, 9, 33, 19 | M334: =VLOOKUP(Tabla3[[#This Row],[Site]],Table35[#All],3,FALSE) -> - | N334: =VLOOKUP(Tabla3[[#This Row],[Site]],Table35[#All],4,FALSE) -> 4, 10 | O334: =VLOOKUP(Tabla3[[#This Row],[Site]],Table35[#All],5,FALSE) -> 1, 35 | P334: =VLOOKUP(Tabla3[[#This Row],[Site]],Table35[#All],6,FALSE) -> 5, 9, 12, 14, 18, 26, 29 | Q334: =VLOOKUP(Tabla3[[#This Row],[Site]],Table35[#All],8,FALSE) -> 322
A335: =+Tabla3[[#This Row],[Site]]&Tabla3[[#This Row],[Split]] -> (LT) Luther North Country Ford6 | B335: 6 | C335: 4 | D335: (LT) Luther North Country Ford | E335: =VLOOKUP(Tabla3[[#This Row],[Site]],Table35[],10,FALSE) -> 10:00 P.M. | F335: =VLOOKUP(Tabla3[[#This Row],[Site]],Table35[],11,FALSE) -> CT | G335: =VLOOKUP(Tabla3[[#This Row],[Site]],Table35[],12,FALSE) -> 6:00 A.M. | H335: - | I335: =HYPERLINK(VLOOKUP(Tabla3[[#This Row],[Site]],Table35[#All],9,FALSE)) -> https://tools.sig.systems/site/details/292 | J335: =VLOOKUP(Tabla3[[#This Row],[Site]],Table35[],14,FALSE) -> 0 | L335: =VLOOKUP(Tabla3[[#This Row],[Site]],Table35[#All],2,FALSE) -> - | M335: =VLOOKUP(Tabla3[[#This Row],[Site]],Table35[#All],3,FALSE) -> 7, 14, 19 | N335: =VLOOKUP(Tabla3[[#This Row],[Site]],Table35[#All],4,FALSE) -> 30, 31, 32 | O335: =VLOOKUP(Tabla3[[#This Row],[Site]],Table35[#All],5,FALSE) -> - | P335: =VLOOKUP(Tabla3[[#This Row],[Site]],Table35[#All],6,FALSE) -> 1, 4, 9, 13, 15, 16B, 25 | Q335: =VLOOKUP(Tabla3[[#This Row],[Site]],Table35[#All],8,FALSE) -> 292
A336: =+Tabla3[[#This Row],[Site]]&Tabla3[[#This Row],[Split]] -> (PE) JLR Darien (NO TOURS)6 | B336: 6 | C336: 4 | D336: (PE) JLR Darien (NO TOURS) | E336: =VLOOKUP(Tabla3[[#This Row],[Site]],Table35[],10,FALSE) -> 8:00 P.M. | F336: =VLOOKUP(Tabla3[[#This Row],[Site]],Table35[],11,FALSE) -> ET | G336: =VLOOKUP(Tabla3[[#This Row],[Site]],Table35[],12,FALSE) -> 5:00 A.M. | H336: - | I336: =HYPERLINK(VLOOKUP(Tabla3[[#This Row],[Site]],Table35[#All],9,FALSE)) -> https://tools.sig.systems/site/details/189 | J336: =VLOOKUP(Tabla3[[#This Row],[Site]],Table35[],14,FALSE) -> - | L336: =VLOOKUP(Tabla3[[#This Row],[Site]],Table35[#All],2,FALSE) -> 1, 13 | M336: =VLOOKUP(Tabla3[[#This Row],[Site]],Table35[#All],3,FALSE) -> - | N336: =VLOOKUP(Tabla3[[#This Row],[Site]],Table35[#All],4,FALSE) -> - | O336: =VLOOKUP(Tabla3[[#This Row],[Site]],Table35[#All],5,FALSE) -> - | P336: =VLOOKUP(Tabla3[[#This Row],[Site]],Table35[#All],6,FALSE) -> - | Q336: =VLOOKUP(Tabla3[[#This Row],[Site]],Table35[#All],8,FALSE) -> 189
A337: =+Tabla3[[#This Row],[Site]]&Tabla3[[#This Row],[Split]] -> (AS) Hare Chevrolet (NO TOURS)6 | B337: 6 | C337: 5 | D337: (AS) Hare Chevrolet (NO TOURS) | E337: =VLOOKUP(Tabla3[[#This Row],[Site]],Table35[],10,FALSE) -> 9:00 P.M. | F337: =VLOOKUP(Tabla3[[#This Row],[Site]],Table35[],11,FALSE) -> ET | G337: =VLOOKUP(Tabla3[[#This Row],[Site]],Table35[],12,FALSE) -> 5:00 A.M. | H337: - | I337: =HYPERLINK(VLOOKUP(Tabla3[[#This Row],[Site]],Table35[#All],9,FALSE)) -> https://tools.sig.systems/site/details/301 | J337: =VLOOKUP(Tabla3[[#This Row],[Site]],Table35[],14,FALSE) -> https://www.google.com/maps/d/edit?mid=1hsX5GGrNcCQgAuzDCDz1OWgEkhsAc78&usp=sharing | L337: =VLOOKUP(Tabla3[[#This Row],[Site]],Table35[#All],2,FALSE) -> 18, 24 | M337: =VLOOKUP(Tabla3[[#This Row],[Site]],Table35[#All],3,FALSE) -> 2, 3 | N337: =VLOOKUP(Tabla3[[#This Row],[Site]],Table35[#All],4,FALSE) -> - | O337: =VLOOKUP(Tabla3[[#This Row],[Site]],Table35[#All],5,FALSE) -> 5 | P337: =VLOOKUP(Tabla3[[#This Row],[Site]],Table35[#All],6,FALSE) -> 1, 5, 7, 8, 21, 29 | Q337: =VLOOKUP(Tabla3[[#This Row],[Site]],Table35[#All],8,FALSE) -> 301
A338: =+Tabla3[[#This Row],[Site]]&Tabla3[[#This Row],[Split]] -> (AS) Koons Woodbridge Hyundai (NO TOURS)6 | B338: 6 | C338: 5 | D338: (AS) Koons Woodbridge Hyundai (NO TOURS) | E338: =VLOOKUP(Tabla3[[#This Row],[Site]],Table35[],10,FALSE) -> 9:00 P.M. | F338: =VLOOKUP(Tabla3[[#This Row],[Site]],Table35[],11,FALSE) -> ET | G338: =VLOOKUP(Tabla3[[#This Row],[Site]],Table35[],12,FALSE) -> 5:00 A.M. | H338: - | I338: =HYPERLINK(VLOOKUP(Tabla3[[#This Row],[Site]],Table35[#All],9,FALSE)) -> https://tools.sig.systems/site/details/347 | J338: =VLOOKUP(Tabla3[[#This Row],[Site]],Table35[],14,FALSE) -> - | L338: =VLOOKUP(Tabla3[[#This Row],[Site]],Table35[#All],2,FALSE) -> - | M338: =VLOOKUP(Tabla3[[#This Row],[Site]],Table35[#All],3,FALSE) -> 1, 17 | N338: =VLOOKUP(Tabla3[[#This Row],[Site]],Table35[#All],4,FALSE) -> - | O338: =VLOOKUP(Tabla3[[#This Row],[Site]],Table35[#All],5,FALSE) -> - | P338: =VLOOKUP(Tabla3[[#This Row],[Site]],Table35[#All],6,FALSE) -> 4, 14, 22 | Q338: =VLOOKUP(Tabla3[[#This Row],[Site]],Table35[#All],8,FALSE) -> 347
A339: =+Tabla3[[#This Row],[Site]]&Tabla3[[#This Row],[Split]] -> (BRL) Shoemakersville6 | B339: 6 | C339: 5 | D339: (BRL) Shoemakersville | E339: =VLOOKUP(Tabla3[[#This Row],[Site]],Table35[],10,FALSE) -> 24H | F339: =VLOOKUP(Tabla3[[#This Row],[Site]],Table35[],11,FALSE) -> ET | G339: =VLOOKUP(Tabla3[[#This Row],[Site]],Table35[],12,FALSE) -> - | H339: - | I339: =HYPERLINK(VLOOKUP(Tabla3[[#This Row],[Site]],Table35[#All],9,FALSE)) -> https://tools.sig.systems/site/details/302 | J339: =VLOOKUP(Tabla3[[#This Row],[Site]],Table35[],14,FALSE) -> 0 | L339: =VLOOKUP(Tabla3[[#This Row],[Site]],Table35[#All],2,FALSE) -> - | M339: =VLOOKUP(Tabla3[[#This Row],[Site]],Table35[#All],3,FALSE) -> 8, 11 | N339: =VLOOKUP(Tabla3[[#This Row],[Site]],Table35[#All],4,FALSE) -> - | O339: =VLOOKUP(Tabla3[[#This Row],[Site]],Table35[#All],5,FALSE) -> 1, 6, 13A, 15, 18A | P339: =VLOOKUP(Tabla3[[#This Row],[Site]],Table35[#All],6,FALSE) -> 13B, 23 | Q339: =VLOOKUP(Tabla3[[#This Row],[Site]],Table35[#All],8,FALSE) -> 302
A340: =+Tabla3[[#This Row],[Site]]&Tabla3[[#This Row],[Split]] -> (DT) Arlington6 | B340: 6 | C340: 5 | D340: (DT) Arlington | E340: =VLOOKUP(Tabla3[[#This Row],[Site]],Table35[],10,FALSE) -> 10:00 P.M. | F340: =VLOOKUP(Tabla3[[#This Row],[Site]],Table35[],11,FALSE) -> CT | G340: =VLOOKUP(Tabla3[[#This Row],[Site]],Table35[],12,FALSE) -> 6:00 A.M. | H340: - | I340: =HYPERLINK(VLOOKUP(Tabla3[[#This Row],[Site]],Table35[#All],9,FALSE)) -> https://tools.sig.systems/site/details/199 | J340: =VLOOKUP(Tabla3[[#This Row],[Site]],Table35[],14,FALSE) -> - | L340: =VLOOKUP(Tabla3[[#This Row],[Site]],Table35[#All],2,FALSE) -> 3,8 | M340: =VLOOKUP(Tabla3[[#This Row],[Site]],Table35[#All],3,FALSE) -> - | N340: =VLOOKUP(Tabla3[[#This Row],[Site]],Table35[#All],4,FALSE) -> - | O340: =VLOOKUP(Tabla3[[#This Row],[Site]],Table35[#All],5,FALSE) -> - | P340: =VLOOKUP(Tabla3[[#This Row],[Site]],Table35[#All],6,FALSE) -> 3, 8, 7 | Q340: =VLOOKUP(Tabla3[[#This Row],[Site]],Table35[#All],8,FALSE) -> 199
... A376: =+Tabla3[[#This Row],[Site]]&Tabla3[[#This Row],[Split]] -> (AS) Koons MB of Catonsville (NO TOURS)7 | B376: 7 | C376: 3 | D376: (AS) Koons MB of Catonsville (NO TOURS) | E376: =VLOOKUP(Tabla3[[#This Row],[Site]],Table35[],10,FALSE) -> 9:00 P.M. | F376: =VLOOKUP(Tabla3[[#This Row],[Site]],Table35[],11,FALSE) -> ET | G376: =VLOOKUP(Tabla3[[#This Row],[Site]],Table35[],12,FALSE) -> 5:00 A.M. | H376: - | I376: =HYPERLINK(VLOOKUP(Tabla3[[#This Row],[Site]],Table35[#All],9,FALSE)) -> https://tools.sig.systems/site/details/303 | J376: =VLOOKUP(Tabla3[[#This Row],[Site]],Table35[],14,FALSE) -> 0 | L376: =VLOOKUP(Tabla3[[#This Row],[Site]],Table35[#All],2,FALSE) -> - | M376: =VLOOKUP(Tabla3[[#This Row],[Site]],Table35[#All],3,FALSE) -> 15, 16, 17, 29 | N376: =VLOOKUP(Tabla3[[#This Row],[Site]],Table35[#All],4,FALSE) -> 29 | O376: =VLOOKUP(Tabla3[[#This Row],[Site]],Table35[#All],5,FALSE) -> 5 | P376: =VLOOKUP(Tabla3[[#This Row],[Site]],Table35[#All],6,FALSE) -> 1, 7, 8, 12, 19, 32 | Q376: =VLOOKUP(Tabla3[[#This Row],[Site]],Table35[#All],8,FALSE) -> 303
A377: =+Tabla3[[#This Row],[Site]]&Tabla3[[#This Row],[Split]] -> (AS) Koons Tysons Toyota - Main Dealership (NO TOURS)7 | B377: 7 | C377: 3 | D377: (AS) Koons Tysons Toyota - Main Dealership (NO TOURS) | E377: =VLOOKUP(Tabla3[[#This Row],[Site]],Table35[],10,FALSE) -> 9:00 P.M. | F377: =VLOOKUP(Tabla3[[#This Row],[Site]],Table35[],11,FALSE) -> ET | G377: =VLOOKUP(Tabla3[[#This Row],[Site]],Table35[],12,FALSE) -> 5:00 A.M. | I377: =HYPERLINK(VLOOKUP(Tabla3[[#This Row],[Site]],Table35[#All],9,FALSE)) -> https://tools.sig.systems/site/details/344 | J377: =VLOOKUP(Tabla3[[#This Row],[Site]],Table35[],14,FALSE) -> - | L377: =VLOOKUP(Tabla3[[#This Row],[Site]],Table35[#All],2,FALSE) -> - | M377: =VLOOKUP(Tabla3[[#This Row],[Site]],Table35[#All],3,FALSE) -> 1, 25 | N377: =VLOOKUP(Tabla3[[#This Row],[Site]],Table35[#All],4,FALSE) -> - | O377: =VLOOKUP(Tabla3[[#This Row],[Site]],Table35[#All],5,FALSE) -> - | P377: =VLOOKUP(Tabla3[[#This Row],[Site]],Table35[#All],6,FALSE) -> 13, 22, 27 | Q377: =VLOOKUP(Tabla3[[#This Row],[Site]],Table35[#All],8,FALSE) -> 344
A378: =+Tabla3[[#This Row],[Site]]&Tabla3[[#This Row],[Split]] -> (AS) Koons White Marsh Chevrolet (NO TOURS)7 | B378: 7 | C378: 3 | D378: (AS) Koons White Marsh Chevrolet (NO TOURS) | E378: =VLOOKUP(Tabla3[[#This Row],[Site]],Table35[],10,FALSE) -> 9:00 P.M. | F378: =VLOOKUP(Tabla3[[#This Row],[Site]],Table35[],11,FALSE) -> ET | G378: =VLOOKUP(Tabla3[[#This Row],[Site]],Table35[],12,FALSE) -> 5:00 A.M. | H378: - | I378: =HYPERLINK(VLOOKUP(Tabla3[[#This Row],[Site]],Table35[#All],9,FALSE)) -> https://tools.sig.systems/site/details/339 | J378: =VLOOKUP(Tabla3[[#This Row],[Site]],Table35[],14,FALSE) -> - | L378: =VLOOKUP(Tabla3[[#This Row],[Site]],Table35[#All],2,FALSE) -> 25 | M378: =VLOOKUP(Tabla3[[#This Row],[Site]],Table35[#All],3,FALSE) -> 10 | N378: =VLOOKUP(Tabla3[[#This Row],[Site]],Table35[#All],4,FALSE) -> - | O378: =VLOOKUP(Tabla3[[#This Row],[Site]],Table35[#All],5,FALSE) -> - | P378: =VLOOKUP(Tabla3[[#This Row],[Site]],Table35[#All],6,FALSE) -> 12 | Q378: =VLOOKUP(Tabla3[[#This Row],[Site]],Table35[#All],8,FALSE) -> 339
A379: =+Tabla3[[#This Row],[Site]]&Tabla3[[#This Row],[Split]] -> (AS) Koons Woodbridge Ford (NO TOURS)7 | B379: 7 | C379: 3 | D379: (AS) Koons Woodbridge Ford (NO TOURS) | E379: =VLOOKUP(Tabla3[[#This Row],[Site]],Table35[],10,FALSE) -> 9:00 P.M. | F379: =VLOOKUP(Tabla3[[#This Row],[Site]],Table35[],11,FALSE) -> ET | G379: =VLOOKUP(Tabla3[[#This Row],[Site]],Table35[],12,FALSE) -> 5:00 A.M. | H379: 11:00 A.M. | I379: =HYPERLINK(VLOOKUP(Tabla3[[#This Row],[Site]],Table35[#All],9,FALSE)) -> https://tools.sig.systems/site/details/342 | J379: =VLOOKUP(Tabla3[[#This Row],[Site]],Table35[],14,FALSE) -> 0 | L379: =VLOOKUP(Tabla3[[#This Row],[Site]],Table35[#All],2,FALSE) -> - | M379: =VLOOKUP(Tabla3[[#This Row],[Site]],Table35[#All],3,FALSE) -> 3, 24, 26, 27, 31, 36 | N379: =VLOOKUP(Tabla3[[#This Row],[Site]],Table35[#All],4,FALSE) -> - | O379: =VLOOKUP(Tabla3[[#This Row],[Site]],Table35[#All],5,FALSE) -> - | P379: =VLOOKUP(Tabla3[[#This Row],[Site]],Table35[#All],6,FALSE) -> 13, 26, 29 | Q379: =VLOOKUP(Tabla3[[#This Row],[Site]],Table35[#All],8,FALSE) -> 342
A380: =+Tabla3[[#This Row],[Site]]&Tabla3[[#This Row],[Split]] -> (AS) Larry H Miller CDJR Fiat (NO TOURS)7 | B380: 7 | C380: 3 | D380: (AS) Larry H Miller CDJR Fiat (NO TOURS) | E380: =VLOOKUP(Tabla3[[#This Row],[Site]],Table35[],10,FALSE) -> 11:00 P.M. | F380: =VLOOKUP(Tabla3[[#This Row],[Site]],Table35[],11,FALSE) -> MT | G380: =VLOOKUP(Tabla3[[#This Row],[Site]],Table35[],12,FALSE) -> 7:00 A.M. | H380: - | I380: =HYPERLINK(VLOOKUP(Tabla3[[#This Row],[Site]],Table35[#All],9,FALSE)) -> https://tools.sig.systems/site/details/298 | J380: =VLOOKUP(Tabla3[[#This Row],[Site]],Table35[],14,FALSE) -> 0 | L380: =VLOOKUP(Tabla3[[#This Row],[Site]],Table35[#All],2,FALSE) -> 7, 11 | M380: =VLOOKUP(Tabla3[[#This Row],[Site]],Table35[#All],3,FALSE) -> 2, 3 | N380: =VLOOKUP(Tabla3[[#This Row],[Site]],Table35[#All],4,FALSE) -> - | O380: =VLOOKUP(Tabla3[[#This Row],[Site]],Table35[#All],5,FALSE) -> - | P380: =VLOOKUP(Tabla3[[#This Row],[Site]],Table35[#All],6,FALSE) -> 2, 6, 10, 15, 18 | Q380: =VLOOKUP(Tabla3[[#This Row],[Site]],Table35[#All],8,FALSE) -> 298
A381: =+Tabla3[[#This Row],[Site]]&Tabla3[[#This Row],[Split]] -> (AS) Plaza Collision ST Louis (NO TOURS)7 | B381: 7 | C381: 3 | D381: (AS) Plaza Collision ST Louis (NO TOURS) | E381: =VLOOKUP(Tabla3[[#This Row],[Site]],Table35[],10,FALSE) -> 10:00 P.M. | F381: =VLOOKUP(Tabla3[[#This Row],[Site]],Table35[],11,FALSE) -> CT | G381: =VLOOKUP(Tabla3[[#This Row],[Site]],Table35[],12,FALSE) -> 6:00 A.M. | H381: - | I381: =HYPERLINK(VLOOKUP(Tabla3[[#This Row],[Site]],Table35[#All],9,FALSE)) -> https://tools.sig.systems/site/details/350 | J381: =VLOOKUP(Tabla3[[#This Row],[Site]],Table35[],14,FALSE) -> - | L381: =VLOOKUP(Tabla3[[#This Row],[Site]],Table35[#All],2,FALSE) -> 2, 6 | M381: =VLOOKUP(Tabla3[[#This Row],[Site]],Table35[#All],3,FALSE) -> 1 | N381: =VLOOKUP(Tabla3[[#This Row],[Site]],Table35[#All],4,FALSE) -> - | O381: =VLOOKUP(Tabla3[[#This Row],[Site]],Table35[#All],5,FALSE) -> - | P381: =VLOOKUP(Tabla3[[#This Row],[Site]],Table35[#All],6,FALSE) -> 3 | Q381: =VLOOKUP(Tabla3[[#This Row],[Site]],Table35[#All],8,FALSE) -> 350
A382: =+Tabla3[[#This Row],[Site]]&Tabla3[[#This Row],[Split]] -> (KG) Ken Garff Volkswagen of Gilbert7 | B382: 7 | C382: 3 | D382: (KG) Ken Garff Volkswagen of Gilbert | E382: =VLOOKUP(Tabla3[[#This Row],[Site]],Table35[],10,FALSE) -> 12:00 A.M. | F382: =VLOOKUP(Tabla3[[#This Row],[Site]],Table35[],11,FALSE) -> MST | G382: =VLOOKUP(Tabla3[[#This Row],[Site]],Table35[],12,FALSE) -> 8:00 A.M. | H382: - | I382: =HYPERLINK(VLOOKUP(Tabla3[[#This Row],[Site]],Table35[#All],9,FALSE)) -> https://tools.sig.systems/site/details/284 | J382: =VLOOKUP(Tabla3[[#This Row],[Site]],Table35[],14,FALSE) -> https://www.google.com/maps/d/viewer?hl=es&mid=19SU7XE9Cg8jhVFpEI21Vi9Zfgdih9Ds&ll=33.29158262977276%2C-111.75783630000002&z=17 | L382: =VLOOKUP(Tabla3[[#This Row],[Site]],Table35[#All],2,FALSE) -> 4, 6 | M382: =VLOOKUP(Tabla3[[#This Row],[Site]],Table35[#All],3,FALSE) -> - | N382: =VLOOKUP(Tabla3[[#This Row],[Site]],Table35[#All],4,FALSE) -> - | O382: =VLOOKUP(Tabla3[[#This Row],[Site]],Table35[#All],5,FALSE) -> 2, 14 | P382: =VLOOKUP(Tabla3[[#This Row],[Site]],Table35[#All],6,FALSE) -> 1, 5, 8, 9, 17, 19, 21 | Q382: =VLOOKUP(Tabla3[[#This Row],[Site]],Table35[#All],8,FALSE) -> 284
A383: =+Tabla3[[#This Row],[Site]]&Tabla3[[#This Row],[Split]] -> (AS) Coggin Collision Center of Kissimmee (NO TOURS)7 | B383: 7 | C383: 4 | D383: (AS) Coggin Collision Center of Kissimmee (NO TOURS) | E383: =VLOOKUP(Tabla3[[#This Row],[Site]],Table35[],10,FALSE) -> 9:00 P.M. | F383: =VLOOKUP(Tabla3[[#This Row],[Site]],Table35[],11,FALSE) -> ET | G383: =VLOOKUP(Tabla3[[#This Row],[Site]],Table35[],12,FALSE) -> 5:00 A.M. | H383: - | I383: =HYPERLINK(VLOOKUP(Tabla3[[#This Row],[Site]],Table35[#All],9,FALSE)) -> https://tools.sig.systems/site/details/331 | J383: =VLOOKUP(Tabla3[[#This Row],[Site]],Table35[],14,FALSE) -> 0 | L383: =VLOOKUP(Tabla3[[#This Row],[Site]],Table35[#All],2,FALSE) -> 1, 12 | M383: =VLOOKUP(Tabla3[[#This Row],[Site]],Table35[#All],3,FALSE) -> - | N383: =VLOOKUP(Tabla3[[#This Row],[Site]],Table35[#All],4,FALSE) -> - | O383: =VLOOKUP(Tabla3[[#This Row],[Site]],Table35[#All],5,FALSE) -> - | P383: =VLOOKUP(Tabla3[[#This Row],[Site]],Table35[#All],6,FALSE) -> 2, 7, 9 | Q383: =VLOOKUP(Tabla3[[#This Row],[Site]],Table35[#All],8,FALSE) -> 331
A384: =+Tabla3[[#This Row],[Site]]&Tabla3[[#This Row],[Split]] -> (AS) Coggin Honda of Orlando (NO TOURS)7 | B384: 7 | C384: 4 | D384: (AS) Coggin Honda of Orlando (NO TOURS) | E384: =VLOOKUP(Tabla3[[#This Row],[Site]],Table35[],10,FALSE) -> 9:00 P.M. | F384: =VLOOKUP(Tabla3[[#This Row],[Site]],Table35[],11,FALSE) -> ET | G384: =VLOOKUP(Tabla3[[#This Row],[Site]],Table35[],12,FALSE) -> 5:00 A.M. | H384: - | I384: =HYPERLINK(VLOOKUP(Tabla3[[#This Row],[Site]],Table35[#All],9,FALSE)) -> https://tools.sig.systems/site/details/324 | J384: =VLOOKUP(Tabla3[[#This Row],[Site]],Table35[],14,FALSE) -> 0 | L384: =VLOOKUP(Tabla3[[#This Row],[Site]],Table35[#All],2,FALSE) -> 2, 10, 12B, 14, 38 | M384: =VLOOKUP(Tabla3[[#This Row],[Site]],Table35[#All],3,FALSE) -> - | N384: =VLOOKUP(Tabla3[[#This Row],[Site]],Table35[#All],4,FALSE) -> - | O384: =VLOOKUP(Tabla3[[#This Row],[Site]],Table35[#All],5,FALSE) -> 12, 31 | P384: =VLOOKUP(Tabla3[[#This Row],[Site]],Table35[#All],6,FALSE) -> 12B, 26, 37, 19 | Q384: =VLOOKUP(Tabla3[[#This Row],[Site]],Table35[#All],8,FALSE) -> 324
A385: =+Tabla3[[#This Row],[Site]]&Tabla3[[#This Row],[Split]] -> (AS) Koons Baltimore Ford - Main Dealership (NO TOURS)7 | B385: 7 | C385: 4 | D385: (AS) Koons Baltimore Ford - Main Dealership (NO TOURS) | E385: =VLOOKUP(Tabla3[[#This Row],[Site]],Table35[],10,FALSE) -> 9:00 P.M. | F385: =VLOOKUP(Tabla3[[#This Row],[Site]],Table35[],11,FALSE) -> ET | G385: =VLOOKUP(Tabla3[[#This Row],[Site]],Table35[],12,FALSE) -> 5:00 A.M. | H385: - | I385: =HYPERLINK(VLOOKUP(Tabla3[[#This Row],[Site]],Table35[#All],9,FALSE)) -> https://tools.sig.systems/site/details/335 | J385: =VLOOKUP(Tabla3[[#This Row],[Site]],Table35[],14,FALSE) -> - | L385: =VLOOKUP(Tabla3[[#This Row],[Site]],Table35[#All],2,FALSE) -> 21, 22, 24, 32, 45 | M385: =VLOOKUP(Tabla3[[#This Row],[Site]],Table35[#All],3,FALSE) -> 1 | N385: =VLOOKUP(Tabla3[[#This Row],[Site]],Table35[#All],4,FALSE) -> - | O385: =VLOOKUP(Tabla3[[#This Row],[Site]],Table35[#All],5,FALSE) -> 1, 8 | P385: =VLOOKUP(Tabla3[[#This Row],[Site]],Table35[#All],6,FALSE) -> 5, 28, 38 | Q385: =VLOOKUP(Tabla3[[#This Row],[Site]],Table35[#All],8,FALSE) -> 335
A386: =+Tabla3[[#This Row],[Site]]&Tabla3[[#This Row],[Split]] -> (AS) Koons Sterling Ford - Main Dealership (NO TOURS)7 | B386: 7 | C386: 4 | D386: (AS) Koons Sterling Ford - Main Dealership (NO TOURS) | E386: =VLOOKUP(Tabla3[[#This Row],[Site]],Table35[],10,FALSE) -> 9:00 P.M. | F386: =VLOOKUP(Tabla3[[#This Row],[Site]],Table35[],11,FALSE) -> ET | G386: =VLOOKUP(Tabla3[[#This Row],[Site]],Table35[],12,FALSE) -> 5:00 A.M. | H386: 10:00 A.M. | I386: =HYPERLINK(VLOOKUP(Tabla3[[#This Row],[Site]],Table35[#All],9,FALSE)) -> https://tools.sig.systems/site/details/348 | J386: =VLOOKUP(Tabla3[[#This Row],[Site]],Table35[],14,FALSE) -> 0 | L386: =VLOOKUP(Tabla3[[#This Row],[Site]],Table35[#All],2,FALSE) -> 19 | M386: =VLOOKUP(Tabla3[[#This Row],[Site]],Table35[#All],3,FALSE) -> 3 | N386: =VLOOKUP(Tabla3[[#This Row],[Site]],Table35[#All],4,FALSE) -> - | O386: =VLOOKUP(Tabla3[[#This Row],[Site]],Table35[#All],5,FALSE) -> 4, 21 | P386: =VLOOKUP(Tabla3[[#This Row],[Site]],Table35[#All],6,FALSE) -> 7, 8 | Q386: =VLOOKUP(Tabla3[[#This Row],[Site]],Table35[#All],8,FALSE) -> 348
A387: =+Tabla3[[#This Row],[Site]]&Tabla3[[#This Row],[Split]] -> (LT) Landers Kia of Little Rock7 | B387: 7 | C387: 4 | D387: (LT) Landers Kia of Little Rock | E387: =VLOOKUP(Tabla3[[#This Row],[Site]],Table35[],10,FALSE) -> 10:00 P.M. | F387: =VLOOKUP(Tabla3[[#This Row],[Site]],Table35[],11,FALSE) -> CT | G387: =VLOOKUP(Tabla3[[#This Row],[Site]],Table35[],12,FALSE) -> 6:00 A.M. | H387: - | I387: =HYPERLINK(VLOOKUP(Tabla3[[#This Row],[Site]],Table35[#All],9,FALSE)) -> https://tools.sig.systems/site/details/322 | J387: =VLOOKUP(Tabla3[[#This Row],[Site]],Table35[],14,FALSE) -> https://www.google.com/maps/d/u/1/edit?mid=1-zEzsc6U6nZom08edp0XAd3_HYFvAyk&usp=sharing | L387: =VLOOKUP(Tabla3[[#This Row],[Site]],Table35[#All],2,FALSE) -> 5, 9, 33, 19 | M387: =VLOOKUP(Tabla3[[#This Row],[Site]],Table35[#All],3,FALSE) -> - | N387: =VLOOKUP(Tabla3[[#This Row],[Site]],Table35[#All],4,FALSE) -> 4, 10 | O387: =VLOOKUP(Tabla3[[#This Row],[Site]],Table35[#All],5,FALSE) -> 1, 35 | P387: =VLOOKUP(Tabla3[[#This Row],[Site]],Table35[#All],6,FALSE) -> 5, 9, 12, 14, 18, 26, 29 | Q387: =VLOOKUP(Tabla3[[#This Row],[Site]],Table35[#All],8,FALSE) -> 322
A388: =+Tabla3[[#This Row],[Site]]&Tabla3[[#This Row],[Split]] -> (LT) Luther North Country Ford7 | B388: 7 | C388: 4 | D388: (LT) Luther North Country Ford | E388: =VLOOKUP(Tabla3[[#This Row],[Site]],Table35[],10,FALSE) -> 10:00 P.M. | F388: =VLOOKUP(Tabla3[[#This Row],[Site]],Table35[],11,FALSE) -> CT | G388: =VLOOKUP(Tabla3[[#This Row],[Site]],Table35[],12,FALSE) -> 6:00 A.M. | H388: - | I388: =HYPERLINK(VLOOKUP(Tabla3[[#This Row],[Site]],Table35[#All],9,FALSE)) -> https://tools.sig.systems/site/details/292 | J388: =VLOOKUP(Tabla3[[#This Row],[Site]],Table35[],14,FALSE) -> 0 | L388: =VLOOKUP(Tabla3[[#This Row],[Site]],Table35[#All],2,FALSE) -> - | M388: =VLOOKUP(Tabla3[[#This Row],[Site]],Table35[#All],3,FALSE) -> 7, 14, 19 | N388: =VLOOKUP(Tabla3[[#This Row],[Site]],Table35[#All],4,FALSE) -> 30, 31, 32 | O388: =VLOOKUP(Tabla3[[#This Row],[Site]],Table35[#All],5,FALSE) -> - | P388: =VLOOKUP(Tabla3[[#This Row],[Site]],Table35[#All],6,FALSE) -> 1, 4, 9, 13, 15, 16B, 25 | Q388: =VLOOKUP(Tabla3[[#This Row],[Site]],Table35[#All],8,FALSE) -> 292
A389: =+Tabla3[[#This Row],[Site]]&Tabla3[[#This Row],[Split]] -> (PE) JLR Paramus (NO TOURS)7 | B389: 7 | C389: 4 | D389: (PE) JLR Paramus (NO TOURS) | E389: =VLOOKUP(Tabla3[[#This Row],[Site]],Table35[],10,FALSE) -> 8:00 P.M. | F389: =VLOOKUP(Tabla3[[#This Row],[Site]],Table35[],11,FALSE) -> ET | G389: =VLOOKUP(Tabla3[[#This Row],[Site]],Table35[],12,FALSE) -> 5:00 A.M. | H389: - | I389: =HYPERLINK(VLOOKUP(Tabla3[[#This Row],[Site]],Table35[#All],9,FALSE)) -> https://tools.sig.systems/site/details/177 | J389: =VLOOKUP(Tabla3[[#This Row],[Site]],Table35[],14,FALSE) -> 0 | L389: =VLOOKUP(Tabla3[[#This Row],[Site]],Table35[#All],2,FALSE) -> 1, 17 | M389: =VLOOKUP(Tabla3[[#This Row],[Site]],Table35[#All],3,FALSE) -> - | N389: =VLOOKUP(Tabla3[[#This Row],[Site]],Table35[#All],4,FALSE) -> - | O389: =VLOOKUP(Tabla3[[#This Row],[Site]],Table35[#All],5,FALSE) -> - | P389: =VLOOKUP(Tabla3[[#This Row],[Site]],Table35[#All],6,FALSE) -> 1, 17 | Q389: =VLOOKUP(Tabla3[[#This Row],[Site]],Table35[#All],8,FALSE) -> 177
... A420: =+Tabla3[[#This Row],[Site]]&Tabla3[[#This Row],[Split]] -> (LT) Luther Brookdale Toyota8 | B420: 8 | C420: 1 | D420: (LT) Luther Brookdale Toyota | E420: =VLOOKUP(Tabla3[[#This Row],[Site]],Table35[],10,FALSE) -> 7:00 P.M. | F420: =VLOOKUP(Tabla3[[#This Row],[Site]],Table35[],11,FALSE) -> CT | G420: =VLOOKUP(Tabla3[[#This Row],[Site]],Table35[],12,FALSE) -> 5:00 A.M. | H420: - | I420: =HYPERLINK(VLOOKUP(Tabla3[[#This Row],[Site]],Table35[#All],9,FALSE)) -> https://tools.sig.systems/site/details/281 | J420: =VLOOKUP(Tabla3[[#This Row],[Site]],Table35[],14,FALSE) -> https://www.google.com/maps/d/viewer?mid=1ot0ILX76JMuvd9yMuqkb4_e0yH1n7TA&ll=45.07815812965141%2C-93.33506855000002&z=17 | L420: =VLOOKUP(Tabla3[[#This Row],[Site]],Table35[#All],2,FALSE) -> - | M420: =VLOOKUP(Tabla3[[#This Row],[Site]],Table35[#All],3,FALSE) -> 5, 7 | N420: =VLOOKUP(Tabla3[[#This Row],[Site]],Table35[#All],4,FALSE) -> 29 | O420: =VLOOKUP(Tabla3[[#This Row],[Site]],Table35[#All],5,FALSE) -> 20 | P420: =VLOOKUP(Tabla3[[#This Row],[Site]],Table35[#All],6,FALSE) -> 1, 2, 4, 10, 18, 24, 25 | Q420: =VLOOKUP(Tabla3[[#This Row],[Site]],Table35[#All],8,FALSE) -> 281
A421: =+Tabla3[[#This Row],[Site]]&Tabla3[[#This Row],[Split]] -> (LT) Luther Burnsville Hyundai8 | B421: 8 | C421: 1 | D421: (LT) Luther Burnsville Hyundai | E421: =VLOOKUP(Tabla3[[#This Row],[Site]],Table35[],10,FALSE) -> 10:00 P.M. | F421: =VLOOKUP(Tabla3[[#This Row],[Site]],Table35[],11,FALSE) -> CT | G421: =VLOOKUP(Tabla3[[#This Row],[Site]],Table35[],12,FALSE) -> 6:00 A.M. | I421: =HYPERLINK(VLOOKUP(Tabla3[[#This Row],[Site]],Table35[#All],9,FALSE)) -> https://tools.sig.systems/site/details/307 | J421: =VLOOKUP(Tabla3[[#This Row],[Site]],Table35[],14,FALSE) -> 0 | L421: =VLOOKUP(Tabla3[[#This Row],[Site]],Table35[#All],2,FALSE) -> - | M421: =VLOOKUP(Tabla3[[#This Row],[Site]],Table35[#All],3,FALSE) -> 6, 17 | N421: =VLOOKUP(Tabla3[[#This Row],[Site]],Table35[#All],4,FALSE) -> 22, 21 | O421: =VLOOKUP(Tabla3[[#This Row],[Site]],Table35[#All],5,FALSE) -> 7 | P421: =VLOOKUP(Tabla3[[#This Row],[Site]],Table35[#All],6,FALSE) -> 2, 4, 16 | Q421: =VLOOKUP(Tabla3[[#This Row],[Site]],Table35[#All],8,FALSE) -> 307
A422: =+Tabla3[[#This Row],[Site]]&Tabla3[[#This Row],[Split]] -> (PE) BMW Service Center (NO TOURS)8 | B422: 8 | C422: 1 | D422: (PE) BMW Service Center (NO TOURS) | E422: =VLOOKUP(Tabla3[[#This Row],[Site]],Table35[],10,FALSE) -> 8:00 P.M. | F422: =VLOOKUP(Tabla3[[#This Row],[Site]],Table35[],11,FALSE) -> ET | G422: =VLOOKUP(Tabla3[[#This Row],[Site]],Table35[],12,FALSE) -> 5:00 A.M. | H422: - | I422: =HYPERLINK(VLOOKUP(Tabla3[[#This Row],[Site]],Table35[#All],9,FALSE)) -> https://tools.sig.systems/site/details/184 | J422: =VLOOKUP(Tabla3[[#This Row],[Site]],Table35[],14,FALSE) -> https://www.google.com/maps/d/edit?hl=en&mid=1UHmt7tH1ihTa85i0MfQIcTfVvIQg_vM&ll=41.02423447529239%2C-73.63721502222738&z=18 | L422: =VLOOKUP(Tabla3[[#This Row],[Site]],Table35[#All],2,FALSE) -> 3 | M422: =VLOOKUP(Tabla3[[#This Row],[Site]],Table35[#All],3,FALSE) -> - | N422: =VLOOKUP(Tabla3[[#This Row],[Site]],Table35[#All],4,FALSE) -> - | O422: =VLOOKUP(Tabla3[[#This Row],[Site]],Table35[#All],5,FALSE) -> - | P422: =VLOOKUP(Tabla3[[#This Row],[Site]],Table35[#All],6,FALSE) -> 1, 2 | Q422: =VLOOKUP(Tabla3[[#This Row],[Site]],Table35[#All],8,FALSE) -> 184
A423: =+Tabla3[[#This Row],[Site]]&Tabla3[[#This Row],[Split]] -> (AS) Coggin BMW Ft. Pierce (NO TOURS)8 | B423: 8 | C423: 2 | D423: (AS) Coggin BMW Ft. Pierce (NO TOURS) | E423: =VLOOKUP(Tabla3[[#This Row],[Site]],Table35[],10,FALSE) -> 9:00 P.M. | F423: =VLOOKUP(Tabla3[[#This Row],[Site]],Table35[],11,FALSE) -> ET | G423: =VLOOKUP(Tabla3[[#This Row],[Site]],Table35[],12,FALSE) -> 5:00 A.M. | H423: 11:00 A.M. | I423: =HYPERLINK(VLOOKUP(Tabla3[[#This Row],[Site]],Table35[#All],9,FALSE)) -> https://tools.sig.systems/site/details/119 | J423: =VLOOKUP(Tabla3[[#This Row],[Site]],Table35[],14,FALSE) -> https://www.google.com/maps/d/viewer?mid=1AyViBuyeq7iwDua1SVudJ2A1BYi3IBA&ll=27.38181516363982%2C-80.32568845000002&z=18 | L423: =VLOOKUP(Tabla3[[#This Row],[Site]],Table35[#All],2,FALSE) -> 3, 10, 13 | M423: =VLOOKUP(Tabla3[[#This Row],[Site]],Table35[#All],3,FALSE) -> - | N423: =VLOOKUP(Tabla3[[#This Row],[Site]],Table35[#All],4,FALSE) -> - | O423: =VLOOKUP(Tabla3[[#This Row],[Site]],Table35[#All],5,FALSE) -> 2 | P423: =VLOOKUP(Tabla3[[#This Row],[Site]],Table35[#All],6,FALSE) -> 1, 20, 27 | Q423: =VLOOKUP(Tabla3[[#This Row],[Site]],Table35[#All],8,FALSE) -> 119
A424: =+Tabla3[[#This Row],[Site]]&Tabla3[[#This Row],[Split]] -> (AS) Koons Chevrolet Buick GMC - Clarksville Remote Lot (NO TOURS)8 | B424: 8 | C424: 2 | D424: (AS) Koons Chevrolet Buick GMC - Clarksville Remote Lot (NO TOURS) | E424: =VLOOKUP(Tabla3[[#This Row],[Site]],Table35[],10,FALSE) -> 9:00 P.M. | F424: =VLOOKUP(Tabla3[[#This Row],[Site]],Table35[],11,FALSE) -> ET | G424: =VLOOKUP(Tabla3[[#This Row],[Site]],Table35[],12,FALSE) -> 5:00 A.M. | H424: - | I424: =HYPERLINK(VLOOKUP(Tabla3[[#This Row],[Site]],Table35[#All],9,FALSE)) -> https://tools.sig.systems/site/details/308 | J424: =VLOOKUP(Tabla3[[#This Row],[Site]],Table35[],14,FALSE) -> https://www.google.com/maps/d/edit?hl=es&mid=11XB1lTSP7EcDCDvzypdUPWP6bWCNAEI&ll=39.21145022420528%2C-76.94003711910554&z=21 | L424: =VLOOKUP(Tabla3[[#This Row],[Site]],Table35[#All],2,FALSE) -> - | M424: =VLOOKUP(Tabla3[[#This Row],[Site]],Table35[#All],3,FALSE) -> 1, 5 | N424: =VLOOKUP(Tabla3[[#This Row],[Site]],Table35[#All],4,FALSE) -> - | O424: =VLOOKUP(Tabla3[[#This Row],[Site]],Table35[#All],5,FALSE) -> - | P424: =VLOOKUP(Tabla3[[#This Row],[Site]],Table35[#All],6,FALSE) -> 14, 16 | Q424: =VLOOKUP(Tabla3[[#This Row],[Site]],Table35[#All],8,FALSE) -> 308
A425: =+Tabla3[[#This Row],[Site]]&Tabla3[[#This Row],[Split]] -> (AS) Koons Owings Mills Kia (NO TOURS)8 | B425: 8 | C425: 2 | D425: (AS) Koons Owings Mills Kia (NO TOURS) | E425: =VLOOKUP(Tabla3[[#This Row],[Site]],Table35[],10,FALSE) -> 9:00 P.M. | F425: =VLOOKUP(Tabla3[[#This Row],[Site]],Table35[],11,FALSE) -> ET | G425: =VLOOKUP(Tabla3[[#This Row],[Site]],Table35[],12,FALSE) -> 5:00 A.M. | H425: - | I425: =HYPERLINK(VLOOKUP(Tabla3[[#This Row],[Site]],Table35[#All],9,FALSE)) -> https://tools.sig.systems/site/details/336 | J425: =VLOOKUP(Tabla3[[#This Row],[Site]],Table35[],14,FALSE) -> - | L425: =VLOOKUP(Tabla3[[#This Row],[Site]],Table35[#All],2,FALSE) -> 12 | M425: =VLOOKUP(Tabla3[[#This Row],[Site]],Table35[#All],3,FALSE) -> 2, 18 | N425: =VLOOKUP(Tabla3[[#This Row],[Site]],Table35[#All],4,FALSE) -> - | O425: =VLOOKUP(Tabla3[[#This Row],[Site]],Table35[#All],5,FALSE) -> - | P425: =VLOOKUP(Tabla3[[#This Row],[Site]],Table35[#All],6,FALSE) -> 7, 14 | Q425: =VLOOKUP(Tabla3[[#This Row],[Site]],Table35[#All],8,FALSE) -> 336
A426: =+Tabla3[[#This Row],[Site]]&Tabla3[[#This Row],[Split]] -> (AS) Koons Westminster Toyota (NO TOURS)8 | B426: 8 | C426: 2 | D426: (AS) Koons Westminster Toyota (NO TOURS) | E426: =VLOOKUP(Tabla3[[#This Row],[Site]],Table35[],10,FALSE) -> 9:00 P.M. | F426: =VLOOKUP(Tabla3[[#This Row],[Site]],Table35[],11,FALSE) -> ET | G426: =VLOOKUP(Tabla3[[#This Row],[Site]],Table35[],12,FALSE) -> 5:00 A.M. | H426: - | I426: =HYPERLINK(VLOOKUP(Tabla3[[#This Row],[Site]],Table35[#All],9,FALSE)) -> https://tools.sig.systems/site/details/341 | J426: =VLOOKUP(Tabla3[[#This Row],[Site]],Table35[],14,FALSE) -> - | L426: =VLOOKUP(Tabla3[[#This Row],[Site]],Table35[#All],2,FALSE) -> - | M426: =VLOOKUP(Tabla3[[#This Row],[Site]],Table35[#All],3,FALSE) -> 1, 10, 18, 25 | N426: =VLOOKUP(Tabla3[[#This Row],[Site]],Table35[#All],4,FALSE) -> - | O426: =VLOOKUP(Tabla3[[#This Row],[Site]],Table35[#All],5,FALSE) -> - | P426: =VLOOKUP(Tabla3[[#This Row],[Site]],Table35[#All],6,FALSE) -> 8, 14 | Q426: =VLOOKUP(Tabla3[[#This Row],[Site]],Table35[#All],8,FALSE) -> 341
A427: =+Tabla3[[#This Row],[Site]]&Tabla3[[#This Row],[Split]] -> (AS) Koons Woodbridge GMC (NO TOURS)8 | B427: 8 | C427: 2 | D427: (AS) Koons Woodbridge GMC (NO TOURS) | E427: =VLOOKUP(Tabla3[[#This Row],[Site]],Table35[],10,FALSE) -> 9:00 P.M. | F427: =VLOOKUP(Tabla3[[#This Row],[Site]],Table35[],11,FALSE) -> ET | G427: =VLOOKUP(Tabla3[[#This Row],[Site]],Table35[],12,FALSE) -> 5:00 A.M. | H427: - | I427: =HYPERLINK(VLOOKUP(Tabla3[[#This Row],[Site]],Table35[#All],9,FALSE)) -> https://tools.sig.systems/site/details/343 | J427: =VLOOKUP(Tabla3[[#This Row],[Site]],Table35[],14,FALSE) -> 0 | L427: =VLOOKUP(Tabla3[[#This Row],[Site]],Table35[#All],2,FALSE) -> - | M427: =VLOOKUP(Tabla3[[#This Row],[Site]],Table35[#All],3,FALSE) -> 1 | N427: =VLOOKUP(Tabla3[[#This Row],[Site]],Table35[#All],4,FALSE) -> - | O427: =VLOOKUP(Tabla3[[#This Row],[Site]],Table35[#All],5,FALSE) -> 11 | P427: =VLOOKUP(Tabla3[[#This Row],[Site]],Table35[#All],6,FALSE) -> 2, 7 | Q427: =VLOOKUP(Tabla3[[#This Row],[Site]],Table35[#All],8,FALSE) -> 343
A428: =+Tabla3[[#This Row],[Site]]&Tabla3[[#This Row],[Split]] -> (DT) Modesto8 | B428: 8 | C428: 2 | D428: (DT) Modesto | E428: =VLOOKUP(Tabla3[[#This Row],[Site]],Table35[],10,FALSE) -> 12:00 A.M. | F428: =VLOOKUP(Tabla3[[#This Row],[Site]],Table35[],11,FALSE) -> PT | G428: =VLOOKUP(Tabla3[[#This Row],[Site]],Table35[],12,FALSE) -> 8:00 A.M. | H428: - | I428: =HYPERLINK(VLOOKUP(Tabla3[[#This Row],[Site]],Table35[#All],9,FALSE)) -> https://tools.sig.systems/site/details/267 | J428: =VLOOKUP(Tabla3[[#This Row],[Site]],Table35[],14,FALSE) -> 0 | L428: =VLOOKUP(Tabla3[[#This Row],[Site]],Table35[#All],2,FALSE) -> 10 | M428: =VLOOKUP(Tabla3[[#This Row],[Site]],Table35[#All],3,FALSE) -> 5, 6 | N428: =VLOOKUP(Tabla3[[#This Row],[Site]],Table35[#All],4,FALSE) -> - | O428: =VLOOKUP(Tabla3[[#This Row],[Site]],Table35[#All],5,FALSE) -> - | P428: =VLOOKUP(Tabla3[[#This Row],[Site]],Table35[#All],6,FALSE) -> 2, 3, 5, 10 | Q428: =VLOOKUP(Tabla3[[#This Row],[Site]],Table35[#All],8,FALSE) -> 267
A429: =+Tabla3[[#This Row],[Site]]&Tabla3[[#This Row],[Split]] -> (KG) Ken Garff Kia of Avondale8 | B429: 8 | C429: 2 | D429: (KG) Ken Garff Kia of Avondale | E429: =VLOOKUP(Tabla3[[#This Row],[Site]],Table35[],10,FALSE) -> 12:00 A.M. | F429: =VLOOKUP(Tabla3[[#This Row],[Site]],Table35[],11,FALSE) -> MST | G429: =VLOOKUP(Tabla3[[#This Row],[Site]],Table35[],12,FALSE) -> 8:00 A.M. | H429: - | I429: =HYPERLINK(VLOOKUP(Tabla3[[#This Row],[Site]],Table35[#All],9,FALSE)) -> https://tools.sig.systems/site/details/283 | J429: =VLOOKUP(Tabla3[[#This Row],[Site]],Table35[],14,FALSE) -> https://www.google.com/maps/d/viewer?mid=1bDs0QGFZwL3vEeGKxjVMk_j4azr0-lg&ll=33.4593758581648%2C-112.28793780000001&z=18 | L429: =VLOOKUP(Tabla3[[#This Row],[Site]],Table35[#All],2,FALSE) -> 5, 19 | M429: =VLOOKUP(Tabla3[[#This Row],[Site]],Table35[#All],3,FALSE) -> - | N429: =VLOOKUP(Tabla3[[#This Row],[Site]],Table35[#All],4,FALSE) -> - | O429: =VLOOKUP(Tabla3[[#This Row],[Site]],Table35[#All],5,FALSE) -> 3, 5 | P429: =VLOOKUP(Tabla3[[#This Row],[Site]],Table35[#All],6,FALSE) -> 1, 6, 7, 12, 15, 17, 21 | Q429: =VLOOKUP(Tabla3[[#This Row],[Site]],Table35[#All],8,FALSE) -> 283
A430: =+Tabla3[[#This Row],[Site]]&Tabla3[[#This Row],[Split]] -> (LT) Landers Kia of Little Rock8 | B430: 8 | C430: 2 | D430: (LT) Landers Kia of Little Rock | E430: =VLOOKUP(Tabla3[[#This Row],[Site]],Table35[],10,FALSE) -> 10:00 P.M. | F430: =VLOOKUP(Tabla3[[#This Row],[Site]],Table35[],11,FALSE) -> CT | G430: =VLOOKUP(Tabla3[[#This Row],[Site]],Table35[],12,FALSE) -> 6:00 A.M. | H430: 10:00 A.M. | I430: =HYPERLINK(VLOOKUP(Tabla3[[#This Row],[Site]],Table35[#All],9,FALSE)) -> https://tools.sig.systems/site/details/322 | J430: =VLOOKUP(Tabla3[[#This Row],[Site]],Table35[],14,FALSE) -> https://www.google.com/maps/d/u/1/edit?mid=1-zEzsc6U6nZom08edp0XAd3_HYFvAyk&usp=sharing | L430: =VLOOKUP(Tabla3[[#This Row],[Site]],Table35[#All],2,FALSE) -> 5, 9, 33, 19 | M430: =VLOOKUP(Tabla3[[#This Row],[Site]],Table35[#All],3,FALSE) -> - | N430: =VLOOKUP(Tabla3[[#This Row],[Site]],Table35[#All],4,FALSE) -> 4, 10 | O430: =VLOOKUP(Tabla3[[#This Row],[Site]],Table35[#All],5,FALSE) -> 1, 35 | P430: =VLOOKUP(Tabla3[[#This Row],[Site]],Table35[#All],6,FALSE) -> 5, 9, 12, 14, 18, 26, 29 | Q430: =VLOOKUP(Tabla3[[#This Row],[Site]],Table35[#All],8,FALSE) -> 322
A431: =+Tabla3[[#This Row],[Site]]&Tabla3[[#This Row],[Split]] -> (LT) Luther Genesis of Minneapolis8 | B431: 8 | C431: 2 | D431: (LT) Luther Genesis of Minneapolis | E431: =VLOOKUP(Tabla3[[#This Row],[Site]],Table35[],10,FALSE) -> 10:00 P.M. | F431: =VLOOKUP(Tabla3[[#This Row],[Site]],Table35[],11,FALSE) -> CT | G431: =VLOOKUP(Tabla3[[#This Row],[Site]],Table35[],12,FALSE) -> 6:00 A.M. | H431: - | I431: =HYPERLINK(VLOOKUP(Tabla3[[#This Row],[Site]],Table35[#All],9,FALSE)) -> https://tools.sig.systems/site/details/315 | J431: =VLOOKUP(Tabla3[[#This Row],[Site]],Table35[],14,FALSE) -> 0 | L431: =VLOOKUP(Tabla3[[#This Row],[Site]],Table35[#All],2,FALSE) -> - | M431: =VLOOKUP(Tabla3[[#This Row],[Site]],Table35[#All],3,FALSE) -> 1,2,3,18 | N431: =VLOOKUP(Tabla3[[#This Row],[Site]],Table35[#All],4,FALSE) -> - | O431: =VLOOKUP(Tabla3[[#This Row],[Site]],Table35[#All],5,FALSE) -> - | P431: =VLOOKUP(Tabla3[[#This Row],[Site]],Table35[#All],6,FALSE) -> 1,2,3,5,16,18 | Q431: =VLOOKUP(Tabla3[[#This Row],[Site]],Table35[#All],8,FALSE) -> 315
A432: =+Tabla3[[#This Row],[Site]]&Tabla3[[#This Row],[Split]] -> (PE) JLR Englewood (NO TOURS)8 | B432: 8 | C432: 2 | D432: (PE) JLR Englewood (NO TOURS) | E432: =VLOOKUP(Tabla3[[#This Row],[Site]],Table35[],10,FALSE) -> 8:00 P.M. | F432: =VLOOKUP(Tabla3[[#This Row],[Site]],Table35[],11,FALSE) -> ET | G432: =VLOOKUP(Tabla3[[#This Row],[Site]],Table35[],12,FALSE) -> 5:00 A.M. | H432: - | I432: =HYPERLINK(VLOOKUP(Tabla3[[#This Row],[Site]],Table35[#All],9,FALSE)) -> https://tools.sig.systems/site/details/178 | J432: =VLOOKUP(Tabla3[[#This Row],[Site]],Table35[],14,FALSE) -> https://www.google.com/maps/d/viewer?mid=1ubI2iKs1JyYXssuT4oLPnVvFnyLPi_s&ll=40.878808846788026%2C-73.98560655&z=17 | L432: =VLOOKUP(Tabla3[[#This Row],[Site]],Table35[#All],2,FALSE) -> 1, 2 | M432: =VLOOKUP(Tabla3[[#This Row],[Site]],Table35[#All],3,FALSE) -> - | N432: =VLOOKUP(Tabla3[[#This Row],[Site]],Table35[#All],4,FALSE) -> - | O432: =VLOOKUP(Tabla3[[#This Row],[Site]],Table35[#All],5,FALSE) -> - | P432: =VLOOKUP(Tabla3[[#This Row],[Site]],Table35[#All],6,FALSE) -> - | Q432: =VLOOKUP(Tabla3[[#This Row],[Site]],Table35[#All],8,FALSE) -> 178
A433: =+Tabla3[[#This Row],[Site]]&Tabla3[[#This Row],[Split]] -> (AS) Koons MB of Catonsville (NO TOURS)8 | B433: 8 | C433: 3 | D433: (AS) Koons MB of Catonsville (NO TOURS) | E433: =VLOOKUP(Tabla3[[#This Row],[Site]],Table35[],10,FALSE) -> 9:00 P.M. | F433: =VLOOKUP(Tabla3[[#This Row],[Site]],Table35[],11,FALSE) -> ET | G433: =VLOOKUP(Tabla3[[#This Row],[Site]],Table35[],12,FALSE) -> 5:00 A.M. | H433: - | I433: =HYPERLINK(VLOOKUP(Tabla3[[#This Row],[Site]],Table35[#All],9,FALSE)) -> https://tools.sig.systems/site/details/303 | J433: =VLOOKUP(Tabla3[[#This Row],[Site]],Table35[],14,FALSE) -> 0 | L433: =VLOOKUP(Tabla3[[#This Row],[Site]],Table35[#All],2,FALSE) -> - | M433: =VLOOKUP(Tabla3[[#This Row],[Site]],Table35[#All],3,FALSE) -> 15, 16, 17, 29 | N433: =VLOOKUP(Tabla3[[#This Row],[Site]],Table35[#All],4,FALSE) -> 29 | O433: =VLOOKUP(Tabla3[[#This Row],[Site]],Table35[#All],5,FALSE) -> 5 | P433: =VLOOKUP(Tabla3[[#This Row],[Site]],Table35[#All],6,FALSE) -> 1, 7, 8, 12, 19, 32 | Q433: =VLOOKUP(Tabla3[[#This Row],[Site]],Table35[#All],8,FALSE) -> 303
... A523: =+Tabla3[[#This Row],[Site]]&Tabla3[[#This Row],[Split]] -> (KG) Ken Garff Volkswagen of Gilbert9 | B523: 9 | C523: 8 | D523: (KG) Ken Garff Volkswagen of Gilbert | E523: =VLOOKUP(Tabla3[[#This Row],[Site]],Table35[],10,FALSE) -> 12:00 A.M. | F523: =VLOOKUP(Tabla3[[#This Row],[Site]],Table35[],11,FALSE) -> MST | G523: =VLOOKUP(Tabla3[[#This Row],[Site]],Table35[],12,FALSE) -> 8:00 A.M. | H523: - | I523: =HYPERLINK(VLOOKUP(Tabla3[[#This Row],[Site]],Table35[#All],9,FALSE)) -> https://tools.sig.systems/site/details/284 | J523: =VLOOKUP(Tabla3[[#This Row],[Site]],Table35[],14,FALSE) -> https://www.google.com/maps/d/viewer?hl=es&mid=19SU7XE9Cg8jhVFpEI21Vi9Zfgdih9Ds&ll=33.29158262977276%2C-111.75783630000002&z=17 | L523: =VLOOKUP(Tabla3[[#This Row],[Site]],Table35[#All],2,FALSE) -> 4, 6 | M523: =VLOOKUP(Tabla3[[#This Row],[Site]],Table35[#All],3,FALSE) -> - | N523: =VLOOKUP(Tabla3[[#This Row],[Site]],Table35[#All],4,FALSE) -> - | O523: =VLOOKUP(Tabla3[[#This Row],[Site]],Table35[#All],5,FALSE) -> 2, 14 | P523: =VLOOKUP(Tabla3[[#This Row],[Site]],Table35[#All],6,FALSE) -> 1, 5, 8, 9, 17, 19, 21 | Q523: =VLOOKUP(Tabla3[[#This Row],[Site]],Table35[#All],8,FALSE) -> 284
A524: =+Tabla3[[#This Row],[Site]]&Tabla3[[#This Row],[Split]] -> (PE) JLR Darien (NO TOURS)9 | B524: 9 | C524: 8 | D524: (PE) JLR Darien (NO TOURS) | E524: =VLOOKUP(Tabla3[[#This Row],[Site]],Table35[],10,FALSE) -> 8:00 P.M. | F524: =VLOOKUP(Tabla3[[#This Row],[Site]],Table35[],11,FALSE) -> ET | G524: =VLOOKUP(Tabla3[[#This Row],[Site]],Table35[],12,FALSE) -> 5:00 A.M. | H524: =VLOOKUP(Tabla3[[#This Row],[Site]],Table35[],13,FALSE) -> - | I524: =HYPERLINK(VLOOKUP(Tabla3[[#This Row],[Site]],Table35[#All],9,FALSE)) -> https://tools.sig.systems/site/details/189 | J524: =VLOOKUP(Tabla3[[#This Row],[Site]],Table35[],14,FALSE) -> - | L524: =VLOOKUP(Tabla3[[#This Row],[Site]],Table35[#All],2,FALSE) -> 1, 13 | M524: =VLOOKUP(Tabla3[[#This Row],[Site]],Table35[#All],3,FALSE) -> - | N524: =VLOOKUP(Tabla3[[#This Row],[Site]],Table35[#All],4,FALSE) -> - | O524: =VLOOKUP(Tabla3[[#This Row],[Site]],Table35[#All],5,FALSE) -> - | P524: =VLOOKUP(Tabla3[[#This Row],[Site]],Table35[#All],6,FALSE) -> - | Q524: =VLOOKUP(Tabla3[[#This Row],[Site]],Table35[#All],8,FALSE) -> 189
A525: =+Tabla3[[#This Row],[Site]]&Tabla3[[#This Row],[Split]] -> (PE) JLR Paramus (NO TOURS)9 | B525: 9 | C525: 8 | D525: (PE) JLR Paramus (NO TOURS) | E525: =VLOOKUP(Tabla3[[#This Row],[Site]],Table35[],10,FALSE) -> 8:00 P.M. | F525: =VLOOKUP(Tabla3[[#This Row],[Site]],Table35[],11,FALSE) -> ET | G525: =VLOOKUP(Tabla3[[#This Row],[Site]],Table35[],12,FALSE) -> 5:00 A.M. | H525: =VLOOKUP(Tabla3[[#This Row],[Site]],Table35[],13,FALSE) -> - | I525: =HYPERLINK(VLOOKUP(Tabla3[[#This Row],[Site]],Table35[#All],9,FALSE)) -> https://tools.sig.systems/site/details/177 | J525: =VLOOKUP(Tabla3[[#This Row],[Site]],Table35[],14,FALSE) -> 0 | L525: =VLOOKUP(Tabla3[[#This Row],[Site]],Table35[#All],2,FALSE) -> 1, 17 | M525: =VLOOKUP(Tabla3[[#This Row],[Site]],Table35[#All],3,FALSE) -> - | N525: =VLOOKUP(Tabla3[[#This Row],[Site]],Table35[#All],4,FALSE) -> - | O525: =VLOOKUP(Tabla3[[#This Row],[Site]],Table35[#All],5,FALSE) -> - | P525: =VLOOKUP(Tabla3[[#This Row],[Site]],Table35[#All],6,FALSE) -> 1, 17 | Q525: =VLOOKUP(Tabla3[[#This Row],[Site]],Table35[#All],8,FALSE) -> 177
A526: =+Tabla3[[#This Row],[Site]]&Tabla3[[#This Row],[Split]] -> (AS) Coggin Collision Center of Kissimmee (NO TOURS)9 | B526: 9 | C526: 9 | D526: (AS) Coggin Collision Center of Kissimmee (NO TOURS) | E526: =VLOOKUP(Tabla3[[#This Row],[Site]],Table35[],10,FALSE) -> 9:00 P.M. | F526: =VLOOKUP(Tabla3[[#This Row],[Site]],Table35[],11,FALSE) -> ET | G526: =VLOOKUP(Tabla3[[#This Row],[Site]],Table35[],12,FALSE) -> 5:00 A.M. | H526: =VLOOKUP(Tabla3[[#This Row],[Site]],Table35[],13,FALSE) -> - | I526: =HYPERLINK(VLOOKUP(Tabla3[[#This Row],[Site]],Table35[#All],9,FALSE)) -> https://tools.sig.systems/site/details/331 | J526: =VLOOKUP(Tabla3[[#This Row],[Site]],Table35[],14,FALSE) -> 0 | L526: =VLOOKUP(Tabla3[[#This Row],[Site]],Table35[#All],2,FALSE) -> 1, 12 | M526: =VLOOKUP(Tabla3[[#This Row],[Site]],Table35[#All],3,FALSE) -> - | N526: =VLOOKUP(Tabla3[[#This Row],[Site]],Table35[#All],4,FALSE) -> - | O526: =VLOOKUP(Tabla3[[#This Row],[Site]],Table35[#All],5,FALSE) -> - | P526: =VLOOKUP(Tabla3[[#This Row],[Site]],Table35[#All],6,FALSE) -> 2, 7, 9 | Q526: =VLOOKUP(Tabla3[[#This Row],[Site]],Table35[#All],8,FALSE) -> 331
A527: =+Tabla3[[#This Row],[Site]]&Tabla3[[#This Row],[Split]] -> (AS) Koons Woodbridge Ford (NO TOURS)9 | B527: 9 | C527: 9 | D527: (AS) Koons Woodbridge Ford (NO TOURS) | E527: =VLOOKUP(Tabla3[[#This Row],[Site]],Table35[],10,FALSE) -> 9:00 P.M. | F527: =VLOOKUP(Tabla3[[#This Row],[Site]],Table35[],11,FALSE) -> ET | G527: =VLOOKUP(Tabla3[[#This Row],[Site]],Table35[],12,FALSE) -> 5:00 A.M. | H527: =VLOOKUP(Tabla3[[#This Row],[Site]],Table35[],13,FALSE) -> 9:00 A.M. | I527: =HYPERLINK(VLOOKUP(Tabla3[[#This Row],[Site]],Table35[#All],9,FALSE)) -> https://tools.sig.systems/site/details/342 | J527: =VLOOKUP(Tabla3[[#This Row],[Site]],Table35[],14,FALSE) -> 0 | L527: =VLOOKUP(Tabla3[[#This Row],[Site]],Table35[#All],2,FALSE) -> - | M527: =VLOOKUP(Tabla3[[#This Row],[Site]],Table35[#All],3,FALSE) -> 3, 24, 26, 27, 31, 36 | N527: =VLOOKUP(Tabla3[[#This Row],[Site]],Table35[#All],4,FALSE) -> - | O527: =VLOOKUP(Tabla3[[#This Row],[Site]],Table35[#All],5,FALSE) -> - | P527: =VLOOKUP(Tabla3[[#This Row],[Site]],Table35[#All],6,FALSE) -> 13, 26, 29 | Q527: =VLOOKUP(Tabla3[[#This Row],[Site]],Table35[#All],8,FALSE) -> 342
A528: =+Tabla3[[#This Row],[Site]]&Tabla3[[#This Row],[Split]] -> (AS) Koons Woodbridge Hyundai (NO TOURS)9 | B528: 9 | C528: 9 | D528: (AS) Koons Woodbridge Hyundai (NO TOURS) | E528: =VLOOKUP(Tabla3[[#This Row],[Site]],Table35[],10,FALSE) -> 9:00 P.M. | F528: =VLOOKUP(Tabla3[[#This Row],[Site]],Table35[],11,FALSE) -> ET | G528: =VLOOKUP(Tabla3[[#This Row],[Site]],Table35[],12,FALSE) -> 5:00 A.M. | H528: =VLOOKUP(Tabla3[[#This Row],[Site]],Table35[],13,FALSE) -> 8:00 A.M. | I528: =HYPERLINK(VLOOKUP(Tabla3[[#This Row],[Site]],Table35[#All],9,FALSE)) -> https://tools.sig.systems/site/details/347 | J528: =VLOOKUP(Tabla3[[#This Row],[Site]],Table35[],14,FALSE) -> - | L528: =VLOOKUP(Tabla3[[#This Row],[Site]],Table35[#All],2,FALSE) -> - | M528: =VLOOKUP(Tabla3[[#This Row],[Site]],Table35[#All],3,FALSE) -> 1, 17 | N528: =VLOOKUP(Tabla3[[#This Row],[Site]],Table35[#All],4,FALSE) -> - | O528: =VLOOKUP(Tabla3[[#This Row],[Site]],Table35[#All],5,FALSE) -> - | P528: =VLOOKUP(Tabla3[[#This Row],[Site]],Table35[#All],6,FALSE) -> 4, 14, 22 | Q528: =VLOOKUP(Tabla3[[#This Row],[Site]],Table35[#All],8,FALSE) -> 347
A529: =+Tabla3[[#This Row],[Site]]&Tabla3[[#This Row],[Split]] -> (AS) Plaza Mercedes Benz West (NO TOURS)9 | B529: 9 | C529: 9 | D529: (AS) Plaza Mercedes Benz West (NO TOURS) | E529: =VLOOKUP(Tabla3[[#This Row],[Site]],Table35[],10,FALSE) -> 10:00 P.M. | F529: =VLOOKUP(Tabla3[[#This Row],[Site]],Table35[],11,FALSE) -> CT | G529: =VLOOKUP(Tabla3[[#This Row],[Site]],Table35[],12,FALSE) -> 6:00 A.M. | H529: - | I529: =HYPERLINK(VLOOKUP(Tabla3[[#This Row],[Site]],Table35[#All],9,FALSE)) -> https://tools.sig.systems/site/details/349 | J529: =VLOOKUP(Tabla3[[#This Row],[Site]],Table35[],14,FALSE) -> - | L529: =VLOOKUP(Tabla3[[#This Row],[Site]],Table35[#All],2,FALSE) -> - | M529: =VLOOKUP(Tabla3[[#This Row],[Site]],Table35[#All],3,FALSE) -> 1, 7 | N529: =VLOOKUP(Tabla3[[#This Row],[Site]],Table35[#All],4,FALSE) -> - | O529: =VLOOKUP(Tabla3[[#This Row],[Site]],Table35[#All],5,FALSE) -> 17 | P529: =VLOOKUP(Tabla3[[#This Row],[Site]],Table35[#All],6,FALSE) -> 6, 21 | Q529: =VLOOKUP(Tabla3[[#This Row],[Site]],Table35[#All],8,FALSE) -> 349
A530: =+Tabla3[[#This Row],[Site]]&Tabla3[[#This Row],[Split]] -> (BRL) Shoemakersville9 | B530: 9 | C530: 9 | D530: (BRL) Shoemakersville | E530: =VLOOKUP(Tabla3[[#This Row],[Site]],Table35[],10,FALSE) -> 24H | F530: =VLOOKUP(Tabla3[[#This Row],[Site]],Table35[],11,FALSE) -> ET | G530: =VLOOKUP(Tabla3[[#This Row],[Site]],Table35[],12,FALSE) -> - | H530: - | I530: =HYPERLINK(VLOOKUP(Tabla3[[#This Row],[Site]],Table35[#All],9,FALSE)) -> https://tools.sig.systems/site/details/302 | J530: =VLOOKUP(Tabla3[[#This Row],[Site]],Table35[],14,FALSE) -> 0 | L530: =VLOOKUP(Tabla3[[#This Row],[Site]],Table35[#All],2,FALSE) -> - | M530: =VLOOKUP(Tabla3[[#This Row],[Site]],Table35[#All],3,FALSE) -> 8, 11 | N530: =VLOOKUP(Tabla3[[#This Row],[Site]],Table35[#All],4,FALSE) -> - | O530: =VLOOKUP(Tabla3[[#This Row],[Site]],Table35[#All],5,FALSE) -> 1, 6, 13A, 15, 18A | P530: =VLOOKUP(Tabla3[[#This Row],[Site]],Table35[#All],6,FALSE) -> 13B, 23 | Q530: =VLOOKUP(Tabla3[[#This Row],[Site]],Table35[#All],8,FALSE) -> 302
A531: =+Tabla3[[#This Row],[Site]]&Tabla3[[#This Row],[Split]] -> (LT) Luther North Country Ford9 | B531: 9 | C531: 9 | D531: (LT) Luther North Country Ford | E531: =VLOOKUP(Tabla3[[#This Row],[Site]],Table35[],10,FALSE) -> 10:00 P.M. | F531: =VLOOKUP(Tabla3[[#This Row],[Site]],Table35[],11,FALSE) -> CT | G531: =VLOOKUP(Tabla3[[#This Row],[Site]],Table35[],12,FALSE) -> 6:00 A.M. | H531: 10:00 A.M. | I531: =HYPERLINK(VLOOKUP(Tabla3[[#This Row],[Site]],Table35[#All],9,FALSE)) -> https://tools.sig.systems/site/details/292 | J531: =VLOOKUP(Tabla3[[#This Row],[Site]],Table35[],14,FALSE) -> 0 | L531: =VLOOKUP(Tabla3[[#This Row],[Site]],Table35[#All],2,FALSE) -> - | M531: =VLOOKUP(Tabla3[[#This Row],[Site]],Table35[#All],3,FALSE) -> 7, 14, 19 | N531: =VLOOKUP(Tabla3[[#This Row],[Site]],Table35[#All],4,FALSE) -> 30, 31, 32 | O531: =VLOOKUP(Tabla3[[#This Row],[Site]],Table35[#All],5,FALSE) -> - | P531: =VLOOKUP(Tabla3[[#This Row],[Site]],Table35[#All],6,FALSE) -> 1, 4, 9, 13, 15, 16B, 25 | Q531: =VLOOKUP(Tabla3[[#This Row],[Site]],Table35[#All],8,FALSE) -> 292
A532: =+Tabla3[[#This Row],[Site]]&Tabla3[[#This Row],[Split]] -> (PE) Porsche Audi Fairfield (NO TOURS)9 | B532: 9 | C532: 9 | D532: (PE) Porsche Audi Fairfield (NO TOURS) | E532: =VLOOKUP(Tabla3[[#This Row],[Site]],Table35[],10,FALSE) -> 8:00 P.M. | F532: =VLOOKUP(Tabla3[[#This Row],[Site]],Table35[],11,FALSE) -> ET | G532: =VLOOKUP(Tabla3[[#This Row],[Site]],Table35[],12,FALSE) -> 5:00 A.M. | H532: - | I532: =HYPERLINK(VLOOKUP(Tabla3[[#This Row],[Site]],Table35[#All],9,FALSE)) -> https://tools.sig.systems/site/details/194 | J532: =VLOOKUP(Tabla3[[#This Row],[Site]],Table35[],14,FALSE) -> - | L532: =VLOOKUP(Tabla3[[#This Row],[Site]],Table35[#All],2,FALSE) -> 1, 18 | M532: =VLOOKUP(Tabla3[[#This Row],[Site]],Table35[#All],3,FALSE) -> - | N532: =VLOOKUP(Tabla3[[#This Row],[Site]],Table35[#All],4,FALSE) -> - | O532: =VLOOKUP(Tabla3[[#This Row],[Site]],Table35[#All],5,FALSE) -> 20 | P532: =VLOOKUP(Tabla3[[#This Row],[Site]],Table35[#All],6,FALSE) -> 15 | Q532: =VLOOKUP(Tabla3[[#This Row],[Site]],Table35[#All],8,FALSE) -> 194
A533: =+Tabla3[[#This Row],[Site]]&Tabla3[[#This Row],[Split]] -> (AS) Koons Tysons Toyota - UC Recon (NO TOURS)1 | B533: 1 | C533: 1 | D533: (AS) Koons Tysons Toyota - UC Recon (NO TOURS) | E533: =VLOOKUP(Tabla3[[#This Row],[Site]],Table35[],10,FALSE) -> 9:00 P.M. | F533: =VLOOKUP(Tabla3[[#This Row],[Site]],Table35[],11,FALSE) -> ET | G533: =VLOOKUP(Tabla3[[#This Row],[Site]],Table35[],12,FALSE) -> 5:00 A.M. | H533: =VLOOKUP(Tabla3[[#This Row],[Site]],Table35[],13,FALSE) -> - | I533: =HYPERLINK(VLOOKUP(Tabla3[[#This Row],[Site]],Table35[#All],9,FALSE)) -> https://tools.sig.systems/site/details/355 | J533: =VLOOKUP(Tabla3[[#This Row],[Site]],Table35[],14,FALSE) -> - | L533: =VLOOKUP(Tabla3[[#This Row],[Site]],Table35[#All],2,FALSE) -> - | M533: =VLOOKUP(Tabla3[[#This Row],[Site]],Table35[#All],3,FALSE) -> 37, 38 | N533: =VLOOKUP(Tabla3[[#This Row],[Site]],Table35[#All],4,FALSE) -> - | O533: =VLOOKUP(Tabla3[[#This Row],[Site]],Table35[#All],5,FALSE) -> - | P533: =VLOOKUP(Tabla3[[#This Row],[Site]],Table35[#All],6,FALSE) -> - | Q533: =VLOOKUP(Tabla3[[#This Row],[Site]],Table35[#All],8,FALSE) -> 355
A534: =+Tabla3[[#This Row],[Site]]&Tabla3[[#This Row],[Split]] -> (AS) Koons Tysons Toyota - UC Recon (NO TOURS)2 | B534: 2 | C534: 2 | D534: (AS) Koons Tysons Toyota - UC Recon (NO TOURS) | E534: =VLOOKUP(Tabla3[[#This Row],[Site]],Table35[],10,FALSE) -> 9:00 P.M. | F534: =VLOOKUP(Tabla3[[#This Row],[Site]],Table35[],11,FALSE) -> ET | G534: =VLOOKUP(Tabla3[[#This Row],[Site]],Table35[],12,FALSE) -> 5:00 A.M. | H534: =VLOOKUP(Tabla3[[#This Row],[Site]],Table35[],13,FALSE) -> - | I534: =HYPERLINK(VLOOKUP(Tabla3[[#This Row],[Site]],Table35[#All],9,FALSE)) -> https://tools.sig.systems/site/details/355 | J534: =VLOOKUP(Tabla3[[#This Row],[Site]],Table35[],14,FALSE) -> - | L534: =VLOOKUP(Tabla3[[#This Row],[Site]],Table35[#All],2,FALSE) -> - | M534: =VLOOKUP(Tabla3[[#This Row],[Site]],Table35[#All],3,FALSE) -> 37, 38 | N534: =VLOOKUP(Tabla3[[#This Row],[Site]],Table35[#All],4,FALSE) -> - | O534: =VLOOKUP(Tabla3[[#This Row],[Site]],Table35[#All],5,FALSE) -> - | P534: =VLOOKUP(Tabla3[[#This Row],[Site]],Table35[#All],6,FALSE) -> - | Q534: =VLOOKUP(Tabla3[[#This Row],[Site]],Table35[#All],8,FALSE) -> 355
A535: =+Tabla3[[#This Row],[Site]]&Tabla3[[#This Row],[Split]] -> (AS) Koons Tysons Toyota - UC Recon (NO TOURS)3 | B535: 3 | C535: 3 | D535: (AS) Koons Tysons Toyota - UC Recon (NO TOURS) | E535: =VLOOKUP(Tabla3[[#This Row],[Site]],Table35[],10,FALSE) -> 9:00 P.M. | F535: =VLOOKUP(Tabla3[[#This Row],[Site]],Table35[],11,FALSE) -> ET | G535: =VLOOKUP(Tabla3[[#This Row],[Site]],Table35[],12,FALSE) -> 5:00 A.M. | H535: =VLOOKUP(Tabla3[[#This Row],[Site]],Table35[],13,FALSE) -> - | I535: =HYPERLINK(VLOOKUP(Tabla3[[#This Row],[Site]],Table35[#All],9,FALSE)) -> https://tools.sig.systems/site/details/355 | J535: =VLOOKUP(Tabla3[[#This Row],[Site]],Table35[],14,FALSE) -> - | L535: =VLOOKUP(Tabla3[[#This Row],[Site]],Table35[#All],2,FALSE) -> - | M535: =VLOOKUP(Tabla3[[#This Row],[Site]],Table35[#All],3,FALSE) -> 37, 38 | N535: =VLOOKUP(Tabla3[[#This Row],[Site]],Table35[#All],4,FALSE) -> - | O535: =VLOOKUP(Tabla3[[#This Row],[Site]],Table35[#All],5,FALSE) -> - | P535: =VLOOKUP(Tabla3[[#This Row],[Site]],Table35[#All],6,FALSE) -> - | Q535: =VLOOKUP(Tabla3[[#This Row],[Site]],Table35[#All],8,FALSE) -> 355
A536: =+Tabla3[[#This Row],[Site]]&Tabla3[[#This Row],[Split]] -> (AS) Koons Tysons Toyota - UC Recon (NO TOURS)4 | B536: 4 | C536: 1 | D536: (AS) Koons Tysons Toyota - UC Recon (NO TOURS) | E536: =VLOOKUP(Tabla3[[#This Row],[Site]],Table35[],10,FALSE) -> 9:00 P.M. | F536: =VLOOKUP(Tabla3[[#This Row],[Site]],Table35[],11,FALSE) -> ET | G536: =VLOOKUP(Tabla3[[#This Row],[Site]],Table35[],12,FALSE) -> 5:00 A.M. | H536: =VLOOKUP(Tabla3[[#This Row],[Site]],Table35[],13,FALSE) -> - | I536: =HYPERLINK(VLOOKUP(Tabla3[[#This Row],[Site]],Table35[#All],9,FALSE)) -> https://tools.sig.systems/site/details/355 | J536: =VLOOKUP(Tabla3[[#This Row],[Site]],Table35[],14,FALSE) -> - | L536: =VLOOKUP(Tabla3[[#This Row],[Site]],Table35[#All],2,FALSE) -> - | M536: =VLOOKUP(Tabla3[[#This Row],[Site]],Table35[#All],3,FALSE) -> 37, 38 | N536: =VLOOKUP(Tabla3[[#This Row],[Site]],Table35[#All],4,FALSE) -> - | O536: =VLOOKUP(Tabla3[[#This Row],[Site]],Table35[#All],5,FALSE) -> - | P536: =VLOOKUP(Tabla3[[#This Row],[Site]],Table35[#All],6,FALSE) -> - | Q536: =VLOOKUP(Tabla3[[#This Row],[Site]],Table35[#All],8,FALSE) -> 355
A537: =+Tabla3[[#This Row],[Site]]&Tabla3[[#This Row],[Split]] -> (AS) Koons Tysons Toyota - UC Recon (NO TOURS)5 | B537: 5 | C537: 3 | D537: (AS) Koons Tysons Toyota - UC Recon (NO TOURS) | E537: =VLOOKUP(Tabla3[[#This Row],[Site]],Table35[],10,FALSE) -> 9:00 P.M. | F537: =VLOOKUP(Tabla3[[#This Row],[Site]],Table35[],11,FALSE) -> ET | G537: =VLOOKUP(Tabla3[[#This Row],[Site]],Table35[],12,FALSE) -> 5:00 A.M. | H537: =VLOOKUP(Tabla3[[#This Row],[Site]],Table35[],13,FALSE) -> - | I537: =HYPERLINK(VLOOKUP(Tabla3[[#This Row],[Site]],Table35[#All],9,FALSE)) -> https://tools.sig.systems/site/details/355 | J537: =VLOOKUP(Tabla3[[#This Row],[Site]],Table35[],14,FALSE) -> - | L537: =VLOOKUP(Tabla3[[#This Row],[Site]],Table35[#All],2,FALSE) -> - | M537: =VLOOKUP(Tabla3[[#This Row],[Site]],Table35[#All],3,FALSE) -> 37, 38 | N537: =VLOOKUP(Tabla3[[#This Row],[Site]],Table35[#All],4,FALSE) -> - | O537: =VLOOKUP(Tabla3[[#This Row],[Site]],Table35[#All],5,FALSE) -> - | P537: =VLOOKUP(Tabla3[[#This Row],[Site]],Table35[#All],6,FALSE) -> - | Q537: =VLOOKUP(Tabla3[[#This Row],[Site]],Table35[#All],8,FALSE) -> 355
A538: =+Tabla3[[#This Row],[Site]]&Tabla3[[#This Row],[Split]] -> (AS) Koons Tysons Toyota - UC Recon (NO TOURS)6 | B538: 6 | C538: 3 | D538: (AS) Koons Tysons Toyota - UC Recon (NO TOURS) | E538: =VLOOKUP(Tabla3[[#This Row],[Site]],Table35[],10,FALSE) -> 9:00 P.M. | F538: =VLOOKUP(Tabla3[[#This Row],[Site]],Table35[],11,FALSE) -> ET | G538: =VLOOKUP(Tabla3[[#This Row],[Site]],Table35[],12,FALSE) -> 5:00 A.M. | H538: - | I538: =HYPERLINK(VLOOKUP(Tabla3[[#This Row],[Site]],Table35[#All],9,FALSE)) -> https://tools.sig.systems/site/details/355 | J538: =VLOOKUP(Tabla3[[#This Row],[Site]],Table35[],14,FALSE) -> - | L538: =VLOOKUP(Tabla3[[#This Row],[Site]],Table35[#All],2,FALSE) -> - | M538: =VLOOKUP(Tabla3[[#This Row],[Site]],Table35[#All],3,FALSE) -> 37, 38 | N538: =VLOOKUP(Tabla3[[#This Row],[Site]],Table35[#All],4,FALSE) -> - | O538: =VLOOKUP(Tabla3[[#This Row],[Site]],Table35[#All],5,FALSE) -> - | P538: =VLOOKUP(Tabla3[[#This Row],[Site]],Table35[#All],6,FALSE) -> - | Q538: =VLOOKUP(Tabla3[[#This Row],[Site]],Table35[#All],8,FALSE) -> 355
A539: =+Tabla3[[#This Row],[Site]]&Tabla3[[#This Row],[Split]] -> (AS) Koons Tysons Toyota - UC Recon (NO TOURS)7 | B539: 7 | C539: 3 | D539: (AS) Koons Tysons Toyota - UC Recon (NO TOURS) | E539: =VLOOKUP(Tabla3[[#This Row],[Site]],Table35[],10,FALSE) -> 9:00 P.M. | F539: =VLOOKUP(Tabla3[[#This Row],[Site]],Table35[],11,FALSE) -> ET | G539: =VLOOKUP(Tabla3[[#This Row],[Site]],Table35[],12,FALSE) -> 5:00 A.M. | H539: - | I539: =HYPERLINK(VLOOKUP(Tabla3[[#This Row],[Site]],Table35[#All],9,FALSE)) -> https://tools.sig.systems/site/details/355 | J539: =VLOOKUP(Tabla3[[#This Row],[Site]],Table35[],14,FALSE) -> - | L539: =VLOOKUP(Tabla3[[#This Row],[Site]],Table35[#All],2,FALSE) -> - | M539: =VLOOKUP(Tabla3[[#This Row],[Site]],Table35[#All],3,FALSE) -> 37, 38 | N539: =VLOOKUP(Tabla3[[#This Row],[Site]],Table35[#All],4,FALSE) -> - | O539: =VLOOKUP(Tabla3[[#This Row],[Site]],Table35[#All],5,FALSE) -> - | P539: =VLOOKUP(Tabla3[[#This Row],[Site]],Table35[#All],6,FALSE) -> - | Q539: =VLOOKUP(Tabla3[[#This Row],[Site]],Table35[#All],8,FALSE) -> 355
A540: =+Tabla3[[#This Row],[Site]]&Tabla3[[#This Row],[Split]] -> (AS) Koons Tysons Toyota - UC Recon (NO TOURS)8 | B540: 8 | C540: 7 | D540: (AS) Koons Tysons Toyota - UC Recon (NO TOURS) | E540: =VLOOKUP(Tabla3[[#This Row],[Site]],Table35[],10,FALSE) -> 9:00 P.M. | F540: =VLOOKUP(Tabla3[[#This Row],[Site]],Table35[],11,FALSE) -> ET | G540: =VLOOKUP(Tabla3[[#This Row],[Site]],Table35[],12,FALSE) -> 5:00 A.M. | H540: 10:00 A.M. | I540: =HYPERLINK(VLOOKUP(Tabla3[[#This Row],[Site]],Table35[#All],9,FALSE)) -> https://tools.sig.systems/site/details/355 | J540: =VLOOKUP(Tabla3[[#This Row],[Site]],Table35[],14,FALSE) -> - | L540: =VLOOKUP(Tabla3[[#This Row],[Site]],Table35[#All],2,FALSE) -> - | M540: =VLOOKUP(Tabla3[[#This Row],[Site]],Table35[#All],3,FALSE) -> 37, 38 | N540: =VLOOKUP(Tabla3[[#This Row],[Site]],Table35[#All],4,FALSE) -> - | O540: =VLOOKUP(Tabla3[[#This Row],[Site]],Table35[#All],5,FALSE) -> - | P540: =VLOOKUP(Tabla3[[#This Row],[Site]],Table35[#All],6,FALSE) -> - | Q540: =VLOOKUP(Tabla3[[#This Row],[Site]],Table35[#All],8,FALSE) -> 355
A541: =+Tabla3[[#This Row],[Site]]&Tabla3[[#This Row],[Split]] -> (AS) Koons Tysons Toyota - UC Recon (NO TOURS)9 | B541: 9 | C541: 3 | D541: (AS) Koons Tysons Toyota - UC Recon (NO TOURS) | E541: =VLOOKUP(Tabla3[[#This Row],[Site]],Table35[],10,FALSE) -> 9:00 P.M. | F541: =VLOOKUP(Tabla3[[#This Row],[Site]],Table35[],11,FALSE) -> ET | G541: =VLOOKUP(Tabla3[[#This Row],[Site]],Table35[],12,FALSE) -> 5:00 A.M. | H541: 10:00 A.M. | I541: =HYPERLINK(VLOOKUP(Tabla3[[#This Row],[Site]],Table35[#All],9,FALSE)) -> https://tools.sig.systems/site/details/355 | J541: =VLOOKUP(Tabla3[[#This Row],[Site]],Table35[],14,FALSE) -> - | L541: =VLOOKUP(Tabla3[[#This Row],[Site]],Table35[#All],2,FALSE) -> - | M541: =VLOOKUP(Tabla3[[#This Row],[Site]],Table35[#All],3,FALSE) -> 37, 38 | N541: =VLOOKUP(Tabla3[[#This Row],[Site]],Table35[#All],4,FALSE) -> - | O541: =VLOOKUP(Tabla3[[#This Row],[Site]],Table35[#All],5,FALSE) -> - | P541: =VLOOKUP(Tabla3[[#This Row],[Site]],Table35[#All],6,FALSE) -> - | Q541: =VLOOKUP(Tabla3[[#This Row],[Site]],Table35[#All],8,FALSE) -> 355
A542: =+Tabla3[[#This Row],[Site]]&Tabla3[[#This Row],[Split]] | E542: =VLOOKUP(Tabla3[[#This Row],[Site]],Table35[],10,FALSE) -> #N/A | F542: =VLOOKUP(Tabla3[[#This Row],[Site]],Table35[],11,FALSE) -> #N/A | G542: =VLOOKUP(Tabla3[[#This Row],[Site]],Table35[],12,FALSE) -> #N/A | H542: 10:00 A.M. | I542: =HYPERLINK(VLOOKUP(Tabla3[[#This Row],[Site]],Table35[#All],9,FALSE)) -> #N/A | J542: =VLOOKUP(Tabla3[[#This Row],[Site]],Table35[],14,FALSE) -> #N/A | L542: =VLOOKUP(Tabla3[[#This Row],[Site]],Table35[#All],2,FALSE) -> #N/A | M542: =VLOOKUP(Tabla3[[#This Row],[Site]],Table35[#All],3,FALSE) -> #N/A | N542: =VLOOKUP(Tabla3[[#This Row],[Site]],Table35[#All],4,FALSE) -> #N/A | O542: =VLOOKUP(Tabla3[[#This Row],[Site]],Table35[#All],5,FALSE) -> #N/A | P542: =VLOOKUP(Tabla3[[#This Row],[Site]],Table35[#All],6,FALSE) -> #N/A | Q542: =VLOOKUP(Tabla3[[#This Row],[Site]],Table35[#All],8,FALSE) -> #N/A
A543: =+Tabla3[[#This Row],[Site]]&Tabla3[[#This Row],[Split]] | E543: =VLOOKUP(Tabla3[[#This Row],[Site]],Table35[],10,FALSE) -> #N/A | F543: =VLOOKUP(Tabla3[[#This Row],[Site]],Table35[],11,FALSE) -> #N/A | G543: =VLOOKUP(Tabla3[[#This Row],[Site]],Table35[],12,FALSE) -> #N/A | H543: 10:00 A.M. | I543: =HYPERLINK(VLOOKUP(Tabla3[[#This Row],[Site]],Table35[#All],9,FALSE)) -> #N/A | J543: =VLOOKUP(Tabla3[[#This Row],[Site]],Table35[],14,FALSE) -> #N/A | L543: =VLOOKUP(Tabla3[[#This Row],[Site]],Table35[#All],2,FALSE) -> #N/A | M543: =VLOOKUP(Tabla3[[#This Row],[Site]],Table35[#All],3,FALSE) -> #N/A | N543: =VLOOKUP(Tabla3[[#This Row],[Site]],Table35[#All],4,FALSE) -> #N/A | O543: =VLOOKUP(Tabla3[[#This Row],[Site]],Table35[#All],5,FALSE) -> #N/A | P543: =VLOOKUP(Tabla3[[#This Row],[Site]],Table35[#All],6,FALSE) -> #N/A | Q543: =VLOOKUP(Tabla3[[#This Row],[Site]],Table35[#All],8,FALSE) -> #N/A
A544: =+Tabla3[[#This Row],[Site]]&Tabla3[[#This Row],[Split]] | E544: =VLOOKUP(Tabla3[[#This Row],[Site]],Table35[],10,FALSE) -> #N/A | F544: =VLOOKUP(Tabla3[[#This Row],[Site]],Table35[],11,FALSE) -> #N/A | G544: =VLOOKUP(Tabla3[[#This Row],[Site]],Table35[],12,FALSE) -> #N/A | H544: 10:00 A.M. | I544: =HYPERLINK(VLOOKUP(Tabla3[[#This Row],[Site]],Table35[#All],9,FALSE)) -> #N/A | J544: =VLOOKUP(Tabla3[[#This Row],[Site]],Table35[],14,FALSE) -> #N/A | L544: =VLOOKUP(Tabla3[[#This Row],[Site]],Table35[#All],2,FALSE) -> #N/A | M544: =VLOOKUP(Tabla3[[#This Row],[Site]],Table35[#All],3,FALSE) -> #N/A | N544: =VLOOKUP(Tabla3[[#This Row],[Site]],Table35[#All],4,FALSE) -> #N/A | O544: =VLOOKUP(Tabla3[[#This Row],[Site]],Table35[#All],5,FALSE) -> #N/A | P544: =VLOOKUP(Tabla3[[#This Row],[Site]],Table35[#All],6,FALSE) -> #N/A | Q544: =VLOOKUP(Tabla3[[#This Row],[Site]],Table35[#All],8,FALSE) -> #N/A
A545: =+Tabla3[[#This Row],[Site]]&Tabla3[[#This Row],[Split]] | E545: =VLOOKUP(Tabla3[[#This Row],[Site]],Table35[],10,FALSE) -> #N/A | F545: =VLOOKUP(Tabla3[[#This Row],[Site]],Table35[],11,FALSE) -> #N/A | G545: =VLOOKUP(Tabla3[[#This Row],[Site]],Table35[],12,FALSE) -> #N/A | H545: 10:00 A.M. | I545: =HYPERLINK(VLOOKUP(Tabla3[[#This Row],[Site]],Table35[#All],9,FALSE)) -> #N/A | J545: =VLOOKUP(Tabla3[[#This Row],[Site]],Table35[],14,FALSE) -> #N/A | L545: =VLOOKUP(Tabla3[[#This Row],[Site]],Table35[#All],2,FALSE) -> #N/A | M545: =VLOOKUP(Tabla3[[#This Row],[Site]],Table35[#All],3,FALSE) -> #N/A | N545: =VLOOKUP(Tabla3[[#This Row],[Site]],Table35[#All],4,FALSE) -> #N/A | O545: =VLOOKUP(Tabla3[[#This Row],[Site]],Table35[#All],5,FALSE) -> #N/A | P545: =VLOOKUP(Tabla3[[#This Row],[Site]],Table35[#All],6,FALSE) -> #N/A | Q545: =VLOOKUP(Tabla3[[#This Row],[Site]],Table35[#All],8,FALSE) -> #N/A
A546: =+Tabla3[[#This Row],[Site]]&Tabla3[[#This Row],[Split]] | E546: =VLOOKUP(Tabla3[[#This Row],[Site]],Table35[],10,FALSE) -> #N/A | F546: =VLOOKUP(Tabla3[[#This Row],[Site]],Table35[],11,FALSE) -> #N/A | G546: =VLOOKUP(Tabla3[[#This Row],[Site]],Table35[],12,FALSE) -> #N/A | H546: 10:00 A.M. | I546: =HYPERLINK(VLOOKUP(Tabla3[[#This Row],[Site]],Table35[#All],9,FALSE)) -> #N/A | J546: =VLOOKUP(Tabla3[[#This Row],[Site]],Table35[],14,FALSE) -> #N/A | L546: =VLOOKUP(Tabla3[[#This Row],[Site]],Table35[#All],2,FALSE) -> #N/A | M546: =VLOOKUP(Tabla3[[#This Row],[Site]],Table35[#All],3,FALSE) -> #N/A | N546: =VLOOKUP(Tabla3[[#This Row],[Site]],Table35[#All],4,FALSE) -> #N/A | O546: =VLOOKUP(Tabla3[[#This Row],[Site]],Table35[#All],5,FALSE) -> #N/A | P546: =VLOOKUP(Tabla3[[#This Row],[Site]],Table35[#All],6,FALSE) -> #N/A | Q546: =VLOOKUP(Tabla3[[#This Row],[Site]],Table35[#All],8,FALSE) -> #N/A
A547: =+Tabla3[[#This Row],[Site]]&Tabla3[[#This Row],[Split]] | E547: =VLOOKUP(Tabla3[[#This Row],[Site]],Table35[],10,FALSE) -> #N/A | F547: =VLOOKUP(Tabla3[[#This Row],[Site]],Table35[],11,FALSE) -> #N/A | G547: =VLOOKUP(Tabla3[[#This Row],[Site]],Table35[],12,FALSE) -> #N/A | H547: 10:00 A.M. | I547: =HYPERLINK(VLOOKUP(Tabla3[[#This Row],[Site]],Table35[#All],9,FALSE)) -> #N/A | J547: =VLOOKUP(Tabla3[[#This Row],[Site]],Table35[],14,FALSE) -> #N/A | L547: =VLOOKUP(Tabla3[[#This Row],[Site]],Table35[#All],2,FALSE) -> #N/A | M547: =VLOOKUP(Tabla3[[#This Row],[Site]],Table35[#All],3,FALSE) -> #N/A | N547: =VLOOKUP(Tabla3[[#This Row],[Site]],Table35[#All],4,FALSE) -> #N/A | O547: =VLOOKUP(Tabla3[[#This Row],[Site]],Table35[#All],5,FALSE) -> #N/A | P547: =VLOOKUP(Tabla3[[#This Row],[Site]],Table35[#All],6,FALSE) -> #N/A | Q547: =VLOOKUP(Tabla3[[#This Row],[Site]],Table35[#All],8,FALSE) -> #N/A
A548: =+Tabla3[[#This Row],[Site]]&Tabla3[[#This Row],[Split]] | E548: =VLOOKUP(Tabla3[[#This Row],[Site]],Table35[],10,FALSE) -> #N/A | F548: =VLOOKUP(Tabla3[[#This Row],[Site]],Table35[],11,FALSE) -> #N/A | G548: =VLOOKUP(Tabla3[[#This Row],[Site]],Table35[],12,FALSE) -> #N/A | H548: 10:00 A.M. | I548: =HYPERLINK(VLOOKUP(Tabla3[[#This Row],[Site]],Table35[#All],9,FALSE)) -> #N/A | J548: =VLOOKUP(Tabla3[[#This Row],[Site]],Table35[],14,FALSE) -> #N/A | L548: =VLOOKUP(Tabla3[[#This Row],[Site]],Table35[#All],2,FALSE) -> #N/A | M548: =VLOOKUP(Tabla3[[#This Row],[Site]],Table35[#All],3,FALSE) -> #N/A | N548: =VLOOKUP(Tabla3[[#This Row],[Site]],Table35[#All],4,FALSE) -> #N/A | O548: =VLOOKUP(Tabla3[[#This Row],[Site]],Table35[#All],5,FALSE) -> #N/A | P548: =VLOOKUP(Tabla3[[#This Row],[Site]],Table35[#All],6,FALSE) -> #N/A | Q548: =VLOOKUP(Tabla3[[#This Row],[Site]],Table35[#All],8,FALSE) -> #N/A
A549: =+Tabla3[[#This Row],[Site]]&Tabla3[[#This Row],[Split]] | E549: =VLOOKUP(Tabla3[[#This Row],[Site]],Table35[],10,FALSE) -> #N/A | F549: =VLOOKUP(Tabla3[[#This Row],[Site]],Table35[],11,FALSE) -> #N/A | G549: =VLOOKUP(Tabla3[[#This Row],[Site]],Table35[],12,FALSE) -> #N/A | H549: 10:00 A.M. | I549: =HYPERLINK(VLOOKUP(Tabla3[[#This Row],[Site]],Table35[#All],9,FALSE)) -> #N/A | J549: =VLOOKUP(Tabla3[[#This Row],[Site]],Table35[],14,FALSE) -> #N/A | L549: =VLOOKUP(Tabla3[[#This Row],[Site]],Table35[#All],2,FALSE) -> #N/A | M549: =VLOOKUP(Tabla3[[#This Row],[Site]],Table35[#All],3,FALSE) -> #N/A | N549: =VLOOKUP(Tabla3[[#This Row],[Site]],Table35[#All],4,FALSE) -> #N/A | O549: =VLOOKUP(Tabla3[[#This Row],[Site]],Table35[#All],5,FALSE) -> #N/A | P549: =VLOOKUP(Tabla3[[#This Row],[Site]],Table35[#All],6,FALSE) -> #N/A | Q549: =VLOOKUP(Tabla3[[#This Row],[Site]],Table35[#All],8,FALSE) -> #N/A
A550: =+Tabla3[[#This Row],[Site]]&Tabla3[[#This Row],[Split]] | E550: =VLOOKUP(Tabla3[[#This Row],[Site]],Table35[],10,FALSE) -> #N/A | F550: =VLOOKUP(Tabla3[[#This Row],[Site]],Table35[],11,FALSE) -> #N/A | G550: =VLOOKUP(Tabla3[[#This Row],[Site]],Table35[],12,FALSE) -> #N/A | H550: 10:00 A.M. | I550: =HYPERLINK(VLOOKUP(Tabla3[[#This Row],[Site]],Table35[#All],9,FALSE)) -> #N/A | J550: =VLOOKUP(Tabla3[[#This Row],[Site]],Table35[],14,FALSE) -> #N/A | L550: =VLOOKUP(Tabla3[[#This Row],[Site]],Table35[#All],2,FALSE) -> #N/A | M550: =VLOOKUP(Tabla3[[#This Row],[Site]],Table35[#All],3,FALSE) -> #N/A | N550: =VLOOKUP(Tabla3[[#This Row],[Site]],Table35[#All],4,FALSE) -> #N/A | O550: =VLOOKUP(Tabla3[[#This Row],[Site]],Table35[#All],5,FALSE) -> #N/A | P550: =VLOOKUP(Tabla3[[#This Row],[Site]],Table35[#All],6,FALSE) -> #N/A | Q550: =VLOOKUP(Tabla3[[#This Row],[Site]],Table35[#All],8,FALSE) -> #N/A
A551: =+Tabla3[[#This Row],[Site]]&Tabla3[[#This Row],[Split]] | E551: =VLOOKUP(Tabla3[[#This Row],[Site]],Table35[],10,FALSE) -> #N/A | F551: =VLOOKUP(Tabla3[[#This Row],[Site]],Table35[],11,FALSE) -> #N/A | G551: =VLOOKUP(Tabla3[[#This Row],[Site]],Table35[],12,FALSE) -> #N/A | H551: 10:00 A.M. | I551: =HYPERLINK(VLOOKUP(Tabla3[[#This Row],[Site]],Table35[#All],9,FALSE)) -> #N/A | J551: =VLOOKUP(Tabla3[[#This Row],[Site]],Table35[],14,FALSE) -> #N/A | L551: =VLOOKUP(Tabla3[[#This Row],[Site]],Table35[#All],2,FALSE) -> #N/A | M551: =VLOOKUP(Tabla3[[#This Row],[Site]],Table35[#All],3,FALSE) -> #N/A | N551: =VLOOKUP(Tabla3[[#This Row],[Site]],Table35[#All],4,FALSE) -> #N/A | O551: =VLOOKUP(Tabla3[[#This Row],[Site]],Table35[#All],5,FALSE) -> #N/A | P551: =VLOOKUP(Tabla3[[#This Row],[Site]],Table35[#All],6,FALSE) -> #N/A | Q551: =VLOOKUP(Tabla3[[#This Row],[Site]],Table35[#All],8,FALSE) -> #N/A
A552: =+Tabla3[[#This Row],[Site]]&Tabla3[[#This Row],[Split]] | E552: =VLOOKUP(Tabla3[[#This Row],[Site]],Table35[],10,FALSE) -> #N/A | F552: =VLOOKUP(Tabla3[[#This Row],[Site]],Table35[],11,FALSE) -> #N/A | G552: =VLOOKUP(Tabla3[[#This Row],[Site]],Table35[],12,FALSE) -> #N/A | H552: 10:00 A.M. | I552: =HYPERLINK(VLOOKUP(Tabla3[[#This Row],[Site]],Table35[#All],9,FALSE)) -> #N/A | J552: =VLOOKUP(Tabla3[[#This Row],[Site]],Table35[],14,FALSE) -> #N/A | L552: =VLOOKUP(Tabla3[[#This Row],[Site]],Table35[#All],2,FALSE) -> #N/A | M552: =VLOOKUP(Tabla3[[#This Row],[Site]],Table35[#All],3,FALSE) -> #N/A | N552: =VLOOKUP(Tabla3[[#This Row],[Site]],Table35[#All],4,FALSE) -> #N/A | O552: =VLOOKUP(Tabla3[[#This Row],[Site]],Table35[#All],5,FALSE) -> #N/A | P552: =VLOOKUP(Tabla3[[#This Row],[Site]],Table35[#All],6,FALSE) -> #N/A | Q552: =VLOOKUP(Tabla3[[#This Row],[Site]],Table35[#All],8,FALSE) -> #N/A
A553: =+Tabla3[[#This Row],[Site]]&Tabla3[[#This Row],[Split]] | E553: =VLOOKUP(Tabla3[[#This Row],[Site]],Table35[],10,FALSE) -> #N/A | F553: =VLOOKUP(Tabla3[[#This Row],[Site]],Table35[],11,FALSE) -> #N/A | G553: =VLOOKUP(Tabla3[[#This Row],[Site]],Table35[],12,FALSE) -> #N/A | H553: 10:00 A.M. | I553: =HYPERLINK(VLOOKUP(Tabla3[[#This Row],[Site]],Table35[#All],9,FALSE)) -> #N/A | J553: =VLOOKUP(Tabla3[[#This Row],[Site]],Table35[],14,FALSE) -> #N/A | L553: =VLOOKUP(Tabla3[[#This Row],[Site]],Table35[#All],2,FALSE) -> #N/A | M553: =VLOOKUP(Tabla3[[#This Row],[Site]],Table35[#All],3,FALSE) -> #N/A | N553: =VLOOKUP(Tabla3[[#This Row],[Site]],Table35[#All],4,FALSE) -> #N/A | O553: =VLOOKUP(Tabla3[[#This Row],[Site]],Table35[#All],5,FALSE) -> #N/A | P553: =VLOOKUP(Tabla3[[#This Row],[Site]],Table35[#All],6,FALSE) -> #N/A | Q553: =VLOOKUP(Tabla3[[#This Row],[Site]],Table35[#All],8,FALSE) -> #N/A
...

Sheet Important Info!
A1: SITES | B1: GATES | C1: ENTRANCES | D1: LPR GATES | E1: PTZ | F1: IMPORTANT CAMERAS | G1: BLIND SPOTS | H1: ID | I1: SIG TOOLS | J1: HOUR | K1: TIME | L1: DROP TIME | M1: SUNDAY (D.T.) | N1: MAP
A2: (AS) 3281 Storage Lot (NO TOURS) | B2: - | C2: 2, 14 | D2: - | E2: - | F2: 1, 3, 9, 10, 14 | G2: - | H2: 305 | I2: https://tools.sig.systems/site/details/305 | J2: 10:00 P.M. | K2: CT | L2: 6:00 A.M. | M2: - | N2: https://www.google.com/maps/d/edit?hl=es&mid=1uPmsRMsXnp74hPFW2t-sp2totVWF_xY&ll=32.83050137713022%2C-96.83197783061323&z=17
A3: (AS) Coggin BMW Ft. Pierce (NO TOURS) | B3: 3, 10, 13 | C3: - | D3: - | E3: 2 | F3: 1, 20, 27 | G3: - | H3: 119 | I3: https://tools.sig.systems/site/details/119 | J3: 9:00 P.M. | K3: ET | L3: 5:00 A.M. | M3: - | N3: https://www.google.com/maps/d/viewer?mid=1AyViBuyeq7iwDua1SVudJ2A1BYi3IBA&ll=27.38181516363982%2C-80.32568845000002&z=18
A4: (AS) Coggin Collision Center of Kissimmee (NO TOURS) | B4: 1, 12 | C4: - | D4: - | E4: - | F4: 2, 7, 9 | G4: 6, 10 | H4: 331 | I4: https://tools.sig.systems/site/details/331 | J4: 9:00 P.M. | K4: ET | L4: 5:00 A.M. | M4: - | N4: 0
A5: (AS) Coggin Honda of Orlando (NO TOURS) | B5: 2, 10, 12B, 14, 38 | C5: - | D5: - | E5: 12, 31 | F5: 12B, 26, 37, 19 | G5: - | H5: 324 | I5: https://tools.sig.systems/site/details/324 | J5: 9:00 P.M. | K5: ET | L5: 5:00 A.M. | M5: 11:00 A.M. | N5: 0
A6: (AS) Hare Chevrolet (NO TOURS) | B6: 18, 24 | C6: 2, 3 | D6: - | E6: 5 | F6: 1, 5, 7, 8, 21, 29 | G6: - | H6: 301 | I6: https://tools.sig.systems/site/details/301 | J6: 9:00 P.M. | K6: ET | L6: 5:00 A.M. | M6: - | N6: https://www.google.com/maps/d/edit?mid=1hsX5GGrNcCQgAuzDCDz1OWgEkhsAc78&usp=sharing
A7: (AS) Hare Truck Center (NO TOURS) | B7: - | C7: 1, 5 | D7: - | E7: - | F7: 2, 6, 10, 12, 17 | G7: - | H7: 300 | I7: https://tools.sig.systems/site/details/300 | J7: 9:00 P.M. | K7: ET | L7: 5:00 A.M. | M7: - | N7: https://www.google.com/maps/d/edit?mid=1hsX5GGrNcCQgAuzDCDz1OWgEkhsAc78&usp=sharing
A8: (AS) Kahlo CDJR (NO TOURS) | B8: - | C8: 12, 25 | D8: 15, 16 | E8: 20 | F8: 1, 2, 9, 22, 31, 57 | G8: - | H8: 282 | I8: https://tools.sig.systems/site/details/282 | J8: 9:00 P.M. | K8: ET | L8: 5:00 A.M. | M8: - | N8: https://www.google.com/maps/d/edit?mid=1hsX5GGrNcCQgAuzDCDz1OWgEkhsAc78&usp=sharing
A9: (AS) Koons Annapolis Toyota (NO TOURS) | B9: 6 | C9: 1, 6, 21 | D9: - | E9: - | F9: 3, 5, 7, 19 | G9: - | H9: 337 | I9: https://tools.sig.systems/site/details/337 | J9: 9:00 P.M. | K9: ET | L9: 5:00 A.M. | M9: 0 | N9: -
A10: (AS) Koons Arlington Toyota - New Car (NO TOURS) | B10: - | C10: 1, 3, 12, 15, 17 | D10: - | E10: - | F10: 2, 6, 18, 20 | G10: 1, 2 | H10: 334 | I10: https://tools.sig.systems/site/details/334 | J10: 9:00 P.M. | K10: ET | L10: 5:00 A.M. | M10: 10:00 A.M. | N10: -
A11: (AS) Koons Baltimore Ford - Main Dealership (NO TOURS) | B11: 21, 22, 24, 32, 45 | C11: 1 | D11: - | E11: 1, 8 | F11: 5, 28, 38 | G11: - | H11: 335 | I11: https://tools.sig.systems/site/details/335 | J11: 9:00 P.M. | K11: ET | L11: 5:00 A.M. | M11: - | N11: -
A12: (AS) Koons Chevrolet Buick GMC - Clarksville (NO TOURS) | B12: - | C12: 1, 22, 26, 28, 29 | D12: - | E12: - | F12: 3, 11, 15, 23 | G12: - | H12: 306 | I12: https://tools.sig.systems/site/details/306 | J12: 9:00 P.M. | K12: ET | L12: 5:00 A.M. | M12: 10:00 A.M. | N12: https://www.google.com/maps/d/edit?hl=es&mid=11XB1lTSP7EcDCDvzypdUPWP6bWCNAEI&ll=39.21145022420528%2C-76.94003711910554&z=17
A13: (AS) Koons Chevrolet Buick GMC - Clarksville Remote Lot (NO TOURS) | B13: - | C13: 1, 5 | D13: - | E13: - | F13: 14, 16 | G13: - | H13: 308 | I13: https://tools.sig.systems/site/details/308 | J13: 9:00 P.M. | K13: ET | L13: 5:00 A.M. | M13: 10:00 A.M. | N13: https://www.google.com/maps/d/edit?hl=es&mid=11XB1lTSP7EcDCDvzypdUPWP6bWCNAEI&ll=39.21145022420528%2C-76.94003711910554&z=21
A14: (AS) Koons Chevrolet Buick GMC - Tysons (NO TOURS) | B14: - | C14: 3, 6 | D14: - | E14: 4 | F14: 2, 9, 17 | G14: 18, 19 | H14: 352 | I14: https://tools.sig.systems/site/details/352 | J14: 9:00 P.M. | K14: ET | L14: 5:00 A.M. | M14: 10:00 A.M. | N14: -
A15: (AS) Koons Chevrolet Buick GMC - Tysons Remote Lot (NO TOURS) | B15: - | C15: 6 | D15: 1, 2, 3 | E15: 7, 10, 16, 29 | F15: 14, 17, 30 | G15: - | H15: 333 | I15: https://tools.sig.systems/site/details/333 | J15: 9:00 P.M. | K15: ET | L15: 5:00 A.M. | M15: - | N15: -
A16: (AS) Koons Easton Toyota - Main Dealership (NO TOURS) | B16: - | C16: 4, 5 | D16: - | E16: - | F16: 8, 15 | G16: - | H16: 340 | I16: https://tools.sig.systems/site/details/340 | J16: 9:00 P.M. | K16: ET | L16: 5:00 A.M. | M16: - | N16: -
A17: (AS) Koons Falls Church Ford (NO TOURS) | B17: - | C17: 1 | D17: - | E17: - | F17: - | G17: - | H17: 345 | I17: https://tools.sig.systems/site/details/345 | J17: 9:00 P.M. | K17: ET | L17: 5:00 A.M. | M17: 10:00 A.M. | N17: -
A18: (AS) Koons MB of Catonsville (NO TOURS) | B18: - | C18: 15, 16, 17, 29 | D18: 29 | E18: 5 | F18: 1, 7, 8, 12, 19, 32 | G18: - | H18: 303 | I18: https://tools.sig.systems/site/details/303 | J18: 9:00 P.M. | K18: ET | L18: 5:00 A.M. | M18: - | N18: 0
A19: (AS) Koons Owings Mills Kia (NO TOURS) | B19: 12 | C19: 2, 18 | D19: - | E19: - | F19: 7, 14 | G19: - | H19: 336 | I19: https://tools.sig.systems/site/details/336 | J19: 9:00 P.M. | K19: ET | L19: 5:00 A.M. | M19: - | N19: -
A20: (AS) Koons Sterling Ford - Main Dealership (NO TOURS) | B20: 19 | C20: 3 | D20: - | E20: 4, 21 | F20: 7, 8 | G20: - | H20: 348 | I20: https://tools.sig.systems/site/details/348 | J20: 9:00 P.M. | K20: ET | L20: 5:00 A.M. | M20: 10:00 A.M. | N20: 0
A21: (AS) Koons Tysons Toyota - Main Dealership (NO TOURS) | B21: - | C21: 1, 25 | D21: - | E21: - | F21: 13, 22, 27 | G21: - | H21: 344 | I21: https://tools.sig.systems/site/details/344 | J21: 9:00 P.M. | K21: ET | L21: 5:00 A.M. | M21: - | N21: -
A22: (AS) Koons Volvo Cars White Marsh (NO TOURS) | B22: - | C22: 5, 7, 9 | D22: - | E22: - | F22: 6, 10, 1 | G22: - | H22: 338 | I22: https://tools.sig.systems/site/details/338 | J22: 9:00 P.M. | K22: ET | L22: 5:00 A.M. | M22: - | N22: 0
A23: (AS) Koons Westminster Toyota (NO TOURS) | B23: - | C23: 1, 10, 18, 25 | D23: - | E23: - | F23: 8, 14 | G23: 20 | H23: 341 | I23: https://tools.sig.systems/site/details/341 | J23: 9:00 P.M. | K23: ET | L23: 5:00 A.M. | M23: - | N23: -
A24: (AS) Koons White Marsh Chevrolet (NO TOURS) | B24: 25 | C24: 10 | D24: - | E24: - | F24: 12 | G24: - | H24: 339 | I24: https://tools.sig.systems/site/details/339 | J24: 9:00 P.M. | K24: ET | L24: 5:00 A.M. | M24: - | N24: -
A25: (AS) Koons Woodbridge Ford (NO TOURS) | B25: - | C25: 3, 24, 26, 27, 31, 36 | D25: - | E25: - | F25: 13, 26, 29 | G25: - | H25: 342 | I25: https://tools.sig.systems/site/details/342 | J25: 9:00 P.M. | K25: ET | L25: 5:00 A.M. | M25: 9:00 A.M. | N25: 0
A26: (AS) Koons Woodbridge GMC (NO TOURS) | B26: - | C26: 1 | D26: - | E26: 11 | F26: 2, 7 | G26: - | H26: 343 | I26: https://tools.sig.systems/site/details/343 | J26: 9:00 P.M. | K26: ET | L26: 5:00 A.M. | M26: 10:00 A.M. | N26: 0
A27: (AS) Koons Woodbridge Hyundai (NO TOURS) | B27: - | C27: 1, 17 | D27: - | E27: - | F27: 4, 14, 22 | G27: 10, 11 | H27: 347 | I27: https://tools.sig.systems/site/details/347 | J27: 9:00 P.M. | K27: ET | L27: 5:00 A.M. | M27: 8:00 A.M. | N27: -
A28: (AS) Koons Woodbridge Kia (NO TOURS) | B28: - | C28: 2 | D28: - | E28: - | F28: 5 | G28: 7, 9 | H28: 346 | I28: https://tools.sig.systems/site/details/346 | J28: 9:00 P.M. | K28: ET | L28: 5:00 A.M. | M28: 10:00 A.M. | N28: -
A29: (AS) Larry H Miller CDJR Fiat (NO TOURS) | B29: 7, 11 | C29: 2, 3 | D29: - | E29: - | F29: 2, 6, 10, 15, 18 | G29: - | H29: 298 | I29: https://tools.sig.systems/site/details/298 | J29: 11:00 P.M. | K29: MT | L29: 7:00 A.M. | M29: - | N29: 0
A30: (AS) Larry H Miller Hyundai Arapahoe (NO TOURS) | B30: - | C30: 8, 17, 27, 28 | D30: - | E30: - | F30: 4, 20, 24 | G30: - | H30: 298 | I30: https://tools.sig.systems/site/details/298 | J30: #N/A | K30: #N/A | L30: #N/A | M30: #N/A | N30: #N/A
A31: (AS) Plaza Collision ST Louis (NO TOURS) | B31: 2, 6 | C31: 1 | D31: - | E31: - | F31: 3 | G31: - | H31: 350 | I31: https://tools.sig.systems/site/details/350 | J31: 10:00 P.M. | K31: CT | L31: 6:00 A.M. | M31: - | N31: -
A32: (AS) Plaza Mercedes Benz West (NO TOURS) | B32: - | C32: 1, 7 | D32: - | E32: 17 | F32: 6, 21 | G32: - | H32: 349 | I32: https://tools.sig.systems/site/details/349 | J32: 10:00 P.M. | K32: CT | L32: 6:00 A.M. | M32: - | N32: -
A33: (BRL) Fort Pierce | B33: - | C33: 1 | D33: - | E33: 2 | F33: 15, 18 | G33: 15, 16 | H33: 326 | I33: https://tools.sig.systems/site/details/326 | J33: #N/A | K33: #N/A | L33: #N/A | M33: #N/A | N33: #N/A
A34: (BRL) Shoemakersville | B34: - | C34: 8, 11 | D34: - | E34: 1, 6, 13A, 15, 18A | F34: 13B, 23 | G34: - | H34: 302 | I34: https://tools.sig.systems/site/details/302 | J34: 24H | K34: ET | L34: - | M34: - | N34: 0
A35: (DT) Arlington | B35: 3,8 | C35: - | D35: - | E35: - | F35: 3, 8, 7 | G35: - | H35: 199 | I35: https://tools.sig.systems/site/details/199 | J35: 10:00 P.M. | K35: CT | L35: 6:00 A.M. | M35: - | N35: -
A36: (DT) Charlotte | B36: 4, 25, 41 | C36: - | D36: - | E36: 11, 32, 35 | F36: 6, 11, 18, 29, 34, 38, 39 | G36: 17 | H36: 299 | I36: https://tools.sig.systems/site/details/299 | J36: 9:00 P.M. | K36: ET | L36: 5:00 A.M. | M36: - | N36: 0
A37: (DT) Modesto | B37: 10 | C37: 5, 6 | D37: - | E37: - | F37: 2, 3, 5, 10 | G37: - | H37: 267 | I37: https://tools.sig.systems/site/details/267 | J37: 12:00 A.M. | K37: PT | L37: 8:00 A.M. | M37: - | N37: 0
A38: (KG) Big Star Cadillac | B38: 1, 4, 16 | C38: - | D38: - | E38: - | F38: 15, 16, 19, 20 | G38: - | H38: 316 | I38: https://tools.sig.systems/site/details/316 | J38: 10:00 P.M. | K38: CT | L38: 6:00 A.M. | M38: - | N38: https://www.google.com/maps/d/edit?mid=1jIRkMUnWNPuTgDjQgDP-f33LClT85NU&usp=sharing
A39: (KG) Big Star Hyundai Houston | B39: 3, 12, 17 | C39: 23, 35 | D39: - | E39: 1, 75 | F39: 5, 11, 16, 20, 26, 30, 32, 34 | G39: - | H39: 287 | I39: https://tools.sig.systems/site/details/287 | J39: 10:00 P.M. | K39: CT | L39: 6:00 A.M. | M39: - | N39: https://www.google.com/maps/d/edit?hl=en&mid=1jIRkMUnWNPuTgDjQgDP-f33LClT85NU&ll=29.55731827236326%2C-95.1601644&z=17
A40: (KG) Ken Garff Kia of Avondale | B40: 5, 19 | C40: - | D40: - | E40: 3, 5 | F40: 1, 6, 7, 12, 15, 17, 21 | G40: - | H40: 283 | I40: https://tools.sig.systems/site/details/283 | J40: 12:00 A.M. | K40: MST | L40: 8:00 A.M. | M40: 12:00 P.M. | N40: https://www.google.com/maps/d/viewer?mid=1bDs0QGFZwL3vEeGKxjVMk_j4azr0-lg&ll=33.4593758581648%2C-112.28793780000001&z=18
A41: (KG) Ken Garff Volkswagen of Gilbert | B41: 4, 6 | C41: - | D41: - | E41: 2, 14 | F41: 1, 5, 8, 9, 17, 19, 21 | G41: - | H41: 284 | I41: https://tools.sig.systems/site/details/284 | J41: 12:00 A.M. | K41: MST | L41: 8:00 A.M. | M41: 12:00 P.M. | N41: https://www.google.com/maps/d/viewer?hl=es&mid=19SU7XE9Cg8jhVFpEI21Vi9Zfgdih9Ds&ll=33.29158262977276%2C-111.75783630000002&z=17
A42: (LT) Landers Kia of Little Rock | B42: 5, 9, 33, 19 | C42: - | D42: 4, 10 | E42: 1, 35 | F42: 5, 9, 12, 14, 18, 26, 29 | G42: - | H42: 322 | I42: https://tools.sig.systems/site/details/322 | J42: 10:00 P.M. | K42: CT | L42: 6:00 A.M. | M42: - | N42: https://www.google.com/maps/d/u/1/edit?mid=1-zEzsc6U6nZom08edp0XAd3_HYFvAyk&usp=sharing
A43: (LT) Luther Bloomington Hyundai (NO TOURS) | B43: - | C43: 6, 9, 13 | D43: 58, 59 | E43: 10 | F43: 11, 18 | G43: 7 | H43: 318 | I43: https://tools.sig.systems/site/details/318 | J43: 10:00 P.M. | K43: CT | L43: 4:00 A.M. | M43: - | N43: 0
A44: (LT) Luther Bloomington Subaru - Acura | B44: 29 | C44: 5, 8, 33 | D44: 4, 7, 35 | E44: - | F44: 1, 2, 14, 24, 34 | G44: - | H44: 289 | I44: https://tools.sig.systems/site/details/289 | J44: 8:00 P.M. | K44: CT | L44: 4:00 A.M. | M44: - | N44: 0
A45: (LT) Luther Brookdale Honda (NO TOURS) | B45: - | C45: 1, 21 | D45: 38, 39, 40 | E45: 2, 10, 19 | F45: 4, 5, 7, 11, 13, 20, 24, 36 | G45: - | H45: 280 | I45: https://tools.sig.systems/site/details/280 | J45: 7:00 P.M. | K45: CT | L45: 6:00 A.M. | M45: - | N45: https://www.google.com/maps/d/viewer?mid=1ot0ILX76JMuvd9yMuqkb4_e0yH1n7TA&ll=45.07815812965141%2C-93.33506855000002&z=17
A46: (LT) Luther Brookdale Toyota | B46: - | C46: 5, 7 | D46: 29 | E46: 20 | F46: 1, 2, 4, 10, 18, 24, 25 | G46: - | H46: 281 | I46: https://tools.sig.systems/site/details/281 | J46: 7:00 P.M. | K46: CT | L46: 5:00 A.M. | M46: - | N46: https://www.google.com/maps/d/viewer?mid=1ot0ILX76JMuvd9yMuqkb4_e0yH1n7TA&ll=45.07815812965141%2C-93.33506855000002&z=17
A47: (LT) Luther Burnsville Hyundai | B47: - | C47: 6, 17 | D47: 22, 21 | E47: 7 | F47: 2, 4, 16 | G47: - | H47: 307 | I47: https://tools.sig.systems/site/details/307 | J47: 10:00 P.M. | K47: CT | L47: 6:00 A.M. | M47: - | N47: 0
A48: (LT) Luther Genesis of Minneapolis | B48: - | C48: 1,2,3,18 | D48: - | E48: - | F48: 1,2,3,5,16,18 | G48: - | H48: 315 | I48: https://tools.sig.systems/site/details/315 | J48: 10:00 P.M. | K48: CT | L48: 6:00 A.M. | M48: - | N48: 0
A49: (LT) Luther Genesis of Minneapolis | B49: 3, 18 | C49: - | D49: - | E49: - | F49: 6, 9 | G49: - | H49: 315 | I49: https://tools.sig.systems/site/details/315 | J49: 10:00 P.M. | K49: CT | L49: 6:00 A.M. | M49: - | N49: 0
A50: (LT) Luther Hopkins Honda (NO TOURS) | B50: - | C50: 9, 36 | D50: 38, 39 | E50: 3, 26 | F50: 1, 4, 11, 18, 23, 25, 31 | G50: 21 | H50: 288 | I50: https://tools.sig.systems/site/details/288 | J50: 8:00 P.M. | K50: CT | L50: 6:00 A.M. | M50: - | N50: 0
A51: (LT) Luther Landers Recon Center | B51: 2, 4 | C51: - | D51: - | E51: - | F51: 3, 9, 11 | G51: - | H51: 323 | I51: https://tools.sig.systems/site/details/323 | J51: 10:00 P.M. | K51: CT | L51: 6:00 A.M. | M51: - | N51: https://www.google.com/maps/d/u/1/edit?mid=1-zEzsc6U6nZom08edp0XAd3_HYFvAyk&usp=sharing
A52: (LT) Luther North Country Ford | B52: - | C52: 7, 14, 19 | D52: 30, 31, 32 | E52: - | F52: 1, 4, 9, 13, 15, 16B, 25 | G52: 10 | H52: 292 | I52: https://tools.sig.systems/site/details/292 | J52: 10:00 P.M. | K52: CT | L52: 6:00 A.M. | M52: - | N52: 0
A53: (LT) Luther St. Cloud Subaru | B53: 25, 31 | C53: 9, 13, 20 | D53: 38, 39, 40, 41 | E53: 27 | F53: 2, 6, 8, 11, 14, 19, 23, 26 | G53: - | H53: 295 | I53: https://tools.sig.systems/site/details/295 | J53: 10:00 P.M. | K53: CT | L53: 5:30 A.M. | M53: - | N53: 0
A54: (ML) Joe Machens Hyundai | B54: - | C54: 3, 4, 14, 25 | D54: - | E54: 17 | F54: 1, 11, 12, 13, 15 | G54: - | H54: 286 | I54: https://tools.sig.systems/site/details/286 | J54: 10:00 P.M. | K54: CT | L54: 6:00 A.M. | M54: - | N54: https://www.google.com/maps/d/viewer?hl=es&mid=1C1oZdjH3dNvCvqdpIv_Lk0Yn1OCVn-4&ll=38.965368114274455%2C-92.3405954&z=15
A55: (PE) BMW Service Center (NO TOURS) | B55: 3 | C55: - | D55: - | E55: - | F55: 1, 2 | H55: 184 | I55: https://tools.sig.systems/site/details/184 | J55: 8:00 P.M. | K55: ET | L55: 5:00 A.M. | M55: - | N55: https://www.google.com/maps/d/edit?hl=en&mid=1UHmt7tH1ihTa85i0MfQIcTfVvIQg_vM&ll=41.02423447529239%2C-73.63721502222738&z=18
A56: (PE) JLR Darien (NO TOURS) | B56: 1, 13 | C56: - | D56: - | E56: - | F56: - | G56: - | H56: 189 | I56: https://tools.sig.systems/site/details/189 | J56: 8:00 P.M. | K56: ET | L56: 5:00 A.M. | M56: - | N56: -
A57: (PE) JLR Englewood (NO TOURS) | B57: 1, 2 | C57: - | D57: - | E57: - | F57: - | H57: 178 | I57: https://tools.sig.systems/site/details/178 | J57: 8:00 P.M. | K57: ET | L57: 5:00 A.M. | M57: - | N57: https://www.google.com/maps/d/viewer?mid=1ubI2iKs1JyYXssuT4oLPnVvFnyLPi_s&ll=40.878808846788026%2C-73.98560655&z=17
A58: (PE) JLR Paramus (NO TOURS) | B58: 1, 17 | C58: - | D58: - | E58: - | F58: 1, 17 | G58: - | H58: 177 | I58: https://tools.sig.systems/site/details/177 | J58: 8:00 P.M. | K58: ET | L58: 5:00 A.M. | M58: - | N58: 0
A59: (PE) MB of Greenwich | B59: 1, 2, 8 | C59: 13, 14, 20, 26, 40 | D59: - | E59: - | F59: 29 | G59: 23, 24, 25 | H59: 188 | I59: https://tools.sig.systems/site/details/188 | J59: 8:00 P.M. | K59: ET | L59: 5:00 A.M. | M59: - | N59: https://www.google.com/maps/d/edit?hl=en&mid=1UHmt7tH1ihTa85i0MfQIcTfVvIQg_vM&ll=41.02423447529239%2C-73.63721502222738&z=18
A60: (PE) Porsche Audi Fairfield (NO TOURS) | B60: 1, 18 | C60: - | D60: - | E60: 20 | F60: 15 | G60: - | H60: 194 | I60: https://tools.sig.systems/site/details/194 | J60: 8:00 P.M. | K60: ET | L60: 5:00 A.M. | M60: - | N60: -
A61: (SCH) Schumacher of Delray I & III | B61: 11, 21, 22, 57, 69 | C61: 2, 16, 46 | D61: - | E61: - | F61: 24, 39 | G61: - | H61: 159 | I61: https://tools.sig.systems/site/details/159 | J61: 9:00 P.M. | K61: ET | L61: 5:00 A.M. | M61: 11:00 A.M. | N61: https://www.google.com/maps/d/viewer?mid=1ZLGV-cDM9aCfovhmXHIAXgVOKts0dEI&ll=26.438859950088858%2C-80.07968125000001&z=16
A62: (TC) Lamborghini South Dade | B62: - | C62: 9, 11 | D62: - | E62: - | F62: - | G62: - | H62: 313 | I62: https://tools.sig.systems/site/details/313 | J62: 9:00 P.M. | K62: ET | L62: 5:00 A.M. | M62: - | N62: 0
A63: Mario Residence | B63: 7, 8 | C63: 7, 8 | D63: - | E63: - | F63: 4,12,13 | G63: - | H63: 148 | I63: https://tools.sig.systems/site/details/148 | J63: 24H | K63: ET | L63: - | M63: - | N63: https://www.google.com/maps/d/edit?hl=es&mid=13OmECPqyeB7fXgZmEoM9cnG34HU_v5g&ll=26.046837034777553%2C-80.38753458591658&z=19
A64: (AS) Koons Tysons Toyota - UC Recon (NO TOURS) | B64: - | C64: 37, 38 | D64: - | E64: - | F64: - | G64: - | H64: 355 | I64: https://tools.sig.systems/site/details/355 | J64: 9:00 P.M. | K64: ET | L64: 5:00 A.M. | M64: - | N64: -

Sheet H.A. Dynamic Split
A1: High Alert Split-High Alert Station-Operator Station | M1: Changes: Split-Station: | V1: Alphabetical Order
V2: Site
G3: Searched Site | I3: Site | J3: Mario Residence | V3: (AS) Coggin Honda of Orlando (NO TOURS)
V4: (AS) Kahlo CDJR (NO TOURS)
G5: Its On: | I5: Station | J5: =+I5 -> Station | V5: (AS) Koons Arlington Toyota - New Car (NO TOURS)
I6: 33 | J6: =I6 -> 33 | V6: (AS) Koons Baltimore Ford - Main Dealership (NO TOURS)
V7: (AS) Koons Chevrolet Buick GMC - Tysons Remote Lot (NO TOURS)
V8: (AS) Koons Easton Toyota - Main Dealership (NO TOURS)
V9: (AS) Koons Volvo Cars White Marsh (NO TOURS)
V10: (DT) Modesto
G11: =+IF(D11="","",IFERROR(IF(#REF!="#N/D","Log Out",""),"Log Out")) | V11: (LT) Landers Kia of Little Rock
A12: H.A. Split | B12: H.A. Station | C12: Operators Split | V12: (LT) Luther Bloomington Subaru - Acura
A13: H.A. 1 | B13: 1 | C13: 4 | D13: 5 | E13: 6 | F13: 7 | G13: 8 | H13: 9 | I13: 1 | J13: 2 | K13: 3 | L13: (blank) | V13: (LT) Luther Hopkins Honda (NO TOURS)
V14: (LT) Luther North Country Ford
A15: Split | B15: Hour | C15: Sites | D15: Suma de Station | E15: Operator Station | F15: SIG Tools | H15: Hour | I15: Sites | J15: Drop time | K15: Time | L15: SUNDAY (D.T.) | M15: Sum of Station | V15: (SCH) Schumacher of Delray I & III
A16: H.A. 1 | B16: 24 Hrs | C16: (KG) Truck Center Remote Storage Lot | D16: 1 | E16: =IFERROR(VLOOKUP(C16&'H.A. Dynamic Split'!$C$13,'Flat Base'!A2:C575,3,0),"") | F16: =IFERROR(HYPERLINK(VLOOKUP(C16,'Flat Base'!D:J,3,0),"SIG TOOLS"),"") | G16: =IFERROR(HYPERLINK(VLOOKUP(C16,'Flat Base'!D:J,4,0),"SITE MAP"),"") | H16: 24 Hrs | I16: (KG) Truck Center Remote Storage Lot | J16: N/A | K16: MT | L16: N/A | M16: 1
C17: Mario Residence | D17: 1 | E17: =IFERROR(VLOOKUP(C17&'H.A. Dynamic Split'!$C$13,'Flat Base'!A2:C575,3,0),"") -> 3 | F17: =IFERROR(HYPERLINK(VLOOKUP(C17,'Flat Base'!D:J,3,0),"SIG TOOLS"),"") -> SIG TOOLS | G17: =IFERROR(HYPERLINK(VLOOKUP(C17,'Flat Base'!D:J,4,0),"SITE MAP"),"") -> SITE MAP | I17: Mario Residence | J17: N/A | K17: ET | L17: N/A | M17: 1
C18: SIG Office | D18: 1 | E18: =IFERROR(VLOOKUP(C18&'H.A. Dynamic Split'!$C$13,'Flat Base'!A3:C11,3,0),"") | F18: =IFERROR(HYPERLINK(VLOOKUP(C18,'Flat Base'!D:J,3,0),"SIG TOOLS"),"") | G18: =IFERROR(HYPERLINK(VLOOKUP(C18,'Flat Base'!D:J,4,0),"SITE MAP"),"") | I18: SIG Office | J18: N/A | K18: ET | L18: N/A | M18: 1
C19: SIG Office Trailer | D19: 1 | E19: =IFERROR(VLOOKUP(C19&'H.A. Dynamic Split'!$C$13,'Flat Base'!A4:C11,3,0),"") | F19: =IFERROR(HYPERLINK(VLOOKUP(C19,'Flat Base'!D:J,3,0),"SIG TOOLS"),"") | G19: =IFERROR(HYPERLINK(VLOOKUP(C19,'Flat Base'!D:J,4,0),"SITE MAP"),"") | I19: SIG Office Trailer | J19: N/A | K19: ET | L19: N/A | M19: 1
B20: 9:00 P.M. | C20: (AS) Bill Estes Ford (NO TOURS) | D20: 1 | E20: =IFERROR(VLOOKUP(C20&'H.A. Dynamic Split'!$C$13,'Flat Base'!A5:C11,3,0),"") | F20: =IFERROR(HYPERLINK(VLOOKUP(C20,'Flat Base'!D:J,3,0),"SIG TOOLS"),"") | G20: =IFERROR(HYPERLINK(VLOOKUP(C20,'Flat Base'!D:J,4,0),"SITE MAP"),"") | H20: 9:00 P.M. | I20: (AS) Bill Estes Ford (NO TOURS) | J20: 6:00 A.M. | K20: ET | L20: N/A | M20: 1
C21: (HUD) CDJR of Greensboro | D21: 1 | E21: =IFERROR(VLOOKUP(C21&'H.A. Dynamic Split'!$C$13,'Flat Base'!A6:C11,3,0),"") | F21: =IFERROR(HYPERLINK(VLOOKUP(C21,'Flat Base'!D:J,3,0),"SIG TOOLS"),"") | G21: =IFERROR(HYPERLINK(VLOOKUP(C21,'Flat Base'!D:J,4,0),"SITE MAP"),"") | I21: (HUD) CDJR of Greensboro | J21: 6:00 A.M. | K21: ET | L21: 11:00 A.M. | M21: 1
B22: 10:00 P.M. | C22: (ML) Joe Machens Ford Lincoln I & II | D22: 1 | E22: =IFERROR(VLOOKUP(C22&'H.A. Dynamic Split'!$C$13,'Flat Base'!A7:C11,3,0),"") | F22: =IFERROR(HYPERLINK(VLOOKUP(C22,'Flat Base'!D:J,3,0),"SIG TOOLS"),"") | G22: =IFERROR(HYPERLINK(VLOOKUP(C22,'Flat Base'!D:J,4,0),"SITE MAP"),"") | H22: 10:00 P.M. | I22: (ML) Joe Machens Ford Lincoln I & II | J22: 7:00 A.M. | K22: CT | L22: N/A | M22: 1
B23: 11:00 P.M. | C23: (KG) Big Star CDJR of Clear Lake | D23: 1 | E23: =IFERROR(VLOOKUP(C23&'H.A. Dynamic Split'!$C$13,'Flat Base'!A11:C11,3,0),"") | F23: =IFERROR(HYPERLINK(VLOOKUP(C23,'Flat Base'!D:J,3,0),"SIG TOOLS"),"") | G23: =IFERROR(HYPERLINK(VLOOKUP(C23,'Flat Base'!D:J,4,0),"SITE MAP"),"") | H23: 11:00 P.M. | I23: (KG) Big Star CDJR of Clear Lake | J23: 7:00 A.M. | K23: CT | L23: N/A | M23: 1
C24: (KG) Clear Lake Pre-Owned | D24: 1 | E24: =IFERROR(VLOOKUP(C24&'H.A. Dynamic Split'!$C$13,'Flat Base'!#REF!,3,0),"") | F24: =IFERROR(HYPERLINK(VLOOKUP(C24,'Flat Base'!D:J,3,0),"SIG TOOLS"),"") | G24: =IFERROR(HYPERLINK(VLOOKUP(C24,'Flat Base'!D:J,4,0),"SITE MAP"),"") | I24: (KG) Clear Lake Pre-Owned | J24: 7:00 A.M. | K24: CT | L24: N/A | M24: 1
B25: 12:00 A.M. | C25: (RV) Toms Camperland Avondale (NO TOURS) | D25: 1 | E25: =IFERROR(VLOOKUP(C25&'H.A. Dynamic Split'!$C$13,'Flat Base'!#REF!,3,0),"") | F25: =IFERROR(HYPERLINK(VLOOKUP(C25,'Flat Base'!D:J,3,0),"SIG TOOLS"),"") | G25: =IFERROR(HYPERLINK(VLOOKUP(C25,'Flat Base'!D:J,4,0),"SITE MAP"),"") | H25: 12:00 A.M. | I25: (RV) Toms Camperland Avondale (NO TOURS) | J25: 8:00 A.M. | K25: MT | L25: N/A | M25: 1
E26: =IFERROR(VLOOKUP(C26&'H.A. Dynamic Split'!$C$13,'Flat Base'!#REF!,3,0),"") | F26: =IFERROR(HYPERLINK(VLOOKUP(C26,'Flat Base'!D:J,3,0),"SIG TOOLS"),"") | G26: =IFERROR(HYPERLINK(VLOOKUP(C26,'Flat Base'!D:J,4,0),"SITE MAP"),"")
E27: =IFERROR(VLOOKUP(C27&'H.A. Dynamic Split'!$C$13,'Flat Base'!#REF!,3,0),"") | F27: =IFERROR(HYPERLINK(VLOOKUP(C27,'Flat Base'!D:J,3,0),"SIG TOOLS"),"") | G27: =IFERROR(HYPERLINK(VLOOKUP(C27,'Flat Base'!D:J,4,0),"SITE MAP"),"")
E28: =IFERROR(VLOOKUP(C28&'H.A. Dynamic Split'!$C$13,'Flat Base'!#REF!,3,0),"") | F28: =IFERROR(HYPERLINK(VLOOKUP(C28,'Flat Base'!D:J,3,0),"SIG TOOLS"),"") | G28: =IFERROR(HYPERLINK(VLOOKUP(C28,'Flat Base'!D:J,4,0),"SITE MAP"),"")
E29: =IFERROR(VLOOKUP(C29&'H.A. Dynamic Split'!$C$13,'Flat Base'!#REF!,3,0),"") | F29: =IFERROR(HYPERLINK(VLOOKUP(C29,'Flat Base'!D:J,3,0),"SIG TOOLS"),"") | G29: =IFERROR(HYPERLINK(VLOOKUP(C29,'Flat Base'!D:J,4,0),"SITE MAP"),"")
E30: =IFERROR(VLOOKUP(C30&'H.A. Dynamic Split'!$C$13,'Flat Base'!#REF!,3,0),"") | F30: =IFERROR(HYPERLINK(VLOOKUP(C30,'Flat Base'!D:J,3,0),"SIG TOOLS"),"") | G30: =IFERROR(HYPERLINK(VLOOKUP(C30,'Flat Base'!D:J,4,0),"SITE MAP"),"")
E31: =IFERROR(VLOOKUP(C31&'H.A. Dynamic Split'!$C$13,'Flat Base'!#REF!,3,0),"") | F31: =IFERROR(HYPERLINK(VLOOKUP(C31,'Flat Base'!D:J,3,0),"SIG TOOLS"),"") | G31: =IFERROR(HYPERLINK(VLOOKUP(C31,'Flat Base'!D:J,4,0),"SITE MAP"),"")
E32: =IFERROR(VLOOKUP(C32&'H.A. Dynamic Split'!$C$13,'Flat Base'!#REF!,3,0),"") | F32: =IFERROR(HYPERLINK(VLOOKUP(C32,'Flat Base'!D:J,3,0),"SIG TOOLS"),"") | G32: =IFERROR(HYPERLINK(VLOOKUP(C32,'Flat Base'!D:J,4,0),"SITE MAP"),"")
E33: =IFERROR(VLOOKUP(C33&'H.A. Dynamic Split'!$C$13,'Flat Base'!#REF!,3,0),"") | F33: =IFERROR(HYPERLINK(VLOOKUP(C33,'Flat Base'!D:J,3,0),"SIG TOOLS"),"") | G33: =IFERROR(HYPERLINK(VLOOKUP(C33,'Flat Base'!D:J,4,0),"SITE MAP"),"")
E34: =IFERROR(VLOOKUP(C34&'H.A. Dynamic Split'!$C$13,'Flat Base'!#REF!,3,0),"") | F34: =IFERROR(HYPERLINK(VLOOKUP(C34,'Flat Base'!D:J,3,0),"SIG TOOLS"),"") | G34: =IFERROR(HYPERLINK(VLOOKUP(C34,'Flat Base'!D:J,4,0),"SITE MAP"),"")
E35: =IFERROR(VLOOKUP(C35&'H.A. Dynamic Split'!$C$13,'Flat Base'!#REF!,3,0),"") | F35: =IFERROR(HYPERLINK(VLOOKUP(C35,'Flat Base'!D:J,3,0),"SIG TOOLS"),"") | G35: =IFERROR(HYPERLINK(VLOOKUP(C35,'Flat Base'!D:J,4,0),"SITE MAP"),"")
E36: =IFERROR(VLOOKUP(C36&'H.A. Dynamic Split'!$C$13,'Flat Base'!#REF!,3,0),"") | F36: =IFERROR(HYPERLINK(VLOOKUP(C36,'Flat Base'!D:J,3,0),"SIG TOOLS"),"") | G36: =IFERROR(HYPERLINK(VLOOKUP(C36,'Flat Base'!D:J,4,0),"SITE MAP"),"")
E37: =IFERROR(VLOOKUP(C37&'H.A. Dynamic Split'!$C$13,'Flat Base'!#REF!,3,0),"") | F37: =IFERROR(HYPERLINK(VLOOKUP(C37,'Flat Base'!D:J,3,0),"SIG TOOLS"),"") | G37: =IFERROR(HYPERLINK(VLOOKUP(C37,'Flat Base'!D:J,4,0),"SITE MAP"),"")
... E40: =IFERROR(VLOOKUP(C40&'H.A. Dynamic Split'!$C$13,'Flat Base'!#REF!,3,0),"") | F40: =IFERROR(HYPERLINK(VLOOKUP(C40,'Flat Base'!D:J,3,0),"SIG TOOLS"),"") | G40: =IFERROR(HYPERLINK(VLOOKUP(C40,'Flat Base'!D:J,4,0),"SITE MAP"),"")
F41: =IFERROR(HYPERLINK(VLOOKUP(C41,'Flat Base'!D:J,3,0),"SIG TOOLS"),"") | G41: =IFERROR(HYPERLINK(VLOOKUP(C41,'Flat Base'!D:J,4,0),"SITE MAP"),"")
F42: =IFERROR(HYPERLINK(VLOOKUP(C42,'Flat Base'!D:J,3,0),"SIG TOOLS"),"") | G42: =IFERROR(HYPERLINK(VLOOKUP(C42,'Flat Base'!D:J,4,0),"SITE MAP"),"")
F43: =IFERROR(HYPERLINK(VLOOKUP(C43,'Flat Base'!D:J,3,0),"SIG TOOLS"),"") | G43: =IFERROR(HYPERLINK(VLOOKUP(C43,'Flat Base'!D:J,4,0),"SITE MAP"),"")
F44: =IFERROR(HYPERLINK(VLOOKUP(C44,'Flat Base'!D:J,3,0),"SIG TOOLS"),"") | G44: =IFERROR(HYPERLINK(VLOOKUP(C44,'Flat Base'!D:J,4,0),"SITE MAP"),"")
F45: =IFERROR(HYPERLINK(VLOOKUP(C45,'Flat Base'!D:J,3,0),"SIG TOOLS"),"") | G45: =IFERROR(HYPERLINK(VLOOKUP(C45,'Flat Base'!D:J,4,0),"SITE MAP"),"")
F46: =IFERROR(HYPERLINK(VLOOKUP(C46,'Flat Base'!D:J,3,0),"SIG TOOLS"),"") | G46: =IFERROR(HYPERLINK(VLOOKUP(C46,'Flat Base'!D:J,4,0),"SITE MAP"),"")
F47: =IFERROR(HYPERLINK(VLOOKUP(C47,'Flat Base'!D:J,3,0),"SIG TOOLS"),"") | G47: =IFERROR(HYPERLINK(VLOOKUP(C47,'Flat Base'!D:J,4,0),"SITE MAP"),"")
F48: =IFERROR(HYPERLINK(VLOOKUP(C48,'Flat Base'!D:J,3,0),"SIG TOOLS"),"") | G48: =IFERROR(HYPERLINK(VLOOKUP(C48,'Flat Base'!D:J,4,0),"SITE MAP"),"")
F49: =IFERROR(HYPERLINK(VLOOKUP(C49,'Flat Base'!D:J,3,0),"SIG TOOLS"),"") | G49: =IFERROR(HYPERLINK(VLOOKUP(C49,'Flat Base'!D:J,4,0),"SITE MAP"),"")
F50: =IFERROR(HYPERLINK(VLOOKUP(C50,'Flat Base'!D:J,3,0),"SIG TOOLS"),"") | G50: =IFERROR(HYPERLINK(VLOOKUP(C50,'Flat Base'!D:J,4,0),"SITE MAP"),"")
F51: =IFERROR(HYPERLINK(VLOOKUP(C51,'Flat Base'!D:J,3,0),"SIG TOOLS"),"") | G51: =IFERROR(HYPERLINK(VLOOKUP(C51,'Flat Base'!D:J,4,0),"SITE MAP"),"")
F52: =IFERROR(HYPERLINK(VLOOKUP(C52,'Flat Base'!D:J,3,0),"SIG TOOLS"),"") | G52: =IFERROR(HYPERLINK(VLOOKUP(C52,'Flat Base'!D:J,4,0),"SITE MAP"),"")
... F72: =IFERROR(HYPERLINK(VLOOKUP(C72,'Flat Base'!D:J,3,0),"SIG TOOLS"),"") | G72: =IFERROR(HYPERLINK(VLOOKUP(C72,'Flat Base'!D:J,4,0),"SITE MAP"),"")
E499: =IFERROR(VLOOKUP(C499&'H.A. Dynamic Split'!$C$13,'Flat Base'!#REF!,3,0),"")
E500: =IFERROR(VLOOKUP(C500&'H.A. Dynamic Split'!$C$13,'Flat Base'!#REF!,3,0),"")
E501: =IFERROR(VLOOKUP(C501&'H.A. Dynamic Split'!$C$13,'Flat Base'!#REF!,3,0),"")

Sheet  (H.A.) Flat Base
H1: 192.168.7.100
A2: Split | B2: Station | C2: Hour | D2: Time | E2: Site | F2: Drop time | G2: SUNDAY (D.T.) | H2: Notes*
A3: H.A. 1 | B3: 1 | C3: 9:00 P.M. | D3: ET | E3: (AS) Bill Estes Ford (NO TOURS) | F3: 6:00 A.M. | G3: N/A
A4: H.A. 2 | B4: 1 | C4: 9:00 P.M. | D4: ET | E4: (AS) Bill Estes Ford (NO TOURS) | F4: 6:00 A.M. | G4: N/A
A5: H.A. 3 | B5: 1 | C5: 9:00 P.M. | D5: ET | E5: (AS) Bill Estes Ford (NO TOURS) | F5: 6:00 A.M. | G5: N/A
A6: H.A. 4 | B6: 1 | C6: 9:00 P.M. | D6: ET | E6: (AS) Bill Estes Ford (NO TOURS) | F6: 6:00 A.M. | G6: N/A
A7: H.A. 4 | B7: 4 | C7: 9:00 P.M. | D7: ET | E7: (AS) Courtesy CDJR of Brandon | F7: 6:00 A.M. | G7: 10:00 A.M.
A8: H.A. 2 | B8: 1 | C8: 9:00 P.M. | D8: ET | E8: (AS) Courtesy Hyundai/Nissan Tampa | F8: 6:00 A.M. | G8: 10:00 A.M.
A9: H.A. 3 | B9: 1 | C9: 9:00 P.M. | D9: ET | E9: (AS) Courtesy Hyundai/Nissan Tampa | F9: 6:00 A.M. | G9: 10:00 A.M.
A10: H.A. 4 | B10: 1 | C10: 9:00 P.M. | D10: ET | E10: (AS) Courtesy Hyundai/Nissan Tampa | F10: 6:00 A.M. | G10: 10:00 A.M.
A11: H.A. 4 | B11: 4 | C11: 9:00 P.M. | D11: ET | E11: (AS) Lexus Smyrna (NO TOURS) | F11: 6:00 A.M. | G11: N/A
A12: H.A. 3 | B12: 2 | C12: 9:00 P.M. | D12: ET | E12: (DT) Louisville | F12: 6:00 A.M. | G12: N/A
A13: H.A. 4 | B13: 2 | C13: 9:00 P.M. | D13: ET | E13: (DT) Louisville | F13: 6:00 A.M. | G13: N/A
A14: H.A. 1 | B14: 1 | C14: 9:00 P.M. | D14: ET | E14: (HUD) CDJR of Greensboro | F14: 6:00 A.M. | G14: 11:00 A.M.
... A87: H.A. 3 | B87: 3 | C87: 24 Hrs | D87: ET | E87: SIG Office Trailer | F87: N/A | G87: N/A
