Workbook
Name SegmentaciónDeDatos_Split: #N/A
Name SegmentaciónDeDatos_Split1: #N/A
Name SegmentaciónDeDatos_Split11: #N/A
Name SegmentaciónDeDatos_Split2: #N/A
Name SegmentaciónDeDatos_Station: #N/A
Name SegmentaciónDeDatos_Station1: #N/A
Name SegmentaciónDeDatos_Station11: #N/A

Sheet Dynamic Split
AE1: Alphabetical Order
A2: From: Split-Station: | AE2: Site
J3: Searched Site: | M3: Serached Site: | N3: (DT) Wichita | AE3: (AS) Courtesy Honda Palm Harbor (NO TOURS)
AE4: (AS) Park Place Bodywerks Dallas (NO TOURS)
J5: Its On: | M5: Station | N5: =+M5 -> Station | AE5: (AS) Stevinson Porsche of Littleton (NO TOURS)
M6: 6 | N6: =+M6 -> 6 | AE6: (DT) N. Houston
AE7: (JE) Jim Ellis Ford Sandy Springs
AE8: (KG) Big Star Honda
AE9: (ML) BMW of Little Rock
AE10: (ML) Collision Center N Little Rock
AE11: (ML) Joe Machens Nissan
AE12: (PE) JLR Darien PDI (NO TOURS)
A15: Split | B15: Station | C15: Total Sites | H15: Log Out from | I15: Total New Sites
A16: 14 | B16: 8 | C16: 10 | H16: =+COUNTIF('Dynamic Split'!H19:H75,"Log Out") -> 10 | I16: =+GETPIVOTDATA("Site",$C$15)-H16 -> 0
A18: Split | B18: Log Time | C18: Sites | D18: Drop time | E18: ID | F18: Suma de Station | H18: Log Out | I18: SIG Tools | K18: Split | L18: Log Time | M18: Sites | N18: Drop time | O18: T.Z. | P18: SUNDAY (D.T.) | Q18: Gates | R18: Entrances | S18: LPR | T18: PTZ | U18: Important Cameras | V18: Notes* | W18: Sum of Station
A19: 14 | B19: 8:00 P.M. | C19: (PE) JLR Darien PDI (NO TOURS) | D19: 5:00 A.M. | E19: 187 | F19: 8 | H19: =+IF(C19="","",IFERROR(IF(Maestra!A16="#N/D","Log Out",""),"Log Out")) -> Log Out | I19: =IFERROR(HYPERLINK(VLOOKUP(C19,'Flat Base'!F:I,3,I250),"SIG TOOLS"),"") -> SIG TOOLS | J19: =IFERROR(HYPERLINK(VLOOKUP(C19,'Flat Base'!F:I,4,0),"SITE MAP"),"") -> SITE MAP | K19: 14 | L19: 8:00 P.M. | M19: (PE) JLR Darien PDI (NO TOURS) | N19: 5:00 A.M. | O19: ET | P19: N/A | Q19: 1 | R19: - | S19: - | T19: 1 | U19: 7 | V19: - | W19: 8
B20: 9:00 P.M. | C20: (AS) Courtesy Honda Palm Harbor (NO TOURS) | D20: 5:00 A.M. | E20: 176 | F20: 8 | H20: =+IF(C20="","",IFERROR(IF(Maestra!A17="#N/D","Log Out",""),"Log Out")) -> Log Out | I20: =IFERROR(HYPERLINK(VLOOKUP(C20,'Flat Base'!F:I,3,0),"SIG TOOLS"),"") -> SIG TOOLS | J20: =IFERROR(HYPERLINK(VLOOKUP(C20,'Flat Base'!F:I,4,0),"SITE MAP"),"") -> SITE MAP | L20: 9:00 P.M. | M20: (AS) Courtesy Honda Palm Harbor (NO TOURS) | N20: 5:00 A.M. | O20: ET | P20: 11:00 A.M. | Q20: 2 | R20: - | S20: - | T20: 4, 8, 21 | U20: 10 | V20: - | W20: 8
C21: (JE) Jim Ellis Ford Sandy Springs | D21: 5:00 A.M. | E21: 142 | F21: 8 | H21: =+IF(C21="","",IFERROR(IF(Maestra!A18="#N/D","Log Out",""),"Log Out")) -> Log Out | I21: =IFERROR(HYPERLINK(VLOOKUP(C21,'Flat Base'!F:I,3,0),"SIG TOOLS"),"") -> SIG TOOLS | J21: =IFERROR(HYPERLINK(VLOOKUP(C21,'Flat Base'!F:I,4,0),"SITE MAP"),"") -> SITE MAP | M21: (JE) Jim Ellis Ford Sandy Springs | N21: 5:00 A.M. | O21: ET | P21: N/A | Q21: 1, 5 | R21: - | S21: - | T21: 1, 5, 9, 26 | U21: 3, 4, 8, 28 | V21: - | W21: 8
B22: 10:00 P.M. | C22: (DT) N. Houston | D22: 6:00 A.M. | E22: 250 | F22: 8 | H22: =+IF(C22="","",IFERROR(IF(Maestra!A19="#N/D","Log Out",""),"Log Out")) -> Log Out | I22: =IFERROR(HYPERLINK(VLOOKUP(C22,'Flat Base'!F:I,3,0),"SIG TOOLS"),"") -> SIG TOOLS | J22: =IFERROR(HYPERLINK(VLOOKUP(C22,'Flat Base'!F:I,4,0),"SITE MAP"),"") -> SITE MAP | L22: 10:00 P.M. | M22: (DT) N. Houston | N22: 6:00 A.M. | O22: CT | P22: N/A | Q22: 2, 10, 18 | R22: - | S22: - | T22: 15 | U22: 2, 4, 18 | V22: - | W22: 8
C23: (KG) Big Star Honda | D23: 6:00 A.M. | E23: 231 | F23: 8 | H23: =+IF(C23="","",IFERROR(IF(Maestra!A20="#N/D","Log Out",""),"Log Out")) -> Log Out | I23: =IFERROR(HYPERLINK(VLOOKUP(C23,'Flat Base'!F:I,3,0),"SIG TOOLS"),"") -> SIG TOOLS | J23: =IFERROR(HYPERLINK(VLOOKUP(C23,'Flat Base'!F:I,4,0),"SITE MAP"),"") -> SITE MAP | M23: (KG) Big Star Honda | N23: 6:00 A.M. | O23: CT | P23: N/A | Q23: 2, 17, 33 | R23: - | S23: - | T23: 3, 11, 16, 21, 24, 31, 34 | U23: 2, 3, 17, 22, 37, 41, 42 | V23: - | W23: 8
C24: (ML) BMW of Little Rock | D24: 6:00 A.M. | E24: 217 | F24: 8 | H24: =+IF(C24="","",IFERROR(IF(Maestra!A21="#N/D","Log Out",""),"Log Out")) -> Log Out | I24: =IFERROR(HYPERLINK(VLOOKUP(C24,'Flat Base'!F:I,3,0),"SIG TOOLS"),"") -> SIG TOOLS | J24: =IFERROR(HYPERLINK(VLOOKUP(C24,'Flat Base'!F:I,4,0),"SITE MAP"),"") -> SITE MAP | M24: (ML) BMW of Little Rock | N24: 6:00 A.M. | O24: CT | P24: N/A | Q24: - | R24: 14 | S24: - | T24: - | U24: 5, 6, 7, 8, 9, 32 | V24: - | W24: 8
C25: (ML) Collision Center N Little Rock | D25: 6:00 A.M. | E25: 212 | F25: 8 | H25: =+IF(C25="","",IFERROR(IF(Maestra!A22="#N/D","Log Out",""),"Log Out")) -> Log Out | I25: =IFERROR(HYPERLINK(VLOOKUP(C25,'Flat Base'!F:I,3,0),"SIG TOOLS"),"") -> SIG TOOLS | J25: =IFERROR(HYPERLINK(VLOOKUP(C25,'Flat Base'!F:I,4,0),"SITE MAP"),"") -> SITE MAP | M25: (ML) Collision Center N Little Rock | N25: 6:00 A.M. | O25: CT | P25: N/A | Q25: - | R25: - | S25: - | T25: - | U25: 1, 3, 7, 8 | V25: - | W25: 8
C26: (ML) Joe Machens Nissan | D26: 6:00 A.M. | E26: 279 | F26: 8 | H26: =+IF(C26="","",IFERROR(IF(Maestra!A23="#N/D","Log Out",""),"Log Out")) -> Log Out | I26: =IFERROR(HYPERLINK(VLOOKUP(C26,'Flat Base'!F:I,3,0),"SIG TOOLS"),"") -> SIG TOOLS | J26: =IFERROR(HYPERLINK(VLOOKUP(C26,'Flat Base'!F:I,4,0),"SITE MAP"),"") -> SITE MAP | M26: (ML) Joe Machens Nissan | N26: 6:00 A.M. | O26: CT | P26: N/A | Q26: - | R26: 1, 3, 16 | S26: - | T26: - | U26: - | V26: - | W26: 8
C27: (AS) Park Place Bodywerks Dallas (NO TOURS) | D27: 6:00 A.M. | E27: 166 | F27: 8 | H27: =+IF(C27="","",IFERROR(IF(Maestra!A24="#N/D","Log Out",""),"Log Out")) -> Log Out | I27: =IFERROR(HYPERLINK(VLOOKUP(C27,'Flat Base'!F:I,3,0),"SIG TOOLS"),"") -> SIG TOOLS | J27: =IFERROR(HYPERLINK(VLOOKUP(C27,'Flat Base'!F:I,4,0),"SITE MAP"),"") -> SITE MAP | M27: (AS) Park Place Bodywerks Dallas (NO TOURS) | N27: 6:00 A.M. | O27: CT | P27: N/A | Q27: 3 | R27: 1 | S27: - | T27: - | U27: 1, 2, 8 | V27: - | W27: 8
B28: 11:00 P.M. | C28: (AS) Stevinson Porsche of Littleton (NO TOURS) | D28: 7:00 A.M. | E28: 242 | F28: 8 | H28: =+IF(C28="","",IFERROR(IF(Maestra!A25="#N/D","Log Out",""),"Log Out")) -> Log Out | I28: =IFERROR(HYPERLINK(VLOOKUP(C28,'Flat Base'!F:I,3,0),"SIG TOOLS"),"") -> SIG TOOLS | J28: =IFERROR(HYPERLINK(VLOOKUP(C28,'Flat Base'!F:I,4,0),"SITE MAP"),"") -> SITE MAP | L28: 11:00 P.M. | M28: (AS) Stevinson Porsche of Littleton (NO TOURS) | N28: 7:00 A.M. | O28: MT | P28: N/A | Q28: 3, 4 | R28: 2 | S28: - | T28: - | U28: 3, 4 | V28: - | W28: 8
H29: =+IF(C29="","",IFERROR(IF(Maestra!A26="#N/D","Log Out",""),"Log Out")) | I29: =IFERROR(HYPERLINK(VLOOKUP(C29,'Flat Base'!F:I,3,0),"SIG TOOLS"),"") | J29: =IFERROR(HYPERLINK(VLOOKUP(C29,'Flat Base'!F:I,4,0),"SITE MAP"),"")
H30: =+IF(C30="","",IFERROR(IF(Maestra!A27="#N/D","Log Out",""),"Log Out")) | I30: =IFERROR(HYPERLINK(VLOOKUP(C30,'Flat Base'!F:I,3,0),"SIG TOOLS"),"") | J30: =IFERROR(HYPERLINK(VLOOKUP(C30,'Flat Base'!F:I,4,0),"SITE MAP"),"")
H31: =+IF(C31="","",IFERROR(IF(Maestra!A28="#N/D","Log Out",""),"Log Out")) | I31: =IFERROR(HYPERLINK(VLOOKUP(C31,'Flat Base'!F:I,3,0),"SIG TOOLS"),"") | J31: =IFERROR(HYPERLINK(VLOOKUP(C31,'Flat Base'!F:I,4,0),"SITE MAP"),"")
H32: =+IF(C32="","",IFERROR(IF(Maestra!A29="#N/D","Log Out",""),"Log Out")) | I32: =IFERROR(HYPERLINK(VLOOKUP(C32,'Flat Base'!F:I,3,0),"SIG TOOLS"),"") | J32: =IFERROR(HYPERLINK(VLOOKUP(C32,'Flat Base'!F:I,4,0),"SITE MAP"),"")
H33: =+IF(C33="","",IFERROR(IF(Maestra!A30="#N/D","Log Out",""),"Log Out")) | I33: =IFERROR(HYPERLINK(VLOOKUP(C33,'Flat Base'!F:I,3,0),"SIG TOOLS"),"") | J33: =IFERROR(HYPERLINK(VLOOKUP(C33,'Flat Base'!F:I,4,0),"SITE MAP"),"")
H34: =+IF(C34="","",IFERROR(IF(Maestra!A31="#N/D","Log Out",""),"Log Out")) | I34: =IFERROR(HYPERLINK(VLOOKUP(C34,'Flat Base'!F:I,3,0),"SIG TOOLS"),"") | J34: =IFERROR(HYPERLINK(VLOOKUP(C34,'Flat Base'!F:I,4,0),"SITE MAP"),"")
H35: =+IF(C35="","",IFERROR(IF(Maestra!A32="#N/D","Log Out",""),"Log Out")) | I35: =IFERROR(HYPERLINK(VLOOKUP(C35,'Flat Base'!F:I,3,0),"SIG TOOLS"),"") | J35: =IFERROR(HYPERLINK(VLOOKUP(C35,'Flat Base'!F:I,4,0),"SITE MAP"),"")
H36: =+IF(C36="","",IFERROR(IF(Maestra!A33="#N/D","Log Out",""),"Log Out")) | I36: =IFERROR(HYPERLINK(VLOOKUP(C36,'Flat Base'!F:I,3,0),"SIG TOOLS"),"") | J36: =IFERROR(HYPERLINK(VLOOKUP(C36,'Flat Base'!F:I,4,0),"SITE MAP"),"")
H37: =+IF(C37="","",IFERROR(IF(Maestra!A34="#N/D","Log Out",""),"Log Out")) | I37: =IFERROR(HYPERLINK(VLOOKUP(C37,'Flat Base'!F:I,3,0),"SIG TOOLS"),"") | J37: =IFERROR(HYPERLINK(VLOOKUP(C37,'Flat Base'!F:I,4,0),"SITE MAP"),"")
H38: =+IF(C38="","",IFERROR(IF(Maestra!A35="#N/D","Log Out",""),"Log Out")) | I38: =IFERROR(HYPERLINK(VLOOKUP(C38,'Flat Base'!F:I,3,0),"SIG TOOLS"),"") | J38: =IFERROR(HYPERLINK(VLOOKUP(C38,'Flat Base'!F:I,4,0),"SITE MAP"),"")
H39: =+IF(C39="","",IFERROR(IF(Maestra!A36="#N/D","Log Out",""),"Log Out")) | I39: =IFERROR(HYPERLINK(VLOOKUP(C39,'Flat Base'!F:I,3,0),"SIG TOOLS"),"") | J39: =IFERROR(HYPERLINK(VLOOKUP(C39,'Flat Base'!F:I,4,0),"SITE MAP"),"")
H40: =+IF(C40="","",IFERROR(IF(Maestra!A37="#N/D","Log Out",""),"Log Out")) | I40: =IFERROR(HYPERLINK(VLOOKUP(C40,'Flat Base'!F:I,3,0),"SIG TOOLS"),"") | J40: =IFERROR(HYPERLINK(VLOOKUP(C40,'Flat Base'!F:I,4,0),"SITE MAP"),"")
... H46: =+IF(C46="","",IFERROR(IF(Maestra!A43="#N/D","Log Out",""),"Log Out")) | I46: =IFERROR(HYPERLINK(VLOOKUP(C46,'Flat Base'!F:I,3,0),"SIG TOOLS"),"") | J46: =IFERROR(HYPERLINK(VLOOKUP(C46,'Flat Base'!F:I,4,0),"SITE MAP"),"")
H47: =+IF(C48="","",IFERROR(IF(Maestra!A44="#N/D","Log Out",""),"Log Out")) | I47: =IFERROR(HYPERLINK(VLOOKUP(C47,'Flat Base'!F:I,3,0),"SIG TOOLS"),"") | J47: =IFERROR(HYPERLINK(VLOOKUP(C47,'Flat Base'!F:I,4,0),"SITE MAP"),"")
H48: =+IF(#REF!="","",IFERROR(IF(Maestra!A45="#N/D","Log Out",""),"Log Out")) -> #REF! | I48: =IFERROR(HYPERLINK(VLOOKUP(C48,'Flat Base'!F:I,3,0),"SIG TOOLS"),"") | J48: =IFERROR(HYPERLINK(VLOOKUP(C48,'Flat Base'!F:I,4,0),"SITE MAP"),"")
H49: =+IF(C49="","",IFERROR(IF(Maestra!A46="#N/D","Log Out",""),"Log Out")) | I49: =IFERROR(HYPERLINK(VLOOKUP(C49,'Flat Base'!F:I,3,0),"SIG TOOLS"),"") | J49: =IFERROR(HYPERLINK(VLOOKUP(C49,'Flat Base'!F:I,4,0),"SITE MAP"),"")
H50: =+IF(C50="","",IFERROR(IF(Maestra!A47="#N/D","Log Out",""),"Log Out")) | I50: =IFERROR(HYPERLINK(VLOOKUP(C50,'Flat Base'!F:I,3,0),"SIG TOOLS"),"") | J50: =IFERROR(HYPERLINK(VLOOKUP(C50,'Flat Base'!F:I,4,0),"SITE MAP"),"")
H51: =+IF(C51="","",IFERROR(IF(Maestra!A48="#N/D","Log Out",""),"Log Out")) | I51: =IFERROR(HYPERLINK(VLOOKUP(C51,'Flat Base'!F:I,3,0),"SIG TOOLS"),"") | J51: =IFERROR(HYPERLINK(VLOOKUP(C51,'Flat Base'!F:I,4,0),"SITE MAP"),"")
H52: =+IF(C52="","",IFERROR(IF(Maestra!A49="#N/D","Log Out",""),"Log Out")) | I52: =IFERROR(HYPERLINK(VLOOKUP(C52,'Flat Base'!F:I,3,0),"SIG TOOLS"),"") | J52: =IFERROR(HYPERLINK(VLOOKUP(C52,'Flat Base'!F:I,4,0),"SITE MAP"),"")
H53: =+IF(C53="","",IFERROR(IF(Maestra!A50="#N/D","Log Out",""),"Log Out")) | I53: =IFERROR(HYPERLINK(VLOOKUP(C53,'Flat Base'!F:I,3,0),"SIG TOOLS"),"") | J53: =IFERROR(HYPERLINK(VLOOKUP(C53,'Flat Base'!F:I,4,0),"SITE MAP"),"")
H54: =+IF(C54="","",IFERROR(IF(Maestra!A51="#N/D","Log Out",""),"Log Out")) | I54: =IFERROR(HYPERLINK(VLOOKUP(C54,'Flat Base'!F:I,3,0),"SIG TOOLS"),"") | J54: =IFERROR(HYPERLINK(VLOOKUP(C54,'Flat Base'!F:I,4,0),"SITE MAP"),"")
H55: =+IF(C55="","",IFERROR(IF(Maestra!A52="#N/D","Log Out",""),"Log Out")) | I55: =IFERROR(HYPERLINK(VLOOKUP(C55,'Flat Base'!F:I,3,0),"SIG TOOLS"),"") | J55: =IFERROR(HYPERLINK(VLOOKUP(C55,'Flat Base'!F:I,4,0),"SITE MAP"),"")
H56: =+IF(C56="","",IFERROR(IF(Maestra!A53="#N/D","Log Out",""),"Log Out")) | I56: =IFERROR(HYPERLINK(VLOOKUP(C56,'Flat Base'!F:I,3,0),"SIG TOOLS"),"") | J56: =IFERROR(HYPERLINK(VLOOKUP(C56,'Flat Base'!F:I,4,0),"SITE MAP"),"")
H57: =+IF(C57="","",IFERROR(IF(Maestra!A54="#N/D","Log Out",""),"Log Out")) | I57: =IFERROR(HYPERLINK(VLOOKUP(C57,'Flat Base'!F:I,3,0),"SIG TOOLS"),"") | J57: =IFERROR(HYPERLINK(VLOOKUP(C57,'Flat Base'!F:I,4,0),"SITE MAP"),"")
H58: =+IF(C58="","",IFERROR(IF(Maestra!A55="#N/D","Log Out",""),"Log Out")) | I58: =IFERROR(HYPERLINK(VLOOKUP(C58,'Flat Base'!F:I,3,0),"SIG TOOLS"),"") | J58: =IFERROR(HYPERLINK(VLOOKUP(C58,'Flat Base'!F:I,4,0),"SITE MAP"),"")
H59: =+IF(C59="","",IFERROR(IF(Maestra!A56="#N/D","Log Out",""),"Log Out")) | I59: =IFERROR(HYPERLINK(VLOOKUP(C59,'Flat Base'!F:I,3,0),"SIG TOOLS"),"") | J59: =IFERROR(HYPERLINK(VLOOKUP(C59,'Flat Base'!F:I,4,0),"SITE MAP"),"")
H60: =+IF(C60="","",IFERROR(IF(Maestra!A57="#N/D","Log Out",""),"Log Out")) | I60: =IFERROR(HYPERLINK(VLOOKUP(C60,'Flat Base'!F:I,3,0),"SIG TOOLS"),"") | J60: =IFERROR(HYPERLINK(VLOOKUP(C60,'Flat Base'!F:I,4,0),"SITE MAP"),"")
... H77: =+IF(C77="","",IFERROR(IF(Maestra!A74="#N/D","Log Out",""),"Log Out")) | I77: =IFERROR(HYPERLINK(VLOOKUP(C77,'Flat Base'!F:I,3,0),"SIG TOOLS"),"") | J77: =IFERROR(HYPERLINK(VLOOKUP(C77,'Flat Base'!F:I,4,0),"SITE MAP"),"")

Sheet Cambio de Split
A1: Changes: Split-Station:
A15: New Sites | G15: Log In to
A16: 264 | G16: =+COUNTIF('Dynamic Split'!X25:X75,"Log iN") -> 0
A19: Split | B19: Log Time | C19: Site | D19: Drop time | E19: Suma de Station | F19: Log In | G19: Split | H19: Log Time | I19: Site | J19: Drop time | K19: Suma de Station
A20: 4 | B20: 24 Hrs | C20: (KG) Truck Center Remote Storage Lot | D20: N/A | E20: 1 | F20: =IF('Cambio de Split'!C20="","",IFERROR(IF(Maestra!C16="#N/D","Log In",""),"Log In")) -> Log In | G20: 4 | H20: 24 Hrs | I20: (KG) Truck Center Remote Storage Lot | J20: N/A | K20: 1
C21: (AS) Nalley Lexus & Remote Lot Roswell (NO TOURS) | D21: N/A | E21: 1 | F21: =IF('Cambio de Split'!C21="","",IFERROR(IF(Maestra!C17="#N/D","Log In",""),"Log In")) -> Log In | I21: (AS) Nalley Lexus & Remote Lot Roswell (NO TOURS) | J21: N/A | K21: 1
B22: 8:00 P.M. | C22: (PE) Fairfield Collision (NO TOURS) | D22: 5:00 A.M. | E22: 1 | F22: =IF('Cambio de Split'!C22="","",IFERROR(IF(Maestra!C18="#N/D","Log In",""),"Log In")) -> Log In | H22: 8:00 P.M. | I22: (PE) Fairfield Collision (NO TOURS) | J22: 5:00 A.M. | K22: 1
C23: (PE) Mercedes Benz & Smart Bldg. of Fairfield (NO TOURS) | D23: 5:00 A.M. | E23: 1 | F23: =IF('Cambio de Split'!C23="","",IFERROR(IF(Maestra!C19="#N/D","Log In",""),"Log In")) -> Log In | I23: (PE) Mercedes Benz & Smart Bldg. of Fairfield (NO TOURS) | J23: 5:00 A.M. | K23: 1
B24: 9:00 P.M. | C24: (HUD) Honda of Southpoint | D24: 5:00 A.M. | E24: 1 | F24: =IF('Cambio de Split'!C24="","",IFERROR(IF(Maestra!C20="#N/D","Log In",""),"Log In")) -> Log In | H24: 9:00 P.M. | I24: (HUD) Honda of Southpoint | J24: 5:00 A.M. | K24: 1
C25: (HUD) Nissan Greensboro | D25: 5:00 A.M. | E25: 1 | F25: =IF('Dynamic Split'!U24="","",IFERROR(IF(Maestra!C21="#N/D","Log In",""),"Log In")) -> Log In | I25: (HUD) Nissan Greensboro | J25: 5:00 A.M. | K25: 1
C26: (SCH) Delray I & II | D26: 5:00 A.M. | E26: 1 | I26: (SCH) Delray I & II | J26: 5:00 A.M. | K26: 1
C27: (AS) Coggin Honda Ft. Pierce (NO TOURS) | D27: 5:00 A.M. | E27: 1 | I27: (AS) Coggin Honda Ft. Pierce (NO TOURS) | J27: 5:00 A.M. | K27: 1
C28: (AS) Nalley BMW Collision Center (NO TOURS) | D28: 5:00 A.M. | E28: 1 | I28: (AS) Nalley BMW Collision Center (NO TOURS) | J28: 5:00 A.M. | K28: 1
B29: 10:00 P.M. | C29: (DT) N. Houston | D29: 6:00 A.M. | E29: 1 | H29: 10:00 P.M. | I29: (DT) N. Houston | J29: 6:00 A.M. | K29: 1
C30: (DT) W Houston | D30: 6:00 A.M. | E30: 1 | I30: (DT) W Houston | J30: 6:00 A.M. | K30: 1
C31: (KG) Texan CDJR | D31: 6:00 A.M. | E31: 1 | I31: (KG) Texan CDJR | J31: 6:00 A.M. | K31: 1
C32: (ML) Honda of Little Rock | D32: 6:00 A.M. | E32: 1 | I32: (ML) Honda of Little Rock | J32: 6:00 A.M. | K32: 1
C33: (ML) Joe Machens Capital City I & II (NO TOURS) | D33: 6:00 A.M. | E33: 1 | I33: (ML) Joe Machens Capital City I & II (NO TOURS) | J33: 6:00 A.M. | K33: 1
C34: (ML) Joe Machens Toyota | D34: 6:00 A.M. | E34: 1 | I34: (ML) Joe Machens Toyota | J34: 6:00 A.M. | K34: 1
C35: (ML) Joe Machens VW | D35: 6:00 A.M. | E35: 1 | I35: (ML) Joe Machens VW | J35: 6:00 A.M. | K35: 1
C36: (ML) Nissan of North Little Rock | D36: 6:00 A.M. | E36: 1 | I36: (ML) Nissan of North Little Rock | J36: 6:00 A.M. | K36: 1
C37: (ML) Toyota N Little Rock | D37: 6:00 A.M. | E37: 1 | I37: (ML) Toyota N Little Rock | J37: 6:00 A.M. | K37: 1
C38: (KT) Northwest CDJR (NO TOURS) | D38: 6:00 A.M. | E38: 1 | I38: (KT) Northwest CDJR (NO TOURS) | J38: 6:00 A.M. | K38: 1
C39: (AS) Lexus Plano I & II (NO TOURS) | D39: 6:00 A.M. | E39: 1 | I39: (AS) Lexus Plano I & II (NO TOURS) | J39: 6:00 A.M. | K39: 1
C40: (AS) Mercedes Benz/Porsche Dallas I,II,III (NO TOURS) | D40: 6:00 A.M. | E40: 1 | I40: (AS) Mercedes Benz/Porsche Dallas I,II,III (NO TOURS) | J40: 6:00 A.M. | K40: 1
C41: (AS) Park Place Sprinter Van Center (NO TOURS) | D41: 6:00 A.M. | E41: 1 | I41: (AS) Park Place Sprinter Van Center (NO TOURS) | J41: 6:00 A.M. | K41: 1
C42: (AS) Park Place Mercedes Benz Ft. Worth (NO TOURS) | D42: 6:00 A.M. | E42: 1 | I42: (AS) Park Place Mercedes Benz Ft. Worth (NO TOURS) | J42: 6:00 A.M. | K42: 1
B43: 11:00 P.M. | C43: (AS) Stevinson Porsche of Littleton (NO TOURS) | D43: 7:00 A.M. | E43: 1 | H43: 11:00 P.M. | I43: (AS) Stevinson Porsche of Littleton (NO TOURS) | J43: 7:00 A.M. | K43: 1
C44: (AS) Stevinson Toyota West (NO TOURS) | D44: 7:00 A.M. | E44: 1 | I44: (AS) Stevinson Toyota West (NO TOURS) | J44: 7:00 A.M. | K44: 1
B45: 12:00 A.M. | C45: (RV) Toms Camperland Avondale (NO TOURS) | D45: 8:00 A.M. | E45: 1 | H45: 12:00 A.M. | I45: (RV) Toms Camperland Avondale (NO TOURS) | J45: 8:00 A.M. | K45: 1
C46: (RV) Toms Camperland Mesa (NO TOURS) | D46: 8:00 A.M. | E46: 1 | I46: (RV) Toms Camperland Mesa (NO TOURS) | J46: 8:00 A.M. | K46: 1
A47: 5 | B47: 24 Hrs | C47: (KG) Truck Center Remote Storage Lot | D47: N/A | E47: 1 | G47: 5 | H47: 24 Hrs | I47: (KG) Truck Center Remote Storage Lot | J47: N/A | K47: 1
B48: 8:00 P.M. | C48: (PE) Scofield Service Center (NO TOURS) | D48: 5:00 A.M. | E48: 1 | H48: 8:00 P.M. | I48: (PE) Scofield Service Center (NO TOURS) | J48: 5:00 A.M. | K48: 1
B49: 9:00 P.M. | C49: (AS) Lexus Smyrna (NO TOURS) | D49: 5:00 A.M. | E49: 1 | H49: 9:00 P.M. | I49: (AS) Lexus Smyrna (NO TOURS) | J49: 5:00 A.M. | K49: 1
C50: (HUD) Honda Greensboro | D50: 5:00 A.M. | E50: 1 | I50: (HUD) Honda Greensboro | J50: 5:00 A.M. | K50: 1
C51: (HUD) Honda of Southpoint | D51: 5:00 A.M. | E51: 1 | I51: (HUD) Honda of Southpoint | J51: 5:00 A.M. | K51: 1
C52: (AS) Audi of North Atlanta (NO TOURS) | D52: 5:00 A.M. | E52: 1 | I52: (AS) Audi of North Atlanta (NO TOURS) | J52: 5:00 A.M. | K52: 1
C53: (AS) Courtesy Kia of Brandon (NO TOURS) | D53: 5:00 A.M. | E53: 1 | I53: (AS) Courtesy Kia of Brandon (NO TOURS) | J53: 5:00 A.M. | K53: 1
B54: 10:00 P.M. | C54: (DT) N. Houston | D54: 6:00 A.M. | E54: 1 | H54: 10:00 P.M. | I54: (DT) N. Houston | J54: 6:00 A.M. | K54: 1
C55: (KG) Clear Lake Pre-Owned | D55: 6:00 A.M. | E55: 1 | I55: (KG) Clear Lake Pre-Owned | J55: 6:00 A.M. | K55: 1
C56: (ML) Joe Machens Capital City I & II (NO TOURS) | D56: 6:00 A.M. | E56: 1 | I56: (ML) Joe Machens Capital City I & II (NO TOURS) | J56: 6:00 A.M. | K56: 1
C57: (ML) Joe Machens CDJR | D57: 6:00 A.M. | E57: 1 | I57: (ML) Joe Machens CDJR | J57: 6:00 A.M. | K57: 1
C58: (ML) McLarty Gray-Daniels Ford Lincoln | D58: 6:00 A.M. | E58: 1 | I58: (ML) McLarty Gray-Daniels Ford Lincoln | J58: 6:00 A.M. | K58: 1
C59: (ML) McLarty Gray-Daniels Toyota Nissan | D59: 6:00 A.M. | E59: 1 | I59: (ML) McLarty Gray-Daniels Toyota Nissan | J59: 6:00 A.M. | K59: 1
C60: (AS) Plaza Audi/Infiniti (NO TOURS) | D60: 6:00 A.M. | E60: 1 | I60: (AS) Plaza Audi/Infiniti (NO TOURS) | J60: 6:00 A.M. | K60: 1
C61: (AS) Plaza Lexus/Mercedes/BMW (NO TOURS) | D61: 6:00 A.M. | E61: 1 | I61: (AS) Plaza Lexus/Mercedes/BMW (NO TOURS) | J61: 6:00 A.M. | K61: 1
C62: (KT) Northwest CDJR (NO TOURS) | D62: 6:00 A.M. | E62: 1 | I62: (KT) Northwest CDJR (NO TOURS) | J62: 6:00 A.M. | K62: 1
C63: (AS) Park Place Bodywerks Dallas (NO TOURS) | D63: 6:00 A.M. | E63: 1 | I63: (AS) Park Place Bodywerks Dallas (NO TOURS) | J63: 6:00 A.M. | K63: 1
C64: (AS) Park Place Bodywerks Ft. Worth (NO TOURS) | D64: 6:00 A.M. | E64: 1 | I64: (AS) Park Place Bodywerks Ft. Worth (NO TOURS) | J64: 6:00 A.M. | K64: 1
B65: 11:00 P.M. | C65: (AS) Stevinson JLR (NO TOURS) | D65: 7:00 A.M. | E65: 1 | H65: 11:00 P.M. | I65: (AS) Stevinson JLR (NO TOURS) | J65: 7:00 A.M. | K65: 1
C66: (DT) Denver (NO TOURS) | D66: 7:00 A.M. | E66: 1 | I66: (DT) Denver (NO TOURS) | J66: 7:00 A.M. | K66: 1
C67: (AS) Mike Shaw Subaru Greeley (NO TOURS) | D67: 7:00 A.M. | E67: 1 | I67: (AS) Mike Shaw Subaru Greeley (NO TOURS) | J67: 7:00 A.M. | K67: 1
B68: 12:00 A.M. | C68: (KG) Kia of Phoenix (NO TOURS) | D68: 8:00 A.M. | E68: 1 | H68: 12:00 A.M. | I68: (KG) Kia of Phoenix (NO TOURS) | J68: 8:00 A.M. | K68: 1
C69: (RV) Toms Camperland Avondale (NO TOURS) | D69: 8:00 A.M. | E69: 1 | I69: (RV) Toms Camperland Avondale (NO TOURS) | J69: 8:00 A.M. | K69: 1
A70: 6 | B70: 24 Hrs | C70: (KG) Truck Center Remote Storage Lot | D70: N/A | E70: 1 | G70: 6 | H70: 24 Hrs | I70: (KG) Truck Center Remote Storage Lot | J70: N/A | K70: 1
B71: 8:00 P.M. | C71: (PE) JLR Darien PDI (NO TOURS) | D71: 5:00 A.M. | E71: 1 | H71: 8:00 P.M. | I71: (PE) JLR Darien PDI (NO TOURS) | J71: 5:00 A.M. | K71: 1
B72: 9:00 P.M. | C72: (DT) Louisville | D72: 5:00 A.M. | E72: 1 | H72: 9:00 P.M. | I72: (DT) Louisville | J72: 5:00 A.M. | K72: 1
C73: (HUD) Acura of Greensboro | D73: 5:00 A.M. | E73: 1 | I73: (HUD) Acura of Greensboro | J73: 5:00 A.M. | K73: 1
C74: (SCH) Chevrolet North Palm | D74: 5:00 A.M. | E74: 1 | I74: (SCH) Chevrolet North Palm | J74: 5:00 A.M. | K74: 1
C75: (SCH) Delray I & II | D75: 5:00 A.M. | E75: 1 | I75: (SCH) Delray I & II | J75: 5:00 A.M. | K75: 1
C76: (AS) Coggin Honda Ft. Pierce (NO TOURS) | D76: 5:00 A.M. | E76: 1 | I76: (AS) Coggin Honda Ft. Pierce (NO TOURS) | J76: 5:00 A.M. | K76: 1
B77: 10:00 P.M. | C77: (DT) N. Houston | D77: 6:00 A.M. | E77: 1 | H77: 10:00 P.M. | I77: (DT) N. Houston | J77: 6:00 A.M. | K77: 1
C78: (KG) Clear Lake Pre-Owned | D78: 6:00 A.M. | E78: 1 | I78: (KG) Clear Lake Pre-Owned | J78: 6:00 A.M. | K78: 1
C79: (LM) Luther Mazda / Mitsubishi | D79: 6:00 A.M. | E79: 1 | I79: (LM) Luther Mazda / Mitsubishi | J79: 6:00 A.M. | K79: 1
C80: (ML) Joe Machens Nissan | D80: 6:00 A.M. | E80: 1 | I80: (ML) Joe Machens Nissan | J80: 6:00 A.M. | K80: 1
C81: (ML) Joe Machens Temporary 2.0 | D81: 6:00 A.M. | E81: 1 | I81: (ML) Joe Machens Temporary 2.0 | J81: 6:00 A.M. | K81: 1
C82: (ML) Volvo Collision Corp | D82: 6:00 A.M. | E82: 1 | I82: (ML) Volvo Collision Corp | J82: 6:00 A.M. | K82: 1
C83: (RML) Burleson Nissan | D83: 6:00 A.M. | E83: 1 | I83: (RML) Burleson Nissan | J83: 6:00 A.M. | K83: 1
C84: (AS) Atwell Prep Center-Dallas (NO TOURS) | D84: 6:00 A.M. | E84: 1 | I84: (AS) Atwell Prep Center-Dallas (NO TOURS) | J84: 6:00 A.M. | K84: 1
C85: (AS) Mercedes Benz/Porsche Dallas I,II,III (NO TOURS) | D85: 6:00 A.M. | E85: 1 | I85: (AS) Mercedes Benz/Porsche Dallas I,II,III (NO TOURS) | J85: 6:00 A.M. | K85: 1
C86: (AS) Park Place Bodywerks Dallas (NO TOURS) | D86: 6:00 A.M. | E86: 1 | I86: (AS) Park Place Bodywerks Dallas (NO TOURS) | J86: 6:00 A.M. | K86: 1
C87: (AS) Park Place Bodywerks Ft. Worth (NO TOURS) | D87: 6:00 A.M. | E87: 1 | I87: (AS) Park Place Bodywerks Ft. Worth (NO TOURS) | J87: 6:00 A.M. | K87: 1
B88: 11:00 P.M. | C88: (KG) JLR LEHI (NO TOURS) | D88: 7:00 A.M. | E88: 1 | H88: 11:00 P.M. | I88: (KG) JLR LEHI (NO TOURS) | J88: 7:00 A.M. | K88: 1
B89: 12:00 A.M. | C89: (KG) Kia of Phoenix (NO TOURS) | D89: 8:00 A.M. | E89: 1 | H89: 12:00 A.M. | I89: (KG) Kia of Phoenix (NO TOURS) | J89: 8:00 A.M. | K89: 1
A90: 7 | B90: 24 Hrs | C90: (KG) Truck Center Remote Storage Lot | D90: N/A | E90: 1 | G90: 7 | H90: 24 Hrs | I90: (KG) Truck Center Remote Storage Lot | J90: N/A | K90: 1
B91: 8:00 P.M. | C91: (PE) Fairfield Collision (NO TOURS) | D91: 5:00 A.M. | E91: 1 | H91: 8:00 P.M. | I91: (PE) Fairfield Collision (NO TOURS) | J91: 5:00 A.M. | K91: 1
B92: 9:00 P.M. | C92: (AS) Courtesy Honda Palm Harbor (NO TOURS) | D92: 5:00 A.M. | E92: 1 | H92: 9:00 P.M. | I92: (AS) Courtesy Honda Palm Harbor (NO TOURS) | J92: 5:00 A.M. | K92: 1
C93: (HUD) Nissan Greensboro | D93: 5:00 A.M. | E93: 1 | I93: (HUD) Nissan Greensboro | J93: 5:00 A.M. | K93: 1
C94: (HUD) Paint and Body Center (NO TOURS) | D94: 5:00 A.M. | E94: 1 | I94: (HUD) Paint and Body Center (NO TOURS) | J94: 5:00 A.M. | K94: 1
C95: (AS) Courtesy Hyundai/Nissan Tampa (NO TOURS) | D95: 5:00 A.M. | E95: 1 | I95: (AS) Courtesy Hyundai/Nissan Tampa (NO TOURS) | J95: 5:00 A.M. | K95: 1
B96: 10:00 P.M. | C96: (LM) Luther Mazda / Mitsubishi | D96: 6:00 A.M. | E96: 1 | H96: 10:00 P.M. | I96: (LM) Luther Mazda / Mitsubishi | J96: 6:00 A.M. | K96: 1
C97: (ML) Joe Machens Toyota | D97: 6:00 A.M. | E97: 1 | I97: (ML) Joe Machens Toyota | J97: 6:00 A.M. | K97: 1
C98: (ML) Joe Machens VW | D98: 6:00 A.M. | E98: 1 | I98: (ML) Joe Machens VW | J98: 6:00 A.M. | K98: 1
C99: (AS) Plaza Audi/Infiniti (NO TOURS) | D99: 6:00 A.M. | E99: 1 | I99: (AS) Plaza Audi/Infiniti (NO TOURS) | J99: 6:00 A.M. | K99: 1
C100: (AS) Plaza Lexus/Mercedes/BMW (NO TOURS) | D100: 6:00 A.M. | E100: 1 | I100: (AS) Plaza Lexus/Mercedes/BMW (NO TOURS) | J100: 6:00 A.M. | K100: 1
C101: (AS) Lexus Plano I & II (NO TOURS) | D101: 6:00 A.M. | E101: 1 | I101: (AS) Lexus Plano I & II (NO TOURS) | J101: 6:00 A.M. | K101: 1
C102: (AS) Lexus Grapevine I & II (NO TOURS) | D102: 6:00 A.M. | E102: 1 | I102: (AS) Lexus Grapevine I & II (NO TOURS) | J102: 6:00 A.M. | K102: 1
B103: 11:00 P.M. | C103: (AS) Stevinson JLR (NO TOURS) | D103: 7:00 A.M. | E103: 1 | H103: 11:00 P.M. | I103: (AS) Stevinson JLR (NO TOURS) | J103: 7:00 A.M. | K103: 1
C104: (AS) Stevinson Lexus of Lakewood (NO TOURS) | D104: 7:00 A.M. | E104: 1 | I104: (AS) Stevinson Lexus of Lakewood (NO TOURS) | J104: 7:00 A.M. | K104: 1
B105: 12:00 A.M. | C105: (DT) Escondido | D105: 1:00 P.M. | E105: 1 | H105: 12:00 A.M. | I105: (DT) Escondido | J105: 1:00 P.M. | K105: 1
A106: 8 | B106: 24 Hrs | C106: (KG) Truck Center Remote Storage Lot | D106: N/A | E106: 1 | G106: 8 | H106: 24 Hrs | I106: (KG) Truck Center Remote Storage Lot | J106: N/A | K106: 1
C107: (AS) Nalley Lexus & Remote Lot Roswell (NO TOURS) | D107: N/A | E107: 1 | I107: (AS) Nalley Lexus & Remote Lot Roswell (NO TOURS) | J107: N/A | K107: 1
B108: 8:00 P.M. | C108: (PE) JLR PDI (NO TOURS) | D108: 5:00 A.M. | E108: 1 | H108: 8:00 P.M. | I108: (PE) JLR PDI (NO TOURS) | J108: 5:00 A.M. | K108: 1
C109: (PE) Mercedes Benz & Smart Bldg. of Fairfield (NO TOURS) | D109: 5:00 A.M. | E109: 1 | I109: (PE) Mercedes Benz & Smart Bldg. of Fairfield (NO TOURS) | J109: 5:00 A.M. | K109: 1
B110: 9:00 P.M. | C110: (MK) McKenny Salinas Honda | D110: 5:00 A.M. | E110: 1 | H110: 9:00 P.M. | I110: (MK) McKenny Salinas Honda | J110: 5:00 A.M. | K110: 1
C111: (SCH) Delray I & II | D111: 5:00 A.M. | E111: 1 | I111: (SCH) Delray I & II | J111: 5:00 A.M. | K111: 1
C112: (AS) Nalley BMW Collision Center (NO TOURS) | D112: 5:00 A.M. | E112: 1 | I112: (AS) Nalley BMW Collision Center (NO TOURS) | J112: 5:00 A.M. | K112: 1
B113: 10:00 P.M. | C113: (KG) Clear Lake Pre-Owned | D113: 6:00 A.M. | E113: 1 | H113: 10:00 P.M. | I113: (KG) Clear Lake Pre-Owned | J113: 6:00 A.M. | K113: 1
C114: (ML) Joe Machens Temporary 2.0 | D114: 6:00 A.M. | E114: 1 | I114: (ML) Joe Machens Temporary 2.0 | J114: 6:00 A.M. | K114: 1
C115: (ML) Joe Machens Toyota | D115: 6:00 A.M. | E115: 1 | I115: (ML) Joe Machens Toyota | J115: 6:00 A.M. | K115: 1
...

Sheet Flat Base
A1: Key | B1: Split | C1: Station | D1: Hour | E1: Time | F1: Site | G1: Drop time | H1: SIG Tools | I1: Map | J1: SUNDAY (D.T.) | K1: Notes* | L1: Gates | M1: Entrances | N1: LPR | O1: PTZ | P1: Important Cameras | Q1: ID
A2: =+Tabla3[[#This Row],[Site]]&Tabla3[[#This Row],[Split]] -> (AS) Coggin Honda Ft. Pierce (NO TOURS)4 | B2: 4 | C2: 1 | D2: 9:00 P.M. | E2: ET | F2: (AS) Coggin Honda Ft. Pierce (NO TOURS) | G2: 5:00 A.M. | H2: =VLOOKUP(Tabla3[[#This Row],[Site]],'Important Info!'!$A$1:$J$135,10,FALSE) -> https://tools.sig.systems/site/details/120 | I2: https://www.google.com/maps/d/viewer?mid=1AyViBuyeq7iwDua1SVudJ2A1BYi3IBA&ll=27.38181516363982%2C-80.32568845000002&z=18 | J2: 10:00 A.M. | K2: =VLOOKUP(Tabla3[[#This Row],[Site]],'Important Info!'!$A$1:$H$135,8,FALSE) -> - | L2: =VLOOKUP(Tabla3[[#This Row],[Site]],'Important Info!'!$A$1:$F$135,2,FALSE) -> 1, 2, 3, 4, 14 | M2: =VLOOKUP(Tabla3[[#This Row],[Site]],'Important Info!'!$A$1:$F$135,3,FALSE) -> - | N2: =VLOOKUP(Tabla3[[#This Row],[Site]],'Important Info!'!$A$1:$F$135,4,FALSE) -> - | O2: =VLOOKUP(Tabla3[[#This Row],[Site]],'Important Info!'!$A$1:$F$135,5,FALSE) -> 7, 11, 15 | P2: =VLOOKUP(Tabla3[[#This Row],[Site]],'Important Info!'!$A$1:$F$135,6,FALSE) -> 3 | Q2: =VLOOKUP(Tabla3[[#This Row],[Site]],'Important Info!'!$A$1:$J$135,9,FALSE) -> 120
A3: =+Tabla3[[#This Row],[Site]]&Tabla3[[#This Row],[Split]] -> (AS) Lexus Plano I & II (NO TOURS)4 | B3: 4 | C3: 1 | D3: 10:00 P.M. | E3: CT | F3: (AS) Lexus Plano I & II (NO TOURS) | G3: 6:00 A.M. | H3: =VLOOKUP(Tabla3[[#This Row],[Site]],'Important Info!'!$A$1:$J$135,10,FALSE) -> https://tools.sig.systems/site/details/167 | I3: https://www.google.com/maps/d/viewer?mid=1wg5suxVuxeNp_irHlvN772HcwD6W89E&ll=33.06373951220261%2C-96.82758025000001&z=18 | J3: N/A | K3: =VLOOKUP(Tabla3[[#This Row],[Site]],'Important Info!'!$A$1:$H$135,8,FALSE) -> - | L3: =VLOOKUP(Tabla3[[#This Row],[Site]],'Important Info!'!$A$1:$F$135,2,FALSE) -> 5, 9 | M3: =VLOOKUP(Tabla3[[#This Row],[Site]],'Important Info!'!$A$1:$F$135,3,FALSE) -> - | N3: =VLOOKUP(Tabla3[[#This Row],[Site]],'Important Info!'!$A$1:$F$135,4,FALSE) -> 101, 102, 103, 104 | O3: =VLOOKUP(Tabla3[[#This Row],[Site]],'Important Info!'!$A$1:$F$135,5,FALSE) -> 4, 10, 28 | P3: =VLOOKUP(Tabla3[[#This Row],[Site]],'Important Info!'!$A$1:$F$135,6,FALSE) -> 5, 9, 16 | Q3: =VLOOKUP(Tabla3[[#This Row],[Site]],'Important Info!'!$A$1:$J$135,9,FALSE) -> 167
A4: =+Tabla3[[#This Row],[Site]]&Tabla3[[#This Row],[Split]] -> (AS) Mercedes Benz/Porsche Dallas I,II,III (NO TOURS)4 | B4: 4 | C4: 1 | D4: 10:00 P.M. | E4: CT | F4: (AS) Mercedes Benz/Porsche Dallas I,II,III (NO TOURS) | G4: 6:00 A.M. | H4: =VLOOKUP(Tabla3[[#This Row],[Site]],'Important Info!'!$A$1:$J$135,10,FALSE) -> https://tools.sig.systems/site/details/168 | I4: https://www.google.com/maps/d/edit?hl=es&mid=1uPmsRMsXnp74hPFW2t-sp2totVWF_xY&ll=32.83050137713022%2C-96.83197783061323&z=17 | J4: N/A | K4: =VLOOKUP(Tabla3[[#This Row],[Site]],'Important Info!'!$A$1:$H$135,8,FALSE) -> - | L4: =VLOOKUP(Tabla3[[#This Row],[Site]],'Important Info!'!$A$1:$F$135,2,FALSE) -> 3, 4, 17, 26, 41 | M4: =VLOOKUP(Tabla3[[#This Row],[Site]],'Important Info!'!$A$1:$F$135,3,FALSE) -> - | N4: =VLOOKUP(Tabla3[[#This Row],[Site]],'Important Info!'!$A$1:$F$135,4,FALSE) -> 153, 154, 155, 156, 157, 158 | O4: =VLOOKUP(Tabla3[[#This Row],[Site]],'Important Info!'!$A$1:$F$135,5,FALSE) -> 2, 6, 10, 20, 28, 30, 36 | P4: =VLOOKUP(Tabla3[[#This Row],[Site]],'Important Info!'!$A$1:$F$135,6,FALSE) -> 31, 41, 159 | Q4: =VLOOKUP(Tabla3[[#This Row],[Site]],'Important Info!'!$A$1:$J$135,9,FALSE) -> 168
A5: =+Tabla3[[#This Row],[Site]]&Tabla3[[#This Row],[Split]] -> (AS) Nalley BMW Collision Center (NO TOURS)4 | B5: 4 | C5: 1 | D5: 9:00 P.M. | E5: ET | F5: (AS) Nalley BMW Collision Center (NO TOURS) | G5: 5:00 A.M. | H5: =VLOOKUP(Tabla3[[#This Row],[Site]],'Important Info!'!$A$1:$J$135,10,FALSE) -> https://tools.sig.systems/site/details/220 | J5: N/A | K5: =VLOOKUP(Tabla3[[#This Row],[Site]],'Important Info!'!$A$1:$H$135,8,FALSE) -> - | L5: =VLOOKUP(Tabla3[[#This Row],[Site]],'Important Info!'!$A$1:$F$135,2,FALSE) -> - | M5: =VLOOKUP(Tabla3[[#This Row],[Site]],'Important Info!'!$A$1:$F$135,3,FALSE) -> 4 | N5: =VLOOKUP(Tabla3[[#This Row],[Site]],'Important Info!'!$A$1:$F$135,4,FALSE) -> - | O5: =VLOOKUP(Tabla3[[#This Row],[Site]],'Important Info!'!$A$1:$F$135,5,FALSE) -> 12 | P5: =VLOOKUP(Tabla3[[#This Row],[Site]],'Important Info!'!$A$1:$F$135,6,FALSE) -> 13, 15 | Q5: =VLOOKUP(Tabla3[[#This Row],[Site]],'Important Info!'!$A$1:$J$135,9,FALSE) -> 220
A6: =+Tabla3[[#This Row],[Site]]&Tabla3[[#This Row],[Split]] -> (AS) Nalley Lexus & Remote Lot Roswell (NO TOURS)4 | B6: 4 | C6: 1 | D6: 24 Hrs | E6: ET | F6: (AS) Nalley Lexus & Remote Lot Roswell (NO TOURS) | G6: N/A | H6: =VLOOKUP(Tabla3[[#This Row],[Site]],'Important Info!'!$A$1:$J$135,10,FALSE) -> https://tools.sig.systems/site/details/131 | I6: https://www.google.com/maps/d/edit?mid=1jkN3DS1BhUqp_dztjjW0PDwKfo_Yxsw&usp=sharing | J6: N/A | K6: =VLOOKUP(Tabla3[[#This Row],[Site]],'Important Info!'!$A$1:$H$135,8,FALSE) -> Dealership 11PM to 5AM (Mon to Fri). Sunday Drop Time 1PM | L6: =VLOOKUP(Tabla3[[#This Row],[Site]],'Important Info!'!$A$1:$F$135,2,FALSE) -> 6, 13 | M6: =VLOOKUP(Tabla3[[#This Row],[Site]],'Important Info!'!$A$1:$F$135,3,FALSE) -> 4 | N6: =VLOOKUP(Tabla3[[#This Row],[Site]],'Important Info!'!$A$1:$F$135,4,FALSE) -> 1 | O6: =VLOOKUP(Tabla3[[#This Row],[Site]],'Important Info!'!$A$1:$F$135,5,FALSE) -> 1, 8, 19 | P6: =VLOOKUP(Tabla3[[#This Row],[Site]],'Important Info!'!$A$1:$F$135,6,FALSE) -> 4, 20 | Q6: =VLOOKUP(Tabla3[[#This Row],[Site]],'Important Info!'!$A$1:$J$135,9,FALSE) -> 131
A7: =+Tabla3[[#This Row],[Site]]&Tabla3[[#This Row],[Split]] -> (AS) Park Place Mercedes Benz Ft. Worth (NO TOURS)4 | B7: 4 | C7: 1 | D7: 10:00 P.M. | E7: CT | F7: (AS) Park Place Mercedes Benz Ft. Worth (NO TOURS) | G7: 6:00 A.M. | H7: =VLOOKUP(Tabla3[[#This Row],[Site]],'Important Info!'!$A$1:$J$135,10,FALSE) -> https://tools.sig.systems/site/details/137 | I7: https://www.google.com/maps/d/edit?mid=18OEO_KbvYcgI3N1jE4gTMXfNHTNDrFU&ll=32.66603989958274%2C-97.42021198201722&z=18 | J7: N/A | K7: - | L7: =VLOOKUP(Tabla3[[#This Row],[Site]],'Important Info!'!$A$1:$F$135,2,FALSE) -> 4, 18 | M7: =VLOOKUP(Tabla3[[#This Row],[Site]],'Important Info!'!$A$1:$F$135,3,FALSE) -> - | N7: =VLOOKUP(Tabla3[[#This Row],[Site]],'Important Info!'!$A$1:$F$135,4,FALSE) -> 54, 55 | O7: =VLOOKUP(Tabla3[[#This Row],[Site]],'Important Info!'!$A$1:$F$135,5,FALSE) -> 2, 18 | P7: =VLOOKUP(Tabla3[[#This Row],[Site]],'Important Info!'!$A$1:$F$135,6,FALSE) -> 5, 18 | Q7: =VLOOKUP(Tabla3[[#This Row],[Site]],'Important Info!'!$A$1:$J$135,9,FALSE) -> 137
A8: =+Tabla3[[#This Row],[Site]]&Tabla3[[#This Row],[Split]] -> (AS) Park Place Sprinter Van Center (NO TOURS)4 | B8: 4 | C8: 1 | D8: 10:00 P.M. | E8: CT | F8: (AS) Park Place Sprinter Van Center (NO TOURS) | G8: 6:00 A.M. | H8: =VLOOKUP(Tabla3[[#This Row],[Site]],'Important Info!'!$A$1:$J$135,10,FALSE) -> https://tools.sig.systems/site/details/138 | I8: https://www.google.com/maps/d/edit?hl=es&mid=1uPmsRMsXnp74hPFW2t-sp2totVWF_xY&ll=32.83050137713022%2C-96.83197783061323&z=17 | J8: N/A | K8: =VLOOKUP(Tabla3[[#This Row],[Site]],'Important Info!'!$A$1:$H$135,8,FALSE) -> - | L8: =VLOOKUP(Tabla3[[#This Row],[Site]],'Important Info!'!$A$1:$F$135,2,FALSE) -> 1 | M8: =VLOOKUP(Tabla3[[#This Row],[Site]],'Important Info!'!$A$1:$F$135,3,FALSE) -> - | N8: =VLOOKUP(Tabla3[[#This Row],[Site]],'Important Info!'!$A$1:$F$135,4,FALSE) -> - | O8: =VLOOKUP(Tabla3[[#This Row],[Site]],'Important Info!'!$A$1:$F$135,5,FALSE) -> - | P8: =VLOOKUP(Tabla3[[#This Row],[Site]],'Important Info!'!$A$1:$F$135,6,FALSE) -> 1, 3 | Q8: =VLOOKUP(Tabla3[[#This Row],[Site]],'Important Info!'!$A$1:$J$135,9,FALSE) -> 138
A9: =+Tabla3[[#This Row],[Site]]&Tabla3[[#This Row],[Split]] -> (AS) Stevinson Porsche of Littleton (NO TOURS)4 | B9: 4 | C9: 1 | D9: 11:00 P.M. | E9: MT | F9: (AS) Stevinson Porsche of Littleton (NO TOURS) | G9: 7:00 A.M. | H9: =VLOOKUP(Tabla3[[#This Row],[Site]],'Important Info!'!$A$1:$J$135,10,FALSE) -> https://tools.sig.systems/site/details/242 | J9: N/A | K9: =VLOOKUP(Tabla3[[#This Row],[Site]],'Important Info!'!$A$1:$H$135,8,FALSE) -> - | L9: =VLOOKUP(Tabla3[[#This Row],[Site]],'Important Info!'!$A$1:$F$135,2,FALSE) -> 3, 4 | M9: =VLOOKUP(Tabla3[[#This Row],[Site]],'Important Info!'!$A$1:$F$135,3,FALSE) -> 2 | N9: =VLOOKUP(Tabla3[[#This Row],[Site]],'Important Info!'!$A$1:$F$135,4,FALSE) -> - | O9: =VLOOKUP(Tabla3[[#This Row],[Site]],'Important Info!'!$A$1:$F$135,5,FALSE) -> - | P9: =VLOOKUP(Tabla3[[#This Row],[Site]],'Important Info!'!$A$1:$F$135,6,FALSE) -> 3, 4 | Q9: =VLOOKUP(Tabla3[[#This Row],[Site]],'Important Info!'!$A$1:$J$135,9,FALSE) -> 242
A10: =+Tabla3[[#This Row],[Site]]&Tabla3[[#This Row],[Split]] -> (AS) Stevinson Toyota West (NO TOURS)4 | B10: 4 | C10: 1 | D10: 11:00 P.M. | E10: MT | F10: (AS) Stevinson Toyota West (NO TOURS) | G10: 7:00 A.M. | H10: =VLOOKUP(Tabla3[[#This Row],[Site]],'Important Info!'!$A$1:$J$135,10,FALSE) -> https://tools.sig.systems/site/details/240 | I10: https://www.google.com/maps/d/edit?mid=1nAyK85WaWREy0lfxnmWn3USs2gC0nP0&usp=sharing | J10: N/A | K10: =VLOOKUP(Tabla3[[#This Row],[Site]],'Important Info!'!$A$1:$H$135,8,FALSE) -> - | L10: =VLOOKUP(Tabla3[[#This Row],[Site]],'Important Info!'!$A$1:$F$135,2,FALSE) -> - | M10: =VLOOKUP(Tabla3[[#This Row],[Site]],'Important Info!'!$A$1:$F$135,3,FALSE) -> 7, 18, 21 | N10: =VLOOKUP(Tabla3[[#This Row],[Site]],'Important Info!'!$A$1:$F$135,4,FALSE) -> - | O10: =VLOOKUP(Tabla3[[#This Row],[Site]],'Important Info!'!$A$1:$F$135,5,FALSE) -> 11, 24, 34 | P10: =VLOOKUP(Tabla3[[#This Row],[Site]],'Important Info!'!$A$1:$F$135,6,FALSE) -> 1, 2, 3, 12 | Q10: =VLOOKUP(Tabla3[[#This Row],[Site]],'Important Info!'!$A$1:$J$135,9,FALSE) -> 240
A11: =+Tabla3[[#This Row],[Site]]&Tabla3[[#This Row],[Split]] -> (DT) N. Houston4 | B11: 4 | C11: 1 | D11: 10:00 P.M. | E11: CT | F11: (DT) N. Houston | G11: 6:00 A.M. | H11: =VLOOKUP(Tabla3[[#This Row],[Site]],'Important Info!'!$A$1:$J$135,10,FALSE) -> https://tools.sig.systems/site/details/250 | J11: N/A | K11: =VLOOKUP(Tabla3[[#This Row],[Site]],'Important Info!'!$A$1:$H$135,8,FALSE) -> - | L11: =VLOOKUP(Tabla3[[#This Row],[Site]],'Important Info!'!$A$1:$F$135,2,FALSE) -> 2, 10, 18 | M11: =VLOOKUP(Tabla3[[#This Row],[Site]],'Important Info!'!$A$1:$F$135,3,FALSE) -> - | N11: =VLOOKUP(Tabla3[[#This Row],[Site]],'Important Info!'!$A$1:$F$135,4,FALSE) -> - | O11: =VLOOKUP(Tabla3[[#This Row],[Site]],'Important Info!'!$A$1:$F$135,5,FALSE) -> 15 | P11: =VLOOKUP(Tabla3[[#This Row],[Site]],'Important Info!'!$A$1:$F$135,6,FALSE) -> 2, 4, 18 | Q11: =VLOOKUP(Tabla3[[#This Row],[Site]],'Important Info!'!$A$1:$J$135,9,FALSE) -> 250
A12: =+Tabla3[[#This Row],[Site]]&Tabla3[[#This Row],[Split]] -> (DT) W Houston4 | B12: 4 | C12: 1 | D12: 10:00 P.M. | E12: CT | F12: (DT) W Houston | G12: 6:00 A.M. | H12: =VLOOKUP(Tabla3[[#This Row],[Site]],'Important Info!'!$A$1:$J$135,10,FALSE) -> https://tools.sig.systems/site/details/197 | J12: N/A | K12: =VLOOKUP(Tabla3[[#This Row],[Site]],'Important Info!'!$A$1:$H$135,8,FALSE) -> - | L12: =VLOOKUP(Tabla3[[#This Row],[Site]],'Important Info!'!$A$1:$F$135,2,FALSE) -> 7 | M12: =VLOOKUP(Tabla3[[#This Row],[Site]],'Important Info!'!$A$1:$F$135,3,FALSE) -> 2 | N12: =VLOOKUP(Tabla3[[#This Row],[Site]],'Important Info!'!$A$1:$F$135,4,FALSE) -> - | O12: =VLOOKUP(Tabla3[[#This Row],[Site]],'Important Info!'!$A$1:$F$135,5,FALSE) -> 14 | P12: =VLOOKUP(Tabla3[[#This Row],[Site]],'Important Info!'!$A$1:$F$135,6,FALSE) -> 2, 3, 7, 10 | Q12: =VLOOKUP(Tabla3[[#This Row],[Site]],'Important Info!'!$A$1:$J$135,9,FALSE) -> 197
A13: =+Tabla3[[#This Row],[Site]]&Tabla3[[#This Row],[Split]] -> (HUD) Honda of Southpoint4 | B13: 4 | C13: 1 | D13: 9:00 P.M. | E13: ET | F13: (HUD) Honda of Southpoint | G13: 5:00 A.M. | H13: =VLOOKUP(Tabla3[[#This Row],[Site]],'Important Info!'!$A$1:$J$135,10,FALSE) -> https://tools.sig.systems/site/details/195 | J13: 10:00 A.M. | K13: =VLOOKUP(Tabla3[[#This Row],[Site]],'Important Info!'!$A$1:$H$135,8,FALSE) -> - | L13: =VLOOKUP(Tabla3[[#This Row],[Site]],'Important Info!'!$A$1:$F$135,2,FALSE) -> 2, 12, 18 | M13: =VLOOKUP(Tabla3[[#This Row],[Site]],'Important Info!'!$A$1:$F$135,3,FALSE) -> 13 | N13: =VLOOKUP(Tabla3[[#This Row],[Site]],'Important Info!'!$A$1:$F$135,4,FALSE) -> - | O13: =VLOOKUP(Tabla3[[#This Row],[Site]],'Important Info!'!$A$1:$F$135,5,FALSE) -> 2, 15 | P13: =VLOOKUP(Tabla3[[#This Row],[Site]],'Important Info!'!$A$1:$F$135,6,FALSE) -> - | Q13: =VLOOKUP(Tabla3[[#This Row],[Site]],'Important Info!'!$A$1:$J$135,9,FALSE) -> 195
A14: =+Tabla3[[#This Row],[Site]]&Tabla3[[#This Row],[Split]] -> (HUD) Nissan Greensboro4 | B14: 4 | C14: 1 | D14: 9:00 P.M. | E14: ET | F14: (HUD) Nissan Greensboro | G14: 5:00 A.M. | H14: =VLOOKUP(Tabla3[[#This Row],[Site]],'Important Info!'!$A$1:$J$135,10,FALSE) -> https://tools.sig.systems/site/details/236 | I14: https://www.google.com/maps/d/viewer?mid=1ejOzT7-x6RWnCf83BBP7XhiOiwEX3Wk&ll=36.061264791292906%2C-79.87437695000003&z=17 | J14: N/A | K14: =VLOOKUP(Tabla3[[#This Row],[Site]],'Important Info!'!$A$1:$H$135,8,FALSE) -> - | L14: =VLOOKUP(Tabla3[[#This Row],[Site]],'Important Info!'!$A$1:$F$135,2,FALSE) -> 1, 5, 12 | M14: =VLOOKUP(Tabla3[[#This Row],[Site]],'Important Info!'!$A$1:$F$135,3,FALSE) -> - | N14: =VLOOKUP(Tabla3[[#This Row],[Site]],'Important Info!'!$A$1:$F$135,4,FALSE) -> - | O14: =VLOOKUP(Tabla3[[#This Row],[Site]],'Important Info!'!$A$1:$F$135,5,FALSE) -> - | P14: =VLOOKUP(Tabla3[[#This Row],[Site]],'Important Info!'!$A$1:$F$135,6,FALSE) -> 4 | Q14: =VLOOKUP(Tabla3[[#This Row],[Site]],'Important Info!'!$A$1:$J$135,9,FALSE) -> 236
A15: =+Tabla3[[#This Row],[Site]]&Tabla3[[#This Row],[Split]] -> (KG) Texan CDJR4 | B15: 4 | C15: 1 | D15: 10:00 P.M. | E15: CT | F15: (KG) Texan CDJR | G15: 6:00 A.M. | H15: =VLOOKUP(Tabla3[[#This Row],[Site]],'Important Info!'!$A$1:$J$135,10,FALSE) -> https://tools.sig.systems/site/details/238 | I15: https://www.google.com/maps/d/edit?mid=1FNqK4dW8Z8gtSWuQLbStrtqe7lH8DIQ&usp=sharing | J15: N/A | K15: =VLOOKUP(Tabla3[[#This Row],[Site]],'Important Info!'!$A$1:$H$135,8,FALSE) -> - | L15: =VLOOKUP(Tabla3[[#This Row],[Site]],'Important Info!'!$A$1:$F$135,2,FALSE) -> 11, 12, 13, 14, 20, 32, 34, 36, 77 | M15: =VLOOKUP(Tabla3[[#This Row],[Site]],'Important Info!'!$A$1:$F$135,3,FALSE) -> - | N15: =VLOOKUP(Tabla3[[#This Row],[Site]],'Important Info!'!$A$1:$F$135,4,FALSE) -> 67, 68, 69, 70 | O15: =VLOOKUP(Tabla3[[#This Row],[Site]],'Important Info!'!$A$1:$F$135,5,FALSE) -> 2, 10, 14, 25, 29, 35, 38 | P15: =VLOOKUP(Tabla3[[#This Row],[Site]],'Important Info!'!$A$1:$F$135,6,FALSE) -> 36, 46 | Q15: =VLOOKUP(Tabla3[[#This Row],[Site]],'Important Info!'!$A$1:$J$135,9,FALSE) -> 238
A16: =+Tabla3[[#This Row],[Site]]&Tabla3[[#This Row],[Split]] -> (KG) Truck Center Remote Storage Lot4 | B16: 4 | C16: 1 | D16: 24 Hrs | E16: MT | F16: (KG) Truck Center Remote Storage Lot | G16: N/A | H16: =VLOOKUP(Tabla3[[#This Row],[Site]],'Important Info!'!$A$1:$J$135,10,FALSE) -> https://tools.sig.systems/site/details/144 | J16: N/A | K16: =VLOOKUP(Tabla3[[#This Row],[Site]],'Important Info!'!$A$1:$H$135,8,FALSE) -> - | L16: =VLOOKUP(Tabla3[[#This Row],[Site]],'Important Info!'!$A$1:$F$135,2,FALSE) -> 4, A23, A49 | M16: =VLOOKUP(Tabla3[[#This Row],[Site]],'Important Info!'!$A$1:$F$135,3,FALSE) -> 5, 24 | N16: =VLOOKUP(Tabla3[[#This Row],[Site]],'Important Info!'!$A$1:$F$135,4,FALSE) -> - | O16: =VLOOKUP(Tabla3[[#This Row],[Site]],'Important Info!'!$A$1:$F$135,5,FALSE) -> 1, 7, 11, 15, 19, 24, 25 | P16: =VLOOKUP(Tabla3[[#This Row],[Site]],'Important Info!'!$A$1:$F$135,6,FALSE) -> 9, 20, 24, A49 | Q16: =VLOOKUP(Tabla3[[#This Row],[Site]],'Important Info!'!$A$1:$J$135,9,FALSE) -> 144
A17: =+Tabla3[[#This Row],[Site]]&Tabla3[[#This Row],[Split]] -> (KT) Northwest CDJR (NO TOURS)4 | B17: 4 | C17: 1 | D17: 10:00 P.M. | E17: CT | F17: (KT) Northwest CDJR (NO TOURS) | G17: 6:00 A.M. | H17: =VLOOKUP(Tabla3[[#This Row],[Site]],'Important Info!'!$A$1:$J$135,10,FALSE) -> https://tools.sig.systems/site/details/229 | J17: N/A | K17: =VLOOKUP(Tabla3[[#This Row],[Site]],'Important Info!'!$A$1:$H$135,8,FALSE) -> - | L17: =VLOOKUP(Tabla3[[#This Row],[Site]],'Important Info!'!$A$1:$F$135,2,FALSE) -> 1, 3, 11, 25 | M17: =VLOOKUP(Tabla3[[#This Row],[Site]],'Important Info!'!$A$1:$F$135,3,FALSE) -> - | N17: =VLOOKUP(Tabla3[[#This Row],[Site]],'Important Info!'!$A$1:$F$135,4,FALSE) -> - | O17: =VLOOKUP(Tabla3[[#This Row],[Site]],'Important Info!'!$A$1:$F$135,5,FALSE) -> 4, 12, 18 | P17: =VLOOKUP(Tabla3[[#This Row],[Site]],'Important Info!'!$A$1:$F$135,6,FALSE) -> - | Q17: =VLOOKUP(Tabla3[[#This Row],[Site]],'Important Info!'!$A$1:$J$135,9,FALSE) -> 229
A18: =+Tabla3[[#This Row],[Site]]&Tabla3[[#This Row],[Split]] -> (ML) Honda of Little Rock4 | B18: 4 | C18: 1 | D18: 10:00 P.M. | E18: CT | F18: (ML) Honda of Little Rock | G18: 6:00 A.M. | H18: =VLOOKUP(Tabla3[[#This Row],[Site]],'Important Info!'!$A$1:$J$135,10,FALSE) -> https://tools.sig.systems/site/details/249 | I18: https://www.google.com/maps/d/viewer?mid=1hvbKFMO-d5TXrKGU-g5dt_xcdArB1D0&ll=34.71147784120261%2C-92.40574350000001&z=17 | J18: N/A | K18: =VLOOKUP(Tabla3[[#This Row],[Site]],'Important Info!'!$A$1:$H$135,8,FALSE) -> - | L18: =VLOOKUP(Tabla3[[#This Row],[Site]],'Important Info!'!$A$1:$F$135,2,FALSE) -> 1, 4, 9, 14, 21 | M18: =VLOOKUP(Tabla3[[#This Row],[Site]],'Important Info!'!$A$1:$F$135,3,FALSE) -> - | N18: =VLOOKUP(Tabla3[[#This Row],[Site]],'Important Info!'!$A$1:$F$135,4,FALSE) -> - | O18: =VLOOKUP(Tabla3[[#This Row],[Site]],'Important Info!'!$A$1:$F$135,5,FALSE) -> 4, 14, 21 | P18: =VLOOKUP(Tabla3[[#This Row],[Site]],'Important Info!'!$A$1:$F$135,6,FALSE) -> 11, 12 | Q18: =VLOOKUP(Tabla3[[#This Row],[Site]],'Important Info!'!$A$1:$J$135,9,FALSE) -> 249
A19: =+Tabla3[[#This Row],[Site]]&Tabla3[[#This Row],[Split]] -> (ML) Joe Machens Capital City I & II (NO TOURS)4 | B19: 4 | C19: 1 | D19: 10:00 P.M. | E19: CT | F19: (ML) Joe Machens Capital City I & II (NO TOURS) | G19: 6:00 A.M. | H19: =VLOOKUP(Tabla3[[#This Row],[Site]],'Important Info!'!$A$1:$J$135,10,FALSE) -> https://tools.sig.systems/site/details/271 | J19: N/A | K19: =VLOOKUP(Tabla3[[#This Row],[Site]],'Important Info!'!$A$1:$H$135,8,FALSE) -> - | L19: =VLOOKUP(Tabla3[[#This Row],[Site]],'Important Info!'!$A$1:$F$135,2,FALSE) -> - | M19: =VLOOKUP(Tabla3[[#This Row],[Site]],'Important Info!'!$A$1:$F$135,3,FALSE) -> 1, 3, 4, 20, 25, 27, 28 | N19: =VLOOKUP(Tabla3[[#This Row],[Site]],'Important Info!'!$A$1:$F$135,4,FALSE) -> - | O19: =VLOOKUP(Tabla3[[#This Row],[Site]],'Important Info!'!$A$1:$F$135,5,FALSE) -> 29 | P19: =VLOOKUP(Tabla3[[#This Row],[Site]],'Important Info!'!$A$1:$F$135,6,FALSE) -> 19, 20 | Q19: =VLOOKUP(Tabla3[[#This Row],[Site]],'Important Info!'!$A$1:$J$135,9,FALSE) -> 271
A20: =+Tabla3[[#This Row],[Site]]&Tabla3[[#This Row],[Split]] -> (ML) Joe Machens Toyota4 | B20: 4 | C20: 1 | D20: 10:00 P.M. | E20: CT | F20: (ML) Joe Machens Toyota | G20: 6:00 A.M. | H20: =VLOOKUP(Tabla3[[#This Row],[Site]],'Important Info!'!$A$1:$J$135,10,FALSE) -> https://tools.sig.systems/site/details/275 | I20: https://www.google.com/maps/d/viewer?hl=es&mid=1C1oZdjH3dNvCvqdpIv_Lk0Yn1OCVn-4&ll=38.965368114274455%2C-92.3405954&z=15 | J20: N/A | K20: =VLOOKUP(Tabla3[[#This Row],[Site]],'Important Info!'!$A$1:$H$135,8,FALSE) -> - | L20: =VLOOKUP(Tabla3[[#This Row],[Site]],'Important Info!'!$A$1:$F$135,2,FALSE) -> - | M20: =VLOOKUP(Tabla3[[#This Row],[Site]],'Important Info!'!$A$1:$F$135,3,FALSE) -> 1, 4, 6 | N20: =VLOOKUP(Tabla3[[#This Row],[Site]],'Important Info!'!$A$1:$F$135,4,FALSE) -> - | O20: =VLOOKUP(Tabla3[[#This Row],[Site]],'Important Info!'!$A$1:$F$135,5,FALSE) -> 4, 10 | P20: =VLOOKUP(Tabla3[[#This Row],[Site]],'Important Info!'!$A$1:$F$135,6,FALSE) -> - | Q20: =VLOOKUP(Tabla3[[#This Row],[Site]],'Important Info!'!$A$1:$J$135,9,FALSE) -> 275
A21: =+Tabla3[[#This Row],[Site]]&Tabla3[[#This Row],[Split]] -> (ML) Joe Machens VW4 | B21: 4 | C21: 1 | D21: 10:00 P.M. | E21: CT | F21: (ML) Joe Machens VW | G21: 6:00 A.M. | H21: =VLOOKUP(Tabla3[[#This Row],[Site]],'Important Info!'!$A$1:$J$135,10,FALSE) -> https://tools.sig.systems/site/details/274 | I21: https://www.google.com/maps/d/viewer?hl=es&mid=1C1oZdjH3dNvCvqdpIv_Lk0Yn1OCVn-4&ll=38.965368114274455%2C-92.3405954&z=15 | J21: N/A | K21: =VLOOKUP(Tabla3[[#This Row],[Site]],'Important Info!'!$A$1:$H$135,8,FALSE) -> - | L21: =VLOOKUP(Tabla3[[#This Row],[Site]],'Important Info!'!$A$1:$F$135,2,FALSE) -> - | M21: =VLOOKUP(Tabla3[[#This Row],[Site]],'Important Info!'!$A$1:$F$135,3,FALSE) -> 1, 11, 18 | N21: =VLOOKUP(Tabla3[[#This Row],[Site]],'Important Info!'!$A$1:$F$135,4,FALSE) -> - | O21: =VLOOKUP(Tabla3[[#This Row],[Site]],'Important Info!'!$A$1:$F$135,5,FALSE) -> 17 | P21: =VLOOKUP(Tabla3[[#This Row],[Site]],'Important Info!'!$A$1:$F$135,6,FALSE) -> - | Q21: =VLOOKUP(Tabla3[[#This Row],[Site]],'Important Info!'!$A$1:$J$135,9,FALSE) -> 274
A22: =+Tabla3[[#This Row],[Site]]&Tabla3[[#This Row],[Split]] -> (ML) Nissan of North Little Rock4 | B22: 4 | C22: 1 | D22: 10:00 P.M. | E22: CT | F22: (ML) Nissan of North Little Rock | G22: 6:00 A.M. | H22: =VLOOKUP(Tabla3[[#This Row],[Site]],'Important Info!'!$A$1:$J$135,10,FALSE) -> https://tools.sig.systems/site/details/216 | I22: https://www.google.com/maps/d/edit?mid=1Oky35ERk_2kgyzCvDu_odQ2ZP62BtqA&usp=sharing | J22: N/A | K22: =VLOOKUP(Tabla3[[#This Row],[Site]],'Important Info!'!$A$1:$H$135,8,FALSE) -> - | L22: =VLOOKUP(Tabla3[[#This Row],[Site]],'Important Info!'!$A$1:$F$135,2,FALSE) -> 2, 4 | M22: =VLOOKUP(Tabla3[[#This Row],[Site]],'Important Info!'!$A$1:$F$135,3,FALSE) -> - | N22: =VLOOKUP(Tabla3[[#This Row],[Site]],'Important Info!'!$A$1:$F$135,4,FALSE) -> - | O22: =VLOOKUP(Tabla3[[#This Row],[Site]],'Important Info!'!$A$1:$F$135,5,FALSE) -> 5, 17, 23 | P22: =VLOOKUP(Tabla3[[#This Row],[Site]],'Important Info!'!$A$1:$F$135,6,FALSE) -> 18 | Q22: =VLOOKUP(Tabla3[[#This Row],[Site]],'Important Info!'!$A$1:$J$135,9,FALSE) -> 216
A23: =+Tabla3[[#This Row],[Site]]&Tabla3[[#This Row],[Split]] -> (ML) Toyota N Little Rock4 | B23: 4 | C23: 1 | D23: 10:00 P.M. | E23: CT | F23: (ML) Toyota N Little Rock | G23: 6:00 A.M. | H23: =VLOOKUP(Tabla3[[#This Row],[Site]],'Important Info!'!$A$1:$J$135,10,FALSE) -> https://tools.sig.systems/site/details/201 | I23: https://www.google.com/maps/d/edit?mid=1Oky35ERk_2kgyzCvDu_odQ2ZP62BtqA&usp=sharing | J23: N/A | K23: =VLOOKUP(Tabla3[[#This Row],[Site]],'Important Info!'!$A$1:$H$135,8,FALSE) -> - | L23: =VLOOKUP(Tabla3[[#This Row],[Site]],'Important Info!'!$A$1:$F$135,2,FALSE) -> 4, 15, 18, 22, 23, 26 | M23: =VLOOKUP(Tabla3[[#This Row],[Site]],'Important Info!'!$A$1:$F$135,3,FALSE) -> - | N23: =VLOOKUP(Tabla3[[#This Row],[Site]],'Important Info!'!$A$1:$F$135,4,FALSE) -> - | O23: =VLOOKUP(Tabla3[[#This Row],[Site]],'Important Info!'!$A$1:$F$135,5,FALSE) -> 2, 12, 13, 18 | P23: =VLOOKUP(Tabla3[[#This Row],[Site]],'Important Info!'!$A$1:$F$135,6,FALSE) -> - | Q23: =VLOOKUP(Tabla3[[#This Row],[Site]],'Important Info!'!$A$1:$J$135,9,FALSE) -> 201
A24: =+Tabla3[[#This Row],[Site]]&Tabla3[[#This Row],[Split]] -> (PE) Fairfield Collision (NO TOURS)4 | B24: 4 | C24: 1 | D24: 8:00 P.M. | E24: ET | F24: (PE) Fairfield Collision (NO TOURS) | G24: 5:00 A.M. | H24: =VLOOKUP(Tabla3[[#This Row],[Site]],'Important Info!'!$A$1:$J$135,10,FALSE) -> https://tools.sig.systems/site/details/191 | J24: N/A | K24: =VLOOKUP(Tabla3[[#This Row],[Site]],'Important Info!'!$A$1:$H$135,8,FALSE) -> - | L24: =VLOOKUP(Tabla3[[#This Row],[Site]],'Important Info!'!$A$1:$F$135,2,FALSE) -> 4 | M24: =VLOOKUP(Tabla3[[#This Row],[Site]],'Important Info!'!$A$1:$F$135,3,FALSE) -> - | N24: =VLOOKUP(Tabla3[[#This Row],[Site]],'Important Info!'!$A$1:$F$135,4,FALSE) -> - | O24: =VLOOKUP(Tabla3[[#This Row],[Site]],'Important Info!'!$A$1:$F$135,5,FALSE) -> - | P24: =VLOOKUP(Tabla3[[#This Row],[Site]],'Important Info!'!$A$1:$F$135,6,FALSE) -> 1, 2, 3, 4, 5, 6 | Q24: =VLOOKUP(Tabla3[[#This Row],[Site]],'Important Info!'!$A$1:$J$135,9,FALSE) -> 191
A25: =+Tabla3[[#This Row],[Site]]&Tabla3[[#This Row],[Split]] -> (PE) Mercedes Benz & Smart Bldg. of Fairfield (NO TOURS)4 | B25: 4 | C25: 1 | D25: 8:00 P.M. | E25: ET | F25: (PE) Mercedes Benz & Smart Bldg. of Fairfield (NO TOURS) | G25: 5:00 A.M. | H25: =VLOOKUP(Tabla3[[#This Row],[Site]],'Important Info!'!$A$1:$J$135,10,FALSE) -> https://tools.sig.systems/site/details/192 | I25: https://www.google.com/maps/d/viewer?mid=1FEo41PzFJQjUIXXKitX5TNCtuqR6Vbs&ll=41.1663376742533%2C-73.22955662049608&z=16 | J25: N/A | K25: =VLOOKUP(Tabla3[[#This Row],[Site]],'Important Info!'!$A$1:$H$135,8,FALSE) -> - | L25: =VLOOKUP(Tabla3[[#This Row],[Site]],'Important Info!'!$A$1:$F$135,2,FALSE) -> - | M25: =VLOOKUP(Tabla3[[#This Row],[Site]],'Important Info!'!$A$1:$F$135,3,FALSE) -> 1 | N25: =VLOOKUP(Tabla3[[#This Row],[Site]],'Important Info!'!$A$1:$F$135,4,FALSE) -> - | O25: =VLOOKUP(Tabla3[[#This Row],[Site]],'Important Info!'!$A$1:$F$135,5,FALSE) -> 11, 13 | P25: =VLOOKUP(Tabla3[[#This Row],[Site]],'Important Info!'!$A$1:$F$135,6,FALSE) -> 1 | Q25: =VLOOKUP(Tabla3[[#This Row],[Site]],'Important Info!'!$A$1:$J$135,9,FALSE) -> 192
A26: =+Tabla3[[#This Row],[Site]]&Tabla3[[#This Row],[Split]] -> (RV) Toms Camperland Avondale (NO TOURS)4 | B26: 4 | C26: 1 | D26: 12:00 A.M. | E26: MST | F26: (RV) Toms Camperland Avondale (NO TOURS) | G26: 8:00 A.M. | H26: =VLOOKUP(Tabla3[[#This Row],[Site]],'Important Info!'!$A$1:$J$135,10,FALSE) -> https://tools.sig.systems/site/details/248 | I26: https://www.google.com/maps/d/viewer?mid=1bDs0QGFZwL3vEeGKxjVMk_j4azr0-lg&ll=33.4593758581648%2C-112.28793780000001&z=18 | J26: 1:00 P.M. | K26: =VLOOKUP(Tabla3[[#This Row],[Site]],'Important Info!'!$A$1:$H$135,8,FALSE) -> - | L26: =VLOOKUP(Tabla3[[#This Row],[Site]],'Important Info!'!$A$1:$F$135,2,FALSE) -> 10 | M26: =VLOOKUP(Tabla3[[#This Row],[Site]],'Important Info!'!$A$1:$F$135,3,FALSE) -> 2, 7 | N26: =VLOOKUP(Tabla3[[#This Row],[Site]],'Important Info!'!$A$1:$F$135,4,FALSE) -> - | O26: =VLOOKUP(Tabla3[[#This Row],[Site]],'Important Info!'!$A$1:$F$135,5,FALSE) -> - | P26: =VLOOKUP(Tabla3[[#This Row],[Site]],'Important Info!'!$A$1:$F$135,6,FALSE) -> 2, 7, 8, 13, 15 | Q26: =VLOOKUP(Tabla3[[#This Row],[Site]],'Important Info!'!$A$1:$J$135,9,FALSE) -> 248
A27: =+Tabla3[[#This Row],[Site]]&Tabla3[[#This Row],[Split]] -> (RV) Toms Camperland Mesa (NO TOURS)4 | B27: 4 | C27: 1 | D27: 12:00 A.M. | E27: MST | F27: (RV) Toms Camperland Mesa (NO TOURS) | G27: 8:00 A.M. | H27: =VLOOKUP(Tabla3[[#This Row],[Site]],'Important Info!'!$A$1:$J$135,10,FALSE) -> https://tools.sig.systems/site/details/222 | J27: N/A | K27: =VLOOKUP(Tabla3[[#This Row],[Site]],'Important Info!'!$A$1:$H$135,8,FALSE) -> - | L27: =VLOOKUP(Tabla3[[#This Row],[Site]],'Important Info!'!$A$1:$F$135,2,FALSE) -> 1, 2 | M27: =VLOOKUP(Tabla3[[#This Row],[Site]],'Important Info!'!$A$1:$F$135,3,FALSE) -> - | N27: =VLOOKUP(Tabla3[[#This Row],[Site]],'Important Info!'!$A$1:$F$135,4,FALSE) -> - | O27: =VLOOKUP(Tabla3[[#This Row],[Site]],'Important Info!'!$A$1:$F$135,5,FALSE) -> - | P27: =VLOOKUP(Tabla3[[#This Row],[Site]],'Important Info!'!$A$1:$F$135,6,FALSE) -> 1, 4, 6, 8, 10, 18 | Q27: =VLOOKUP(Tabla3[[#This Row],[Site]],'Important Info!'!$A$1:$J$135,9,FALSE) -> 222
A28: =+Tabla3[[#This Row],[Site]]&Tabla3[[#This Row],[Split]] -> (SCH) Delray I & II4 | B28: 4 | C28: 1 | D28: 9:00 P.M. | E28: ET | F28: (SCH) Delray I & II | G28: 5:00 A.M. | H28: =VLOOKUP(Tabla3[[#This Row],[Site]],'Important Info!'!$A$1:$J$135,10,FALSE) -> https://tools.sig.systems/site/details/159 | J28: 11:00 A.M. | K28: =VLOOKUP(Tabla3[[#This Row],[Site]],'Important Info!'!$A$1:$H$135,8,FALSE) -> - | L28: =VLOOKUP(Tabla3[[#This Row],[Site]],'Important Info!'!$A$1:$F$135,2,FALSE) -> 5, 28, 31 | M28: =VLOOKUP(Tabla3[[#This Row],[Site]],'Important Info!'!$A$1:$F$135,3,FALSE) -> 1, 29 | N28: =VLOOKUP(Tabla3[[#This Row],[Site]],'Important Info!'!$A$1:$F$135,4,FALSE) -> 6 | O28: =VLOOKUP(Tabla3[[#This Row],[Site]],'Important Info!'!$A$1:$F$135,5,FALSE) -> - | P28: =VLOOKUP(Tabla3[[#This Row],[Site]],'Important Info!'!$A$1:$F$135,6,FALSE) -> 1, 35, 36 | Q28: =VLOOKUP(Tabla3[[#This Row],[Site]],'Important Info!'!$A$1:$J$135,9,FALSE) -> 159
A29: =+Tabla3[[#This Row],[Site]]&Tabla3[[#This Row],[Split]] -> (AS) Coggin Acura Ft Pierce (NO TOURS)4 | B29: 4 | C29: 2 | D29: 9:00 P.M. | E29: ET | F29: (AS) Coggin Acura Ft Pierce (NO TOURS) | G29: 5:00 A.M. | H29: =VLOOKUP(Tabla3[[#This Row],[Site]],'Important Info!'!$A$1:$J$135,10,FALSE) -> https://tools.sig.systems/site/details/118 | I29: https://www.google.com/maps/d/viewer?mid=1AyViBuyeq7iwDua1SVudJ2A1BYi3IBA&ll=27.38181516363982%2C-80.32568845000002&z=18 | J29: N/A | K29: =VLOOKUP(Tabla3[[#This Row],[Site]],'Important Info!'!$A$1:$H$135,8,FALSE) -> - | L29: =VLOOKUP(Tabla3[[#This Row],[Site]],'Important Info!'!$A$1:$F$135,2,FALSE) -> - | M29: =VLOOKUP(Tabla3[[#This Row],[Site]],'Important Info!'!$A$1:$F$135,3,FALSE) -> 6 | N29: =VLOOKUP(Tabla3[[#This Row],[Site]],'Important Info!'!$A$1:$F$135,4,FALSE) -> - | O29: =VLOOKUP(Tabla3[[#This Row],[Site]],'Important Info!'!$A$1:$F$135,5,FALSE) -> 4, 6 | P29: =VLOOKUP(Tabla3[[#This Row],[Site]],'Important Info!'!$A$1:$F$135,6,FALSE) -> 1 | Q29: =VLOOKUP(Tabla3[[#This Row],[Site]],'Important Info!'!$A$1:$J$135,9,FALSE) -> 118
A30: =+Tabla3[[#This Row],[Site]]&Tabla3[[#This Row],[Split]] -> (AS) Coggin Mercedes Benz Ft Pierce (NO TOURS)4 | B30: 4 | C30: 2 | D30: 9:00 P.M. | E30: ET | F30: (AS) Coggin Mercedes Benz Ft Pierce (NO TOURS) | G30: 5:00 A.M. | H30: =VLOOKUP(Tabla3[[#This Row],[Site]],'Important Info!'!$A$1:$J$135,10,FALSE) -> https://tools.sig.systems/site/details/127 | I30: https://www.google.com/maps/d/viewer?mid=1AyViBuyeq7iwDua1SVudJ2A1BYi3IBA&ll=27.38181516363982%2C-80.32568845000002&z=18 | J30: N/A | K30: =VLOOKUP(Tabla3[[#This Row],[Site]],'Important Info!'!$A$1:$H$135,8,FALSE) -> - | L30: =VLOOKUP(Tabla3[[#This Row],[Site]],'Important Info!'!$A$1:$F$135,2,FALSE) -> 18 | M30: =VLOOKUP(Tabla3[[#This Row],[Site]],'Important Info!'!$A$1:$F$135,3,FALSE) -> 1, 3 | N30: =VLOOKUP(Tabla3[[#This Row],[Site]],'Important Info!'!$A$1:$F$135,4,FALSE) -> - | O30: =VLOOKUP(Tabla3[[#This Row],[Site]],'Important Info!'!$A$1:$F$135,5,FALSE) -> 6, 10, 13 | P30: =VLOOKUP(Tabla3[[#This Row],[Site]],'Important Info!'!$A$1:$F$135,6,FALSE) -> 1, 4, 5 | Q30: =VLOOKUP(Tabla3[[#This Row],[Site]],'Important Info!'!$A$1:$J$135,9,FALSE) -> 127
A31: =+Tabla3[[#This Row],[Site]]&Tabla3[[#This Row],[Split]] -> (AS) Lexus Grapevine I & II (NO TOURS)4 | B31: 4 | C31: 2 | D31: 10:00 P.M. | E31: CT | F31: (AS) Lexus Grapevine I & II (NO TOURS) | G31: 6:00 A.M. | H31: =VLOOKUP(Tabla3[[#This Row],[Site]],'Important Info!'!$A$1:$J$135,10,FALSE) -> https://tools.sig.systems/site/details/136 | J31: N/A | K31: =VLOOKUP(Tabla3[[#This Row],[Site]],'Important Info!'!$A$1:$H$135,8,FALSE) -> - | L31: =VLOOKUP(Tabla3[[#This Row],[Site]],'Important Info!'!$A$1:$F$135,2,FALSE) -> 4, 10, 14, 18, 33 | M31: =VLOOKUP(Tabla3[[#This Row],[Site]],'Important Info!'!$A$1:$F$135,3,FALSE) -> - | N31: =VLOOKUP(Tabla3[[#This Row],[Site]],'Important Info!'!$A$1:$F$135,4,FALSE) -> 81, 82, 83 | O31: =VLOOKUP(Tabla3[[#This Row],[Site]],'Important Info!'!$A$1:$F$135,5,FALSE) -> 4, 12, 15, 20, 30 | P31: =VLOOKUP(Tabla3[[#This Row],[Site]],'Important Info!'!$A$1:$F$135,6,FALSE) -> 10 | Q31: =VLOOKUP(Tabla3[[#This Row],[Site]],'Important Info!'!$A$1:$J$135,9,FALSE) -> 136
A32: =+Tabla3[[#This Row],[Site]]&Tabla3[[#This Row],[Split]] -> (AS) Lexus Smyrna (NO TOURS)4 | B32: 4 | C32: 2 | D32: 9:00 P.M. | E32: ET | F32: (AS) Lexus Smyrna (NO TOURS) | G32: 5:00 A.M. | H32: =VLOOKUP(Tabla3[[#This Row],[Site]],'Important Info!'!$A$1:$J$135,10,FALSE) -> https://tools.sig.systems/site/details/133 | J32: N/A | K32: =VLOOKUP(Tabla3[[#This Row],[Site]],'Important Info!'!$A$1:$H$135,8,FALSE) -> - | L32: =VLOOKUP(Tabla3[[#This Row],[Site]],'Important Info!'!$A$1:$F$135,2,FALSE) -> 2, 6, 10 | M32: =VLOOKUP(Tabla3[[#This Row],[Site]],'Important Info!'!$A$1:$F$135,3,FALSE) -> - | N32: =VLOOKUP(Tabla3[[#This Row],[Site]],'Important Info!'!$A$1:$F$135,4,FALSE) -> - | O32: =VLOOKUP(Tabla3[[#This Row],[Site]],'Important Info!'!$A$1:$F$135,5,FALSE) -> 3, 5, 10, 15 | P32: =VLOOKUP(Tabla3[[#This Row],[Site]],'Important Info!'!$A$1:$F$135,6,FALSE) -> 10, 11 | Q32: =VLOOKUP(Tabla3[[#This Row],[Site]],'Important Info!'!$A$1:$J$135,9,FALSE) -> 133
A33: =+Tabla3[[#This Row],[Site]]&Tabla3[[#This Row],[Split]] -> (AS) Nalley Luxury Collision Center (NO TOURS)4 | B33: 4 | C33: 2 | D33: 9:00 P.M. | E33: ET | F33: (AS) Nalley Luxury Collision Center (NO TOURS) | G33: 5:00 A.M. | H33: =VLOOKUP(Tabla3[[#This Row],[Site]],'Important Info!'!$A$1:$J$135,10,FALSE) -> https://tools.sig.systems/site/details/263 | I33: https://www.google.com/maps/d/edit?mid=1jkN3DS1BhUqp_dztjjW0PDwKfo_Yxsw&usp=sharing | J33: N/A | K33: =VLOOKUP(Tabla3[[#This Row],[Site]],'Important Info!'!$A$1:$H$135,8,FALSE) -> - | L33: =VLOOKUP(Tabla3[[#This Row],[Site]],'Important Info!'!$A$1:$F$135,2,FALSE) -> 6, 13 | M33: =VLOOKUP(Tabla3[[#This Row],[Site]],'Important Info!'!$A$1:$F$135,3,FALSE) -> - | N33: =VLOOKUP(Tabla3[[#This Row],[Site]],'Important Info!'!$A$1:$F$135,4,FALSE) -> - | O33: =VLOOKUP(Tabla3[[#This Row],[Site]],'Important Info!'!$A$1:$F$135,5,FALSE) -> - | P33: =VLOOKUP(Tabla3[[#This Row],[Site]],'Important Info!'!$A$1:$F$135,6,FALSE) -> 6, 7, 12 | Q33: =VLOOKUP(Tabla3[[#This Row],[Site]],'Important Info!'!$A$1:$J$135,9,FALSE) -> 263
A34: =+Tabla3[[#This Row],[Site]]&Tabla3[[#This Row],[Split]] -> (AS) Park Place Acura (NO TOURS)4 | B34: 4 | C34: 2 | D34: 10:00 P.M. | E34: CT | F34: (AS) Park Place Acura (NO TOURS) | G34: 6:00 A.M. | H34: =VLOOKUP(Tabla3[[#This Row],[Site]],'Important Info!'!$A$1:$J$135,10,FALSE) -> https://tools.sig.systems/site/details/259 | I34: https://www.google.com/maps/d/viewer?mid=1wg5suxVuxeNp_irHlvN772HcwD6W89E&ll=33.06373951220261%2C-96.82758025000001&z=18 | J34: N/A | K34: =VLOOKUP(Tabla3[[#This Row],[Site]],'Important Info!'!$A$1:$H$135,8,FALSE) -> - | L34: =VLOOKUP(Tabla3[[#This Row],[Site]],'Important Info!'!$A$1:$F$135,2,FALSE) -> 1, 2, 14, 16 | M34: =VLOOKUP(Tabla3[[#This Row],[Site]],'Important Info!'!$A$1:$F$135,3,FALSE) -> - | N34: =VLOOKUP(Tabla3[[#This Row],[Site]],'Important Info!'!$A$1:$F$135,4,FALSE) -> - | O34: =VLOOKUP(Tabla3[[#This Row],[Site]],'Important Info!'!$A$1:$F$135,5,FALSE) -> 1, 7, 13 | P34: =VLOOKUP(Tabla3[[#This Row],[Site]],'Important Info!'!$A$1:$F$135,6,FALSE) -> - | Q34: =VLOOKUP(Tabla3[[#This Row],[Site]],'Important Info!'!$A$1:$J$135,9,FALSE) -> 259
A35: =+Tabla3[[#This Row],[Site]]&Tabla3[[#This Row],[Split]] -> (AS) Park Place Volvo Sales (NO TOURS)4 | B35: 4 | C35: 2 | D35: 10:00 P.M. | E35: CT | F35: (AS) Park Place Volvo Sales (NO TOURS) | G35: 6:00 A.M. | H35: =VLOOKUP(Tabla3[[#This Row],[Site]],'Important Info!'!$A$1:$J$135,10,FALSE) -> https://tools.sig.systems/site/details/139 | I35: https://www.google.com/maps/d/edit?hl=es&mid=1uPmsRMsXnp74hPFW2t-sp2totVWF_xY&ll=32.83050137713022%2C-96.83197783061323&z=17 | J35: N/A | K35: =VLOOKUP(Tabla3[[#This Row],[Site]],'Important Info!'!$A$1:$H$135,8,FALSE) -> - | L35: =VLOOKUP(Tabla3[[#This Row],[Site]],'Important Info!'!$A$1:$F$135,2,FALSE) -> 4, 6, 9, 11 | M35: =VLOOKUP(Tabla3[[#This Row],[Site]],'Important Info!'!$A$1:$F$135,3,FALSE) -> - | N35: =VLOOKUP(Tabla3[[#This Row],[Site]],'Important Info!'!$A$1:$F$135,4,FALSE) -> - | O35: =VLOOKUP(Tabla3[[#This Row],[Site]],'Important Info!'!$A$1:$F$135,5,FALSE) -> 2, 9 | P35: =VLOOKUP(Tabla3[[#This Row],[Site]],'Important Info!'!$A$1:$F$135,6,FALSE) -> 4, 10, 11 | Q35: =VLOOKUP(Tabla3[[#This Row],[Site]],'Important Info!'!$A$1:$J$135,9,FALSE) -> 139
A36: =+Tabla3[[#This Row],[Site]]&Tabla3[[#This Row],[Split]] -> (AS) Stevinson Lexus of Lakewood (NO TOURS)4 | B36: 4 | C36: 2 | D36: 11:00 P.M. | E36: MT | F36: (AS) Stevinson Lexus of Lakewood (NO TOURS) | G36: 7:00 A.M. | H36: =VLOOKUP(Tabla3[[#This Row],[Site]],'Important Info!'!$A$1:$J$135,10,FALSE) -> https://tools.sig.systems/site/details/260 | I36: https://www.google.com/maps/d/edit?mid=1nAyK85WaWREy0lfxnmWn3USs2gC0nP0&usp=sharing | J36: N/A | K36: =VLOOKUP(Tabla3[[#This Row],[Site]],'Important Info!'!$A$1:$H$135,8,FALSE) -> - | L36: =VLOOKUP(Tabla3[[#This Row],[Site]],'Important Info!'!$A$1:$F$135,2,FALSE) -> - | M36: =VLOOKUP(Tabla3[[#This Row],[Site]],'Important Info!'!$A$1:$F$135,3,FALSE) -> 2, 10 | N36: =VLOOKUP(Tabla3[[#This Row],[Site]],'Important Info!'!$A$1:$F$135,4,FALSE) -> 9, 17 | O36: =VLOOKUP(Tabla3[[#This Row],[Site]],'Important Info!'!$A$1:$F$135,5,FALSE) -> - | P36: =VLOOKUP(Tabla3[[#This Row],[Site]],'Important Info!'!$A$1:$F$135,6,FALSE) -> 1, 2 | Q36: =VLOOKUP(Tabla3[[#This Row],[Site]],'Important Info!'!$A$1:$J$135,9,FALSE) -> 260
A37: =+Tabla3[[#This Row],[Site]]&Tabla3[[#This Row],[Split]] -> (DT) Albuquerque4 | B37: 4 | C37: 2 | D37: 11:00 P.M. | E37: MT | F37: (DT) Albuquerque | G37: 7:00 A.M. | H37: =VLOOKUP(Tabla3[[#This Row],[Site]],'Important Info!'!$A$1:$J$135,10,FALSE) -> https://tools.sig.systems/site/details/237 | J37: N/A | K37: =VLOOKUP(Tabla3[[#This Row],[Site]],'Important Info!'!$A$1:$H$135,8,FALSE) -> - | L37: =VLOOKUP(Tabla3[[#This Row],[Site]],'Important Info!'!$A$1:$F$135,2,FALSE) -> 14, 16 | M37: =VLOOKUP(Tabla3[[#This Row],[Site]],'Important Info!'!$A$1:$F$135,3,FALSE) -> - | N37: =VLOOKUP(Tabla3[[#This Row],[Site]],'Important Info!'!$A$1:$F$135,4,FALSE) -> - | O37: =VLOOKUP(Tabla3[[#This Row],[Site]],'Important Info!'!$A$1:$F$135,5,FALSE) -> 14, 15 | P37: =VLOOKUP(Tabla3[[#This Row],[Site]],'Important Info!'!$A$1:$F$135,6,FALSE) -> 12, 14, 16 | Q37: =VLOOKUP(Tabla3[[#This Row],[Site]],'Important Info!'!$A$1:$J$135,9,FALSE) -> 237
A38: =+Tabla3[[#This Row],[Site]]&Tabla3[[#This Row],[Split]] -> (DT) Wichita4 | B38: 4 | C38: 2 | D38: 10:00 P.M. | E38: CT | F38: (DT) Wichita | G38: 6:00 A.M. | H38: =VLOOKUP(Tabla3[[#This Row],[Site]],'Important Info!'!$A$1:$J$135,10,FALSE) -> https://tools.sig.systems/site/details/257 | J38: N/A | K38: =VLOOKUP(Tabla3[[#This Row],[Site]],'Important Info!'!$A$1:$H$135,8,FALSE) -> - | L38: =VLOOKUP(Tabla3[[#This Row],[Site]],'Important Info!'!$A$1:$F$135,2,FALSE) -> - | M38: =VLOOKUP(Tabla3[[#This Row],[Site]],'Important Info!'!$A$1:$F$135,3,FALSE) -> 10, 11 | N38: =VLOOKUP(Tabla3[[#This Row],[Site]],'Important Info!'!$A$1:$F$135,4,FALSE) -> - | O38: =VLOOKUP(Tabla3[[#This Row],[Site]],'Important Info!'!$A$1:$F$135,5,FALSE) -> - | P38: =VLOOKUP(Tabla3[[#This Row],[Site]],'Important Info!'!$A$1:$F$135,6,FALSE) -> 1, 5, 6, 10 | Q38: =VLOOKUP(Tabla3[[#This Row],[Site]],'Important Info!'!$A$1:$J$135,9,FALSE) -> 257
A39: =+Tabla3[[#This Row],[Site]]&Tabla3[[#This Row],[Split]] -> (HUD) Honda Greensboro4 | B39: 4 | C39: 2 | D39: 9:00 P.M. | E39: ET | F39: (HUD) Honda Greensboro | G39: 5:00 A.M. | H39: =VLOOKUP(Tabla3[[#This Row],[Site]],'Important Info!'!$A$1:$J$135,10,FALSE) -> https://tools.sig.systems/site/details/230 | I39: AS/ HUD - Crown Greensboro - Google My Maps | J39: N/A | K39: =VLOOKUP(Tabla3[[#This Row],[Site]],'Important Info!'!$A$1:$H$135,8,FALSE) -> - | L39: =VLOOKUP(Tabla3[[#This Row],[Site]],'Important Info!'!$A$1:$F$135,2,FALSE) -> 1, 3, 15, 16, 22 | M39: =VLOOKUP(Tabla3[[#This Row],[Site]],'Important Info!'!$A$1:$F$135,3,FALSE) -> - | N39: =VLOOKUP(Tabla3[[#This Row],[Site]],'Important Info!'!$A$1:$F$135,4,FALSE) -> - | O39: =VLOOKUP(Tabla3[[#This Row],[Site]],'Important Info!'!$A$1:$F$135,5,FALSE) -> 3, 20 | P39: =VLOOKUP(Tabla3[[#This Row],[Site]],'Important Info!'!$A$1:$F$135,6,FALSE) -> 26 | Q39: =VLOOKUP(Tabla3[[#This Row],[Site]],'Important Info!'!$A$1:$J$135,9,FALSE) -> 230
A40: =+Tabla3[[#This Row],[Site]]&Tabla3[[#This Row],[Split]] -> (HUD) Paint and Body Center (NO TOURS)4 | B40: 4 | C40: 2 | D40: 9:00 P.M. | E40: ET | F40: (HUD) Paint and Body Center (NO TOURS) | G40: 5:00 A.M. | H40: =VLOOKUP(Tabla3[[#This Row],[Site]],'Important Info!'!$A$1:$J$135,10,FALSE) -> https://tools.sig.systems/site/details/256 | I40: https://www.google.com/maps/d/viewer?mid=1ejOzT7-x6RWnCf83BBP7XhiOiwEX3Wk&ll=36.061264791292906%2C-79.87437695000003&z=17 | J40: N/A | K40: =VLOOKUP(Tabla3[[#This Row],[Site]],'Important Info!'!$A$1:$H$135,8,FALSE) -> - | L40: =VLOOKUP(Tabla3[[#This Row],[Site]],'Important Info!'!$A$1:$F$135,2,FALSE) -> - | M40: =VLOOKUP(Tabla3[[#This Row],[Site]],'Important Info!'!$A$1:$F$135,3,FALSE) -> 1 | N40: =VLOOKUP(Tabla3[[#This Row],[Site]],'Important Info!'!$A$1:$F$135,4,FALSE) -> - | O40: =VLOOKUP(Tabla3[[#This Row],[Site]],'Important Info!'!$A$1:$F$135,5,FALSE) -> - | P40: =VLOOKUP(Tabla3[[#This Row],[Site]],'Important Info!'!$A$1:$F$135,6,FALSE) -> - | Q40: =VLOOKUP(Tabla3[[#This Row],[Site]],'Important Info!'!$A$1:$J$135,9,FALSE) -> 256
A41: =+Tabla3[[#This Row],[Site]]&Tabla3[[#This Row],[Split]] -> (KG) Clear Lake Pre-Owned4 | B41: 4 | C41: 2 | D41: 10:00 P.M. | E41: CT | F41: (KG) Clear Lake Pre-Owned | G41: 6:00 A.M. | H41: =VLOOKUP(Tabla3[[#This Row],[Site]],'Important Info!'!$A$1:$J$135,10,FALSE) -> https://tools.sig.systems/site/details/255 | I41: https://www.google.com/maps/d/edit?mid=1DRwy5fy1g5UzGTA7a1OkQA-_CY8SQ2s&usp=sharing | J41: N/A | K41: =VLOOKUP(Tabla3[[#This Row],[Site]],'Important Info!'!$A$1:$H$135,8,FALSE) -> - | L41: =VLOOKUP(Tabla3[[#This Row],[Site]],'Important Info!'!$A$1:$F$135,2,FALSE) -> 3, 5 | M41: =VLOOKUP(Tabla3[[#This Row],[Site]],'Important Info!'!$A$1:$F$135,3,FALSE) -> - | N41: =VLOOKUP(Tabla3[[#This Row],[Site]],'Important Info!'!$A$1:$F$135,4,FALSE) -> - | O41: =VLOOKUP(Tabla3[[#This Row],[Site]],'Important Info!'!$A$1:$F$135,5,FALSE) -> 4, 10, 22 | P41: =VLOOKUP(Tabla3[[#This Row],[Site]],'Important Info!'!$A$1:$F$135,6,FALSE) -> 8, 15, 20 | Q41: =VLOOKUP(Tabla3[[#This Row],[Site]],'Important Info!'!$A$1:$J$135,9,FALSE) -> 255
A42: =+Tabla3[[#This Row],[Site]]&Tabla3[[#This Row],[Split]] -> (KG) Kia of Phoenix (NO TOURS)4 | B42: 4 | C42: 2 | D42: 12:00 A.M. | E42: MST | F42: (KG) Kia of Phoenix (NO TOURS) | G42: 8:00 A.M. | H42: =VLOOKUP(Tabla3[[#This Row],[Site]],'Important Info!'!$A$1:$J$135,10,FALSE) -> https://tools.sig.systems/site/details/262 | J42: 12:00 P.M. | K42: =VLOOKUP(Tabla3[[#This Row],[Site]],'Important Info!'!$A$1:$H$135,8,FALSE) -> - | L42: =VLOOKUP(Tabla3[[#This Row],[Site]],'Important Info!'!$A$1:$F$135,2,FALSE) -> 5, 8, 23 | M42: =VLOOKUP(Tabla3[[#This Row],[Site]],'Important Info!'!$A$1:$F$135,3,FALSE) -> - | N42: =VLOOKUP(Tabla3[[#This Row],[Site]],'Important Info!'!$A$1:$F$135,4,FALSE) -> - | O42: =VLOOKUP(Tabla3[[#This Row],[Site]],'Important Info!'!$A$1:$F$135,5,FALSE) -> 4 | P42: =VLOOKUP(Tabla3[[#This Row],[Site]],'Important Info!'!$A$1:$F$135,6,FALSE) -> - | Q42: =VLOOKUP(Tabla3[[#This Row],[Site]],'Important Info!'!$A$1:$J$135,9,FALSE) -> 262
A43: =+Tabla3[[#This Row],[Site]]&Tabla3[[#This Row],[Split]] -> (KG) Texan GMC Buick (NO TOURS)4 | B43: 4 | C43: 2 | D43: 10:00 P.M. | E43: CT | F43: (KG) Texan GMC Buick (NO TOURS) | G43: 6:00 A.M. | H43: =VLOOKUP(Tabla3[[#This Row],[Site]],'Important Info!'!$A$1:$J$135,10,FALSE) -> https://tools.sig.systems/site/details/225 | I43: https://www.google.com/maps/d/edit?mid=1FNqK4dW8Z8gtSWuQLbStrtqe7lH8DIQ&usp=sharing | J43: N/A | K43: =VLOOKUP(Tabla3[[#This Row],[Site]],'Important Info!'!$A$1:$H$135,8,FALSE) -> - | L43: =VLOOKUP(Tabla3[[#This Row],[Site]],'Important Info!'!$A$1:$F$135,2,FALSE) -> 1, 20, 53 | M43: =VLOOKUP(Tabla3[[#This Row],[Site]],'Important Info!'!$A$1:$F$135,3,FALSE) -> - | N43: =VLOOKUP(Tabla3[[#This Row],[Site]],'Important Info!'!$A$1:$F$135,4,FALSE) -> - | O43: =VLOOKUP(Tabla3[[#This Row],[Site]],'Important Info!'!$A$1:$F$135,5,FALSE) -> 2, 8, 14 | P43: =VLOOKUP(Tabla3[[#This Row],[Site]],'Important Info!'!$A$1:$F$135,6,FALSE) -> 51, 52, 16 | Q43: =VLOOKUP(Tabla3[[#This Row],[Site]],'Important Info!'!$A$1:$J$135,9,FALSE) -> 225
A44: =+Tabla3[[#This Row],[Site]]&Tabla3[[#This Row],[Split]] -> (ML) Ford Lincoln of North Little Rock4 | B44: 4 | C44: 2 | D44: 10:00 P.M. | E44: CT | F44: (ML) Ford Lincoln of North Little Rock | G44: 6:00 A.M. | H44: =VLOOKUP(Tabla3[[#This Row],[Site]],'Important Info!'!$A$1:$J$135,10,FALSE) -> https://tools.sig.systems/site/details/214 | I44: https://www.google.com/maps/d/edit?mid=1Oky35ERk_2kgyzCvDu_odQ2ZP62BtqA&usp=sharing | J44: N/A | K44: =VLOOKUP(Tabla3[[#This Row],[Site]],'Important Info!'!$A$1:$H$135,8,FALSE) -> - | L44: =VLOOKUP(Tabla3[[#This Row],[Site]],'Important Info!'!$A$1:$F$135,2,FALSE) -> 4, 15, 18, 67, 74 | M44: =VLOOKUP(Tabla3[[#This Row],[Site]],'Important Info!'!$A$1:$F$135,3,FALSE) -> 13 | N44: =VLOOKUP(Tabla3[[#This Row],[Site]],'Important Info!'!$A$1:$F$135,4,FALSE) -> - | O44: =VLOOKUP(Tabla3[[#This Row],[Site]],'Important Info!'!$A$1:$F$135,5,FALSE) -> 4, 11, 16, 28 | P44: =VLOOKUP(Tabla3[[#This Row],[Site]],'Important Info!'!$A$1:$F$135,6,FALSE) -> 10, 11, 12 | Q44: =VLOOKUP(Tabla3[[#This Row],[Site]],'Important Info!'!$A$1:$J$135,9,FALSE) -> 214
A45: =+Tabla3[[#This Row],[Site]]&Tabla3[[#This Row],[Split]] -> (ML) Joe Machens CDJR4 | B45: 4 | C45: 2 | D45: 10:00 P.M. | E45: CT | F45: (ML) Joe Machens CDJR | G45: 6:00 A.M. | H45: =VLOOKUP(Tabla3[[#This Row],[Site]],'Important Info!'!$A$1:$J$135,10,FALSE) -> https://tools.sig.systems/site/details/273 | I45: https://www.google.com/maps/d/viewer?hl=es&mid=1C1oZdjH3dNvCvqdpIv_Lk0Yn1OCVn-4&ll=38.965368114274455%2C-92.3405954&z=15 | J45: N/A | K45: =VLOOKUP(Tabla3[[#This Row],[Site]],'Important Info!'!$A$1:$H$135,8,FALSE) -> - | L45: =VLOOKUP(Tabla3[[#This Row],[Site]],'Important Info!'!$A$1:$F$135,2,FALSE) -> - | M45: =VLOOKUP(Tabla3[[#This Row],[Site]],'Important Info!'!$A$1:$F$135,3,FALSE) -> 3 | N45: =VLOOKUP(Tabla3[[#This Row],[Site]],'Important Info!'!$A$1:$F$135,4,FALSE) -> - | O45: =VLOOKUP(Tabla3[[#This Row],[Site]],'Important Info!'!$A$1:$F$135,5,FALSE) -> - | P45: =VLOOKUP(Tabla3[[#This Row],[Site]],'Important Info!'!$A$1:$F$135,6,FALSE) -> 1, 2, 3, | Q45: =VLOOKUP(Tabla3[[#This Row],[Site]],'Important Info!'!$A$1:$J$135,9,FALSE) -> 273
A46: =+Tabla3[[#This Row],[Site]]&Tabla3[[#This Row],[Split]] -> (ML) Joe Machens Temporary 2.04 | B46: 4 | C46: 2 | D46: 10:00 P.M. | E46: CT | F46: (ML) Joe Machens Temporary 2.0 | G46: 6:00 A.M. | H46: =VLOOKUP(Tabla3[[#This Row],[Site]],'Important Info!'!$A$1:$J$135,10,FALSE) -> https://tools.sig.systems/site/details/278 | I46: https://www.google.com/maps/d/viewer?hl=es&mid=1C1oZdjH3dNvCvqdpIv_Lk0Yn1OCVn-4&ll=38.965368114274455%2C-92.3405954&z=15 | J46: N/A | K46: =VLOOKUP(Tabla3[[#This Row],[Site]],'Important Info!'!$A$1:$H$135,8,FALSE) -> - | L46: =VLOOKUP(Tabla3[[#This Row],[Site]],'Important Info!'!$A$1:$F$135,2,FALSE) -> - | M46: =VLOOKUP(Tabla3[[#This Row],[Site]],'Important Info!'!$A$1:$F$135,3,FALSE) -> 1, 11, 14, 15, 16 | N46: =VLOOKUP(Tabla3[[#This Row],[Site]],'Important Info!'!$A$1:$F$135,4,FALSE) -> - | O46: =VLOOKUP(Tabla3[[#This Row],[Site]],'Important Info!'!$A$1:$F$135,5,FALSE) -> 13 | P46: =VLOOKUP(Tabla3[[#This Row],[Site]],'Important Info!'!$A$1:$F$135,6,FALSE) -> - | Q46: =VLOOKUP(Tabla3[[#This Row],[Site]],'Important Info!'!$A$1:$J$135,9,FALSE) -> 278
A47: =+Tabla3[[#This Row],[Site]]&Tabla3[[#This Row],[Split]] -> (ML) Mazda VW-Lot B4 | B47: 4 | C47: 2 | D47: 10:00 P.M. | E47: CT | F47: (ML) Mazda VW-Lot B | G47: 6:00 A.M. | H47: =VLOOKUP(Tabla3[[#This Row],[Site]],'Important Info!'!$A$1:$J$135,10,FALSE) -> https://tools.sig.systems/site/details/205 | I47: https://www.google.com/maps/d/edit?mid=1Oky35ERk_2kgyzCvDu_odQ2ZP62BtqA&usp=sharing | J47: N/A | K47: =VLOOKUP(Tabla3[[#This Row],[Site]],'Important Info!'!$A$1:$H$135,8,FALSE) -> - | L47: =VLOOKUP(Tabla3[[#This Row],[Site]],'Important Info!'!$A$1:$F$135,2,FALSE) -> 9, 14, 16 | M47: =VLOOKUP(Tabla3[[#This Row],[Site]],'Important Info!'!$A$1:$F$135,3,FALSE) -> 1 | N47: =VLOOKUP(Tabla3[[#This Row],[Site]],'Important Info!'!$A$1:$F$135,4,FALSE) -> - | O47: =VLOOKUP(Tabla3[[#This Row],[Site]],'Important Info!'!$A$1:$F$135,5,FALSE) -> 4 | P47: =VLOOKUP(Tabla3[[#This Row],[Site]],'Important Info!'!$A$1:$F$135,6,FALSE) -> - | Q47: =VLOOKUP(Tabla3[[#This Row],[Site]],'Important Info!'!$A$1:$J$135,9,FALSE) -> 205
A48: =+Tabla3[[#This Row],[Site]]&Tabla3[[#This Row],[Split]] -> (ML) Nissan of Little Rock4 | B48: 4 | C48: 2 | D48: 10:00 P.M. | E48: CT | F48: (ML) Nissan of Little Rock | G48: 6:00 A.M. | H48: =VLOOKUP(Tabla3[[#This Row],[Site]],'Important Info!'!$A$1:$J$135,10,FALSE) -> https://tools.sig.systems/site/details/224 | I48: https://www.google.com/maps/d/viewer?mid=1hvbKFMO-d5TXrKGU-g5dt_xcdArB1D0&ll=34.71147784120261%2C-92.40574350000001&z=17 | J48: N/A | K48: =VLOOKUP(Tabla3[[#This Row],[Site]],'Important Info!'!$A$1:$H$135,8,FALSE) -> - | L48: =VLOOKUP(Tabla3[[#This Row],[Site]],'Important Info!'!$A$1:$F$135,2,FALSE) -> 3, 6 | M48: =VLOOKUP(Tabla3[[#This Row],[Site]],'Important Info!'!$A$1:$F$135,3,FALSE) -> - | N48: =VLOOKUP(Tabla3[[#This Row],[Site]],'Important Info!'!$A$1:$F$135,4,FALSE) -> - | O48: =VLOOKUP(Tabla3[[#This Row],[Site]],'Important Info!'!$A$1:$F$135,5,FALSE) -> 1, 8, 16, 22 | P48: =VLOOKUP(Tabla3[[#This Row],[Site]],'Important Info!'!$A$1:$F$135,6,FALSE) -> 3, 4 | Q48: =VLOOKUP(Tabla3[[#This Row],[Site]],'Important Info!'!$A$1:$J$135,9,FALSE) -> 224
A49: =+Tabla3[[#This Row],[Site]]&Tabla3[[#This Row],[Split]] -> (ML) Volvo Collision Corp4 | B49: 4 | C49: 2 | D49: 10:00 P.M. | E49: CT | F49: (ML) Volvo Collision Corp | G49: 6:00 A.M. | H49: =VLOOKUP(Tabla3[[#This Row],[Site]],'Important Info!'!$A$1:$J$135,10,FALSE) -> https://tools.sig.systems/site/details/223 | J49: N/A | K49: =VLOOKUP(Tabla3[[#This Row],[Site]],'Important Info!'!$A$1:$H$135,8,FALSE) -> - | L49: =VLOOKUP(Tabla3[[#This Row],[Site]],'Important Info!'!$A$1:$F$135,2,FALSE) -> 7, 11 | M49: =VLOOKUP(Tabla3[[#This Row],[Site]],'Important Info!'!$A$1:$F$135,3,FALSE) -> 4 | N49: =VLOOKUP(Tabla3[[#This Row],[Site]],'Important Info!'!$A$1:$F$135,4,FALSE) -> - | O49: =VLOOKUP(Tabla3[[#This Row],[Site]],'Important Info!'!$A$1:$F$135,5,FALSE) -> 18 | P49: =VLOOKUP(Tabla3[[#This Row],[Site]],'Important Info!'!$A$1:$F$135,6,FALSE) -> - | Q49: =VLOOKUP(Tabla3[[#This Row],[Site]],'Important Info!'!$A$1:$J$135,9,FALSE) -> 223
A50: =+Tabla3[[#This Row],[Site]]&Tabla3[[#This Row],[Split]] -> (PE) BMW Tenafly (NO TOURS)4 | B50: 4 | C50: 2 | D50: 8:00 P.M. | E50: ET | F50: (PE) BMW Tenafly (NO TOURS) | G50: 5:00 A.M. | H50: =VLOOKUP(Tabla3[[#This Row],[Site]],'Important Info!'!$A$1:$J$135,10,FALSE) -> https://tools.sig.systems/site/details/155 | J50: N/A | K50: =VLOOKUP(Tabla3[[#This Row],[Site]],'Important Info!'!$A$1:$H$135,8,FALSE) -> - | L50: =VLOOKUP(Tabla3[[#This Row],[Site]],'Important Info!'!$A$1:$F$135,2,FALSE) -> 24 | M50: =VLOOKUP(Tabla3[[#This Row],[Site]],'Important Info!'!$A$1:$F$135,3,FALSE) -> 1, 3, 4, 17, 23 | N50: =VLOOKUP(Tabla3[[#This Row],[Site]],'Important Info!'!$A$1:$F$135,4,FALSE) -> - | O50: =VLOOKUP(Tabla3[[#This Row],[Site]],'Important Info!'!$A$1:$F$135,5,FALSE) -> - | P50: =VLOOKUP(Tabla3[[#This Row],[Site]],'Important Info!'!$A$1:$F$135,6,FALSE) -> 1 | Q50: =VLOOKUP(Tabla3[[#This Row],[Site]],'Important Info!'!$A$1:$J$135,9,FALSE) -> 155
A51: =+Tabla3[[#This Row],[Site]]&Tabla3[[#This Row],[Split]] -> (PE) Honda of Danbury (NO TOURS)4 | B51: 4 | C51: 2 | D51: 8:00 P.M. | E51: ET | F51: (PE) Honda of Danbury (NO TOURS) | G51: 5:00 A.M. | H51: =VLOOKUP(Tabla3[[#This Row],[Site]],'Important Info!'!$A$1:$J$135,10,FALSE) -> https://tools.sig.systems/site/details/190 | J51: N/A | K51: =VLOOKUP(Tabla3[[#This Row],[Site]],'Important Info!'!$A$1:$H$135,8,FALSE) -> - | L51: =VLOOKUP(Tabla3[[#This Row],[Site]],'Important Info!'!$A$1:$F$135,2,FALSE) -> - | M51: =VLOOKUP(Tabla3[[#This Row],[Site]],'Important Info!'!$A$1:$F$135,3,FALSE) -> 20, 9 | N51: =VLOOKUP(Tabla3[[#This Row],[Site]],'Important Info!'!$A$1:$F$135,4,FALSE) -> 9 | O51: =VLOOKUP(Tabla3[[#This Row],[Site]],'Important Info!'!$A$1:$F$135,5,FALSE) -> - | P51: =VLOOKUP(Tabla3[[#This Row],[Site]],'Important Info!'!$A$1:$F$135,6,FALSE) -> 9, 16, 17 | Q51: =VLOOKUP(Tabla3[[#This Row],[Site]],'Important Info!'!$A$1:$J$135,9,FALSE) -> 190
A52: =+Tabla3[[#This Row],[Site]]&Tabla3[[#This Row],[Split]] -> (PE) JLR PDI (NO TOURS)4 | B52: 4 | C52: 2 | D52: 8:00 P.M. | E52: ET | F52: (PE) JLR PDI (NO TOURS) | G52: 5:00 A.M. | H52: =VLOOKUP(Tabla3[[#This Row],[Site]],'Important Info!'!$A$1:$J$135,10,FALSE) -> https://tools.sig.systems/site/details/179 | I52: https://www.google.com/maps/d/viewer?mid=1ubI2iKs1JyYXssuT4oLPnVvFnyLPi_s&ll=40.878808846788026%2C-73.98560655&z=17 | J52: N/A | K52: =VLOOKUP(Tabla3[[#This Row],[Site]],'Important Info!'!$A$1:$H$135,8,FALSE) -> - | L52: =VLOOKUP(Tabla3[[#This Row],[Site]],'Important Info!'!$A$1:$F$135,2,FALSE) -> 3, 8 | M52: =VLOOKUP(Tabla3[[#This Row],[Site]],'Important Info!'!$A$1:$F$135,3,FALSE) -> - | N52: =VLOOKUP(Tabla3[[#This Row],[Site]],'Important Info!'!$A$1:$F$135,4,FALSE) -> - | O52: =VLOOKUP(Tabla3[[#This Row],[Site]],'Important Info!'!$A$1:$F$135,5,FALSE) -> - | P52: =VLOOKUP(Tabla3[[#This Row],[Site]],'Important Info!'!$A$1:$F$135,6,FALSE) -> - | Q52: =VLOOKUP(Tabla3[[#This Row],[Site]],'Important Info!'!$A$1:$J$135,9,FALSE) -> 179
A53: =+Tabla3[[#This Row],[Site]]&Tabla3[[#This Row],[Split]] -> (RV) Toms Camperland Surprise (NO TOURS)4 | B53: 4 | C53: 2 | D53: 12:00 A.M. | E53: MST | F53: (RV) Toms Camperland Surprise (NO TOURS) | G53: 8:00 A.M. | H53: =VLOOKUP(Tabla3[[#This Row],[Site]],'Important Info!'!$A$1:$J$135,10,FALSE) -> https://tools.sig.systems/site/details/254 | J53: 8:00 A.M. | K53: =VLOOKUP(Tabla3[[#This Row],[Site]],'Important Info!'!$A$1:$H$135,8,FALSE) -> - | L53: =VLOOKUP(Tabla3[[#This Row],[Site]],'Important Info!'!$A$1:$F$135,2,FALSE) -> 1, 3, 4 | M53: =VLOOKUP(Tabla3[[#This Row],[Site]],'Important Info!'!$A$1:$F$135,3,FALSE) -> - | N53: =VLOOKUP(Tabla3[[#This Row],[Site]],'Important Info!'!$A$1:$F$135,4,FALSE) -> - | O53: =VLOOKUP(Tabla3[[#This Row],[Site]],'Important Info!'!$A$1:$F$135,5,FALSE) -> - | P53: =VLOOKUP(Tabla3[[#This Row],[Site]],'Important Info!'!$A$1:$F$135,6,FALSE) -> 1, 2, 3, 4, 15 | Q53: =VLOOKUP(Tabla3[[#This Row],[Site]],'Important Info!'!$A$1:$J$135,9,FALSE) -> 254
A54: =+Tabla3[[#This Row],[Site]]&Tabla3[[#This Row],[Split]] -> (SCH) Chevrolet North Palm4 | B54: 4 | C54: 2 | D54: 9:00 P.M. | E54: ET | F54: (SCH) Chevrolet North Palm | G54: 5:00 A.M. | H54: =VLOOKUP(Tabla3[[#This Row],[Site]],'Important Info!'!$A$1:$J$135,10,FALSE) -> https://tools.sig.systems/site/details/160 | J54: 11:00 A.M. | K54: =VLOOKUP(Tabla3[[#This Row],[Site]],'Important Info!'!$A$1:$H$135,8,FALSE) -> - | L54: =VLOOKUP(Tabla3[[#This Row],[Site]],'Important Info!'!$A$1:$F$135,2,FALSE) -> 7, 10B, 11, 15 | M54: =VLOOKUP(Tabla3[[#This Row],[Site]],'Important Info!'!$A$1:$F$135,3,FALSE) -> - | N54: =VLOOKUP(Tabla3[[#This Row],[Site]],'Important Info!'!$A$1:$F$135,4,FALSE) -> - | O54: =VLOOKUP(Tabla3[[#This Row],[Site]],'Important Info!'!$A$1:$F$135,5,FALSE) -> - | P54: =VLOOKUP(Tabla3[[#This Row],[Site]],'Important Info!'!$A$1:$F$135,6,FALSE) -> 1, 15, 16, 17, 18, 19, 20 | Q54: =VLOOKUP(Tabla3[[#This Row],[Site]],'Important Info!'!$A$1:$J$135,9,FALSE) -> 160
A55: =+Tabla3[[#This Row],[Site]]&Tabla3[[#This Row],[Split]] -> (SCH) Prep Center Delray4 | B55: 4 | C55: 2 | D55: 9:00 P.M. | E55: ET | F55: (SCH) Prep Center Delray | G55: 5:00 A.M. | H55: =VLOOKUP(Tabla3[[#This Row],[Site]],'Important Info!'!$A$1:$J$135,10,FALSE) -> https://tools.sig.systems/site/details/321 | J55: N/A | K55: =VLOOKUP(Tabla3[[#This Row],[Site]],'Important Info!'!$A$1:$H$135,8,FALSE) -> - | L55: =VLOOKUP(Tabla3[[#This Row],[Site]],'Important Info!'!$A$1:$F$135,2,FALSE) -> 2,3 | M55: =VLOOKUP(Tabla3[[#This Row],[Site]],'Important Info!'!$A$1:$F$135,3,FALSE) -> - | N55: =VLOOKUP(Tabla3[[#This Row],[Site]],'Important Info!'!$A$1:$F$135,4,FALSE) -> - | O55: =VLOOKUP(Tabla3[[#This Row],[Site]],'Important Info!'!$A$1:$F$135,5,FALSE) -> - | P55: =VLOOKUP(Tabla3[[#This Row],[Site]],'Important Info!'!$A$1:$F$135,6,FALSE) -> 2,4,10 | Q55: =VLOOKUP(Tabla3[[#This Row],[Site]],'Important Info!'!$A$1:$J$135,9,FALSE) -> 321
A56: =+Tabla3[[#This Row],[Site]]&Tabla3[[#This Row],[Split]] -> (SCH) West Palm Beach I, II & III4 | B56: 4 | C56: 2 | D56: 4:30 P.M. | E56: ET | F56: (SCH) West Palm Beach I, II & III | G56: 5:00 A.M. | H56: =VLOOKUP(Tabla3[[#This Row],[Site]],'Important Info!'!$A$1:$J$135,10,FALSE) -> https://tools.sig.systems/site/details/162 | J56: 11:00 A.M. | K56: =VLOOKUP(Tabla3[[#This Row],[Site]],'Important Info!'!$A$1:$H$135,8,FALSE) -> SUNDAY: Log in at 5:30 p.m. ET. | L56: =VLOOKUP(Tabla3[[#This Row],[Site]],'Important Info!'!$A$1:$F$135,2,FALSE) -> 34, 62 | M56: =VLOOKUP(Tabla3[[#This Row],[Site]],'Important Info!'!$A$1:$F$135,3,FALSE) -> 6, 7, 11, 13, | N56: =VLOOKUP(Tabla3[[#This Row],[Site]],'Important Info!'!$A$1:$F$135,4,FALSE) -> 20, 21 | O56: =VLOOKUP(Tabla3[[#This Row],[Site]],'Important Info!'!$A$1:$F$135,5,FALSE) -> - | P56: =VLOOKUP(Tabla3[[#This Row],[Site]],'Important Info!'!$A$1:$F$135,6,FALSE) -> 1, 2, 3, 131, 132 | Q56: =VLOOKUP(Tabla3[[#This Row],[Site]],'Important Info!'!$A$1:$J$135,9,FALSE) -> 162
A57: =+Tabla3[[#This Row],[Site]]&Tabla3[[#This Row],[Split]] -> (AS) Bill Estes Ford (NO TOURS)4 | B57: 4 | C57: 3 | D57: 9:00 P.M. | E57: ET | F57: (AS) Bill Estes Ford (NO TOURS) | G57: 5:00 A.M. | H57: =VLOOKUP(Tabla3[[#This Row],[Site]],'Important Info!'!$A$1:$J$135,10,FALSE) -> https://tools.sig.systems/site/details/125 | J57: N/A | K57: =VLOOKUP(Tabla3[[#This Row],[Site]],'Important Info!'!$A$1:$H$135,8,FALSE) -> - | L57: =VLOOKUP(Tabla3[[#This Row],[Site]],'Important Info!'!$A$1:$F$135,2,FALSE) -> - | M57: =VLOOKUP(Tabla3[[#This Row],[Site]],'Important Info!'!$A$1:$F$135,3,FALSE) -> 2, 3, 13, 16 | N57: =VLOOKUP(Tabla3[[#This Row],[Site]],'Important Info!'!$A$1:$F$135,4,FALSE) -> - | O57: =VLOOKUP(Tabla3[[#This Row],[Site]],'Important Info!'!$A$1:$F$135,5,FALSE) -> 1, 10, 14, 19 | P57: =VLOOKUP(Tabla3[[#This Row],[Site]],'Important Info!'!$A$1:$F$135,6,FALSE) -> 7, 8, 9, 10, 11, 12, 14 | Q57: =VLOOKUP(Tabla3[[#This Row],[Site]],'Important Info!'!$A$1:$J$135,9,FALSE) -> 125
A58: =+Tabla3[[#This Row],[Site]]&Tabla3[[#This Row],[Split]] -> (AS) Courtesy CDJR of Brandon (NO TOURS)4 | B58: 4 | C58: 3 | D58: 9:00 P.M. | E58: ET | F58: (AS) Courtesy CDJR of Brandon (NO TOURS) | G58: 5:00 A.M. | H58: =VLOOKUP(Tabla3[[#This Row],[Site]],'Important Info!'!$A$1:$J$135,10,FALSE) -> https://tools.sig.systems/site/details/126 | I58: https://www.google.com/maps/d/edit?mid=15R4hTDQx56ij99--JgozdqOIZh-kSlk&usp=sharing | J58: 10:00 A.M. | K58: =VLOOKUP(Tabla3[[#This Row],[Site]],'Important Info!'!$A$1:$H$135,8,FALSE) -> - | L58: =VLOOKUP(Tabla3[[#This Row],[Site]],'Important Info!'!$A$1:$F$135,2,FALSE) -> 1, 14, 15 | M58: =VLOOKUP(Tabla3[[#This Row],[Site]],'Important Info!'!$A$1:$F$135,3,FALSE) -> 1 | N58: =VLOOKUP(Tabla3[[#This Row],[Site]],'Important Info!'!$A$1:$F$135,4,FALSE) -> - | O58: =VLOOKUP(Tabla3[[#This Row],[Site]],'Important Info!'!$A$1:$F$135,5,FALSE) -> 2, 12 | P58: =VLOOKUP(Tabla3[[#This Row],[Site]],'Important Info!'!$A$1:$F$135,6,FALSE) -> 1, 2, 3, 4, 14, 15, 21, 25 | Q58: =VLOOKUP(Tabla3[[#This Row],[Site]],'Important Info!'!$A$1:$J$135,9,FALSE) -> 126
A59: =+Tabla3[[#This Row],[Site]]&Tabla3[[#This Row],[Split]] -> (AS) Courtesy Kia of Brandon (NO TOURS)4 | B59: 4 | C59: 3 | D59: 9:00 P.M. | E59: ET | F59: (AS) Courtesy Kia of Brandon (NO TOURS) | G59: 5:00 A.M. | H59: =VLOOKUP(Tabla3[[#This Row],[Site]],'Important Info!'!$A$1:$J$135,10,FALSE) -> https://tools.sig.systems/site/details/121 | I59: https://www.google.com/maps/d/edit?mid=15R4hTDQx56ij99--JgozdqOIZh-kSlk&usp=sharing | J59: 10:00 A.M. | K59: =VLOOKUP(Tabla3[[#This Row],[Site]],'Important Info!'!$A$1:$H$135,8,FALSE) -> - | L59: =VLOOKUP(Tabla3[[#This Row],[Site]],'Important Info!'!$A$1:$F$135,2,FALSE) -> - | M59: =VLOOKUP(Tabla3[[#This Row],[Site]],'Important Info!'!$A$1:$F$135,3,FALSE) -> 4, 8 | N59: =VLOOKUP(Tabla3[[#This Row],[Site]],'Important Info!'!$A$1:$F$135,4,FALSE) -> - | O59: =VLOOKUP(Tabla3[[#This Row],[Site]],'Important Info!'!$A$1:$F$135,5,FALSE) -> 3, 11, 20, 24 | P59: =VLOOKUP(Tabla3[[#This Row],[Site]],'Important Info!'!$A$1:$F$135,6,FALSE) -> 2, 8 | Q59: =VLOOKUP(Tabla3[[#This Row],[Site]],'Important Info!'!$A$1:$J$135,9,FALSE) -> 121
A60: =+Tabla3[[#This Row],[Site]]&Tabla3[[#This Row],[Split]] -> (AS) David McDavid Lincoln Frisco (NO TOURS)4 | B60: 4 | C60: 3 | D60: 10:00 P.M. | E60: CT | F60: (AS) David McDavid Lincoln Frisco (NO TOURS) | G60: 6:00 A.M. | H60: =VLOOKUP(Tabla3[[#This Row],[Site]],'Important Info!'!$A$1:$J$135,10,FALSE) -> https://tools.sig.systems/site/details/182 | J60: N/A | K60: =VLOOKUP(Tabla3[[#This Row],[Site]],'Important Info!'!$A$1:$H$135,8,FALSE) -> - | L60: =VLOOKUP(Tabla3[[#This Row],[Site]],'Important Info!'!$A$1:$F$135,2,FALSE) -> 1, 2, 11 | M60: =VLOOKUP(Tabla3[[#This Row],[Site]],'Important Info!'!$A$1:$F$135,3,FALSE) -> - | N60: =VLOOKUP(Tabla3[[#This Row],[Site]],'Important Info!'!$A$1:$F$135,4,FALSE) -> - | O60: =VLOOKUP(Tabla3[[#This Row],[Site]],'Important Info!'!$A$1:$F$135,5,FALSE) -> 11, 16, 20 | P60: =VLOOKUP(Tabla3[[#This Row],[Site]],'Important Info!'!$A$1:$F$135,6,FALSE) -> 11, 12, 13, 14 | Q60: =VLOOKUP(Tabla3[[#This Row],[Site]],'Important Info!'!$A$1:$J$135,9,FALSE) -> 182
A61: =+Tabla3[[#This Row],[Site]]&Tabla3[[#This Row],[Split]] -> (AS) Park Place Bodywerks Dallas (NO TOURS)4 | B61: 4 | C61: 3 | D61: 10:00 P.M. | E61: CT | F61: (AS) Park Place Bodywerks Dallas (NO TOURS) | G61: 6:00 A.M. | H61: =VLOOKUP(Tabla3[[#This Row],[Site]],'Important Info!'!$A$1:$J$135,10,FALSE) -> https://tools.sig.systems/site/details/166 | I61: https://www.google.com/maps/d/edit?hl=es&mid=1uPmsRMsXnp74hPFW2t-sp2totVWF_xY&ll=32.83050137713022%2C-96.83197783061323&z=17 | J61: N/A | K61: =VLOOKUP(Tabla3[[#This Row],[Site]],'Important Info!'!$A$1:$H$135,8,FALSE) -> - | L61: =VLOOKUP(Tabla3[[#This Row],[Site]],'Important Info!'!$A$1:$F$135,2,FALSE) -> 3 | M61: =VLOOKUP(Tabla3[[#This Row],[Site]],'Important Info!'!$A$1:$F$135,3,FALSE) -> 1 | N61: =VLOOKUP(Tabla3[[#This Row],[Site]],'Important Info!'!$A$1:$F$135,4,FALSE) -> - | O61: =VLOOKUP(Tabla3[[#This Row],[Site]],'Important Info!'!$A$1:$F$135,5,FALSE) -> - | P61: =VLOOKUP(Tabla3[[#This Row],[Site]],'Important Info!'!$A$1:$F$135,6,FALSE) -> 1, 2, 8 | Q61: =VLOOKUP(Tabla3[[#This Row],[Site]],'Important Info!'!$A$1:$J$135,9,FALSE) -> 166
A62: =+Tabla3[[#This Row],[Site]]&Tabla3[[#This Row],[Split]] -> (AS) Park Place MB Recon Center Dallas (NO TOURS)4 | B62: 4 | C62: 3 | D62: 10:00 P.M. | E62: CT | F62: (AS) Park Place MB Recon Center Dallas (NO TOURS) | G62: 6:00 A.M. | H62: =VLOOKUP(Tabla3[[#This Row],[Site]],'Important Info!'!$A$1:$J$135,10,FALSE) -> https://tools.sig.systems/site/details/170 | I62: https://www.google.com/maps/d/edit?hl=es&mid=1uPmsRMsXnp74hPFW2t-sp2totVWF_xY&ll=32.83050137713022%2C-96.83197783061323&z=17 | J62: N/A | K62: =VLOOKUP(Tabla3[[#This Row],[Site]],'Important Info!'!$A$1:$H$135,8,FALSE) -> - | L62: =VLOOKUP(Tabla3[[#This Row],[Site]],'Important Info!'!$A$1:$F$135,2,FALSE) -> 3, 39 | M62: =VLOOKUP(Tabla3[[#This Row],[Site]],'Important Info!'!$A$1:$F$135,3,FALSE) -> - | N62: =VLOOKUP(Tabla3[[#This Row],[Site]],'Important Info!'!$A$1:$F$135,4,FALSE) -> - | O62: =VLOOKUP(Tabla3[[#This Row],[Site]],'Important Info!'!$A$1:$F$135,5,FALSE) -> 4, 11 | P62: =VLOOKUP(Tabla3[[#This Row],[Site]],'Important Info!'!$A$1:$F$135,6,FALSE) -> 1 | Q62: =VLOOKUP(Tabla3[[#This Row],[Site]],'Important Info!'!$A$1:$J$135,9,FALSE) -> 170
A63: =+Tabla3[[#This Row],[Site]]&Tabla3[[#This Row],[Split]] -> (AS) Park Place Mercedes Benz Arlington (NO TOURS)4 | B63: 4 | C63: 3 | D63: 10:00 P.M. | E63: CT | F63: (AS) Park Place Mercedes Benz Arlington (NO TOURS) | G63: 6:00 A.M. | H63: =VLOOKUP(Tabla3[[#This Row],[Site]],'Important Info!'!$A$1:$J$135,10,FALSE) -> https://tools.sig.systems/site/details/169 | J63: N/A | K63: =VLOOKUP(Tabla3[[#This Row],[Site]],'Important Info!'!$A$1:$H$135,8,FALSE) -> - | L63: =VLOOKUP(Tabla3[[#This Row],[Site]],'Important Info!'!$A$1:$F$135,2,FALSE) -> 1, 9, 14 | M63: =VLOOKUP(Tabla3[[#This Row],[Site]],'Important Info!'!$A$1:$F$135,3,FALSE) -> - | N63: =VLOOKUP(Tabla3[[#This Row],[Site]],'Important Info!'!$A$1:$F$135,4,FALSE) -> 77, 78, 79, 80 | O63: =VLOOKUP(Tabla3[[#This Row],[Site]],'Important Info!'!$A$1:$F$135,5,FALSE) -> 2, 10, 18, 22, 31, 40 | P63: =VLOOKUP(Tabla3[[#This Row],[Site]],'Important Info!'!$A$1:$F$135,6,FALSE) -> 9 | Q63: =VLOOKUP(Tabla3[[#This Row],[Site]],'Important Info!'!$A$1:$J$135,9,FALSE) -> 169
A64: =+Tabla3[[#This Row],[Site]]&Tabla3[[#This Row],[Split]] -> (AS) Park Place Volvo Service Center (NO TOURS)4 | B64: 4 | C64: 3 | D64: 10:00 P.M. | E64: CT | F64: (AS) Park Place Volvo Service Center (NO TOURS) | G64: 6:00 A.M. | H64: =VLOOKUP(Tabla3[[#This Row],[Site]],'Important Info!'!$A$1:$J$135,10,FALSE) -> https://tools.sig.systems/site/details/171 | I64: https://www.google.com/maps/d/edit?hl=es&mid=1uPmsRMsXnp74hPFW2t-sp2totVWF_xY&ll=32.83050137713022%2C-96.83197783061323&z=17 | J64: N/A | K64: =VLOOKUP(Tabla3[[#This Row],[Site]],'Important Info!'!$A$1:$H$135,8,FALSE) -> - | L64: =VLOOKUP(Tabla3[[#This Row],[Site]],'Important Info!'!$A$1:$F$135,2,FALSE) -> 3, 6, 9, 27, 31, 35 | M64: =VLOOKUP(Tabla3[[#This Row],[Site]],'Important Info!'!$A$1:$F$135,3,FALSE) -> - | N64: =VLOOKUP(Tabla3[[#This Row],[Site]],'Important Info!'!$A$1:$F$135,4,FALSE) -> - | O64: =VLOOKUP(Tabla3[[#This Row],[Site]],'Important Info!'!$A$1:$F$135,5,FALSE) -> 27, 32 | P64: =VLOOKUP(Tabla3[[#This Row],[Site]],'Important Info!'!$A$1:$F$135,6,FALSE) -> - | Q64: =VLOOKUP(Tabla3[[#This Row],[Site]],'Important Info!'!$A$1:$J$135,9,FALSE) -> 171
A65: =+Tabla3[[#This Row],[Site]]&Tabla3[[#This Row],[Split]] -> (AS) Plaza Lexus/Mercedes/BMW (NO TOURS)4 | B65: 4 | C65: 3 | D65: 10:00 P.M. | E65: CT | F65: (AS) Plaza Lexus/Mercedes/BMW (NO TOURS) | G65: 6:00 A.M. | H65: =VLOOKUP(Tabla3[[#This Row],[Site]],'Important Info!'!$A$1:$J$135,10,FALSE) -> https://tools.sig.systems/site/details/141 | I65: https://www.google.com/maps/d/viewer?mid=1whGZ1PLqmhJnGFz8uigZqUL4cHGGW3w&ll=38.668847686454825%2C-90.4433601&z=17 | J65: N/A | K65: =VLOOKUP(Tabla3[[#This Row],[Site]],'Important Info!'!$A$1:$H$135,8,FALSE) -> - | L65: =VLOOKUP(Tabla3[[#This Row],[Site]],'Important Info!'!$A$1:$F$135,2,FALSE) -> 3, 4, 18 | M65: =VLOOKUP(Tabla3[[#This Row],[Site]],'Important Info!'!$A$1:$F$135,3,FALSE) -> 9, 10, 12, 13, 16, 17 | N65: =VLOOKUP(Tabla3[[#This Row],[Site]],'Important Info!'!$A$1:$F$135,4,FALSE) -> - | O65: =VLOOKUP(Tabla3[[#This Row],[Site]],'Important Info!'!$A$1:$F$135,5,FALSE) -> 2 | P65: =VLOOKUP(Tabla3[[#This Row],[Site]],'Important Info!'!$A$1:$F$135,6,FALSE) -> 2, 16 | Q65: =VLOOKUP(Tabla3[[#This Row],[Site]],'Important Info!'!$A$1:$J$135,9,FALSE) -> 141
A66: =+Tabla3[[#This Row],[Site]]&Tabla3[[#This Row],[Split]] -> (AS) Stevinson JLR (NO TOURS)4 | B66: 4 | C66: 3 | D66: 11:00 P.M. | E66: MT | F66: (AS) Stevinson JLR (NO TOURS) | G66: 7:00 A.M. | H66: =VLOOKUP(Tabla3[[#This Row],[Site]],'Important Info!'!$A$1:$J$135,10,FALSE) -> https://tools.sig.systems/site/details/204 | J66: N/A | K66: =VLOOKUP(Tabla3[[#This Row],[Site]],'Important Info!'!$A$1:$H$135,8,FALSE) -> - | L66: =VLOOKUP(Tabla3[[#This Row],[Site]],'Important Info!'!$A$1:$F$135,2,FALSE) -> 5 | M66: =VLOOKUP(Tabla3[[#This Row],[Site]],'Important Info!'!$A$1:$F$135,3,FALSE) -> 4 | N66: =VLOOKUP(Tabla3[[#This Row],[Site]],'Important Info!'!$A$1:$F$135,4,FALSE) -> - | O66: =VLOOKUP(Tabla3[[#This Row],[Site]],'Important Info!'!$A$1:$F$135,5,FALSE) -> 3 | P66: =VLOOKUP(Tabla3[[#This Row],[Site]],'Important Info!'!$A$1:$F$135,6,FALSE) -> 1, 4, 15, 16 | Q66: =VLOOKUP(Tabla3[[#This Row],[Site]],'Important Info!'!$A$1:$J$135,9,FALSE) -> 204
A67: =+Tabla3[[#This Row],[Site]]&Tabla3[[#This Row],[Split]] -> (DT) Colorado Springs (NO TOURS)4 | B67: 4 | C67: 3 | D67: 11:00 P.M. | E67: MT | F67: (DT) Colorado Springs (NO TOURS) | G67: 7:00 A.M. | H67: =VLOOKUP(Tabla3[[#This Row],[Site]],'Important Info!'!$A$1:$J$135,10,FALSE) -> https://tools.sig.systems/site/details/198 | J67: N/A | K67: =VLOOKUP(Tabla3[[#This Row],[Site]],'Important Info!'!$A$1:$H$135,8,FALSE) -> - | L67: =VLOOKUP(Tabla3[[#This Row],[Site]],'Important Info!'!$A$1:$F$135,2,FALSE) -> - | M67: =VLOOKUP(Tabla3[[#This Row],[Site]],'Important Info!'!$A$1:$F$135,3,FALSE) -> 1, 2, 3, 4 | N67: =VLOOKUP(Tabla3[[#This Row],[Site]],'Important Info!'!$A$1:$F$135,4,FALSE) -> - | O67: =VLOOKUP(Tabla3[[#This Row],[Site]],'Important Info!'!$A$1:$F$135,5,FALSE) -> - | P67: =VLOOKUP(Tabla3[[#This Row],[Site]],'Important Info!'!$A$1:$F$135,6,FALSE) -> 1, 2, 3, 11 | Q67: =VLOOKUP(Tabla3[[#This Row],[Site]],'Important Info!'!$A$1:$J$135,9,FALSE) -> 198
A68: =+Tabla3[[#This Row],[Site]]&Tabla3[[#This Row],[Split]] -> (DT) El Cajon (NO TOURS)4 | B68: 4 | C68: 3 | D68: 12:00 A.M. | E68: PT | F68: (DT) El Cajon (NO TOURS) | G68: 8:00 A.M. | H68: =VLOOKUP(Tabla3[[#This Row],[Site]],'Important Info!'!$A$1:$J$135,10,FALSE) -> https://tools.sig.systems/site/details/241 | J68: N/A | K68: =VLOOKUP(Tabla3[[#This Row],[Site]],'Important Info!'!$A$1:$H$135,8,FALSE) -> - | L68: =VLOOKUP(Tabla3[[#This Row],[Site]],'Important Info!'!$A$1:$F$135,2,FALSE) -> - | M68: =VLOOKUP(Tabla3[[#This Row],[Site]],'Important Info!'!$A$1:$F$135,3,FALSE) -> 3 | N68: =VLOOKUP(Tabla3[[#This Row],[Site]],'Important Info!'!$A$1:$F$135,4,FALSE) -> - | O68: =VLOOKUP(Tabla3[[#This Row],[Site]],'Important Info!'!$A$1:$F$135,5,FALSE) -> - | P68: =VLOOKUP(Tabla3[[#This Row],[Site]],'Important Info!'!$A$1:$F$135,6,FALSE) -> - | Q68: =VLOOKUP(Tabla3[[#This Row],[Site]],'Important Info!'!$A$1:$J$135,9,FALSE) -> 241
A69: =+Tabla3[[#This Row],[Site]]&Tabla3[[#This Row],[Split]] -> (DT) Louisville4 | B69: 4 | C69: 3 | D69: 9:00 P.M. | E69: ET | F69: (DT) Louisville | G69: 5:00 A.M. | H69: =VLOOKUP(Tabla3[[#This Row],[Site]],'Important Info!'!$A$1:$J$135,10,FALSE) -> https://tools.sig.systems/site/details/258 | J69: N/A | K69: =VLOOKUP(Tabla3[[#This Row],[Site]],'Important Info!'!$A$1:$H$135,8,FALSE) -> - | L69: =VLOOKUP(Tabla3[[#This Row],[Site]],'Important Info!'!$A$1:$F$135,2,FALSE) -> - | M69: =VLOOKUP(Tabla3[[#This Row],[Site]],'Important Info!'!$A$1:$F$135,3,FALSE) -> 3 | N69: =VLOOKUP(Tabla3[[#This Row],[Site]],'Important Info!'!$A$1:$F$135,4,FALSE) -> - | O69: =VLOOKUP(Tabla3[[#This Row],[Site]],'Important Info!'!$A$1:$F$135,5,FALSE) -> - | P69: =VLOOKUP(Tabla3[[#This Row],[Site]],'Important Info!'!$A$1:$F$135,6,FALSE) -> 3, 8 | Q69: =VLOOKUP(Tabla3[[#This Row],[Site]],'Important Info!'!$A$1:$J$135,9,FALSE) -> 258
A70: =+Tabla3[[#This Row],[Site]]&Tabla3[[#This Row],[Split]] -> (HUD) CDJR of Greensboro4 | B70: 4 | C70: 3 | D70: 9:00 P.M. | E70: ET | F70: (HUD) CDJR of Greensboro | G70: 5:00 A.M. | H70: =VLOOKUP(Tabla3[[#This Row],[Site]],'Important Info!'!$A$1:$J$135,10,FALSE) -> https://tools.sig.systems/site/details/215 | I70: https://www.google.com/maps/d/viewer?mid=1ejOzT7-x6RWnCf83BBP7XhiOiwEX3Wk&ll=36.061264791292906%2C-79.87437695000003&z=17 | J70: 11:00 A.M. | K70: =VLOOKUP(Tabla3[[#This Row],[Site]],'Important Info!'!$A$1:$H$135,8,FALSE) -> - | L70: =VLOOKUP(Tabla3[[#This Row],[Site]],'Important Info!'!$A$1:$F$135,2,FALSE) -> 2, 12 | M70: =VLOOKUP(Tabla3[[#This Row],[Site]],'Important Info!'!$A$1:$F$135,3,FALSE) -> - | N70: =VLOOKUP(Tabla3[[#This Row],[Site]],'Important Info!'!$A$1:$F$135,4,FALSE) -> - | O70: =VLOOKUP(Tabla3[[#This Row],[Site]],'Important Info!'!$A$1:$F$135,5,FALSE) -> 3, 13 | P70: =VLOOKUP(Tabla3[[#This Row],[Site]],'Important Info!'!$A$1:$F$135,6,FALSE) -> 1, 17 | Q70: =VLOOKUP(Tabla3[[#This Row],[Site]],'Important Info!'!$A$1:$J$135,9,FALSE) -> 215
A71: =+Tabla3[[#This Row],[Site]]&Tabla3[[#This Row],[Split]] -> (JE) Jim Ellis Ford Sandy Springs4 | B71: 4 | C71: 3 | D71: 9:00 P.M. | E71: ET | F71: (JE) Jim Ellis Ford Sandy Springs | G71: 5:00 A.M. | H71: =VLOOKUP(Tabla3[[#This Row],[Site]],'Important Info!'!$A$1:$J$135,10,FALSE) -> https://tools.sig.systems/site/details/142 | J71: N/A | K71: =VLOOKUP(Tabla3[[#This Row],[Site]],'Important Info!'!$A$1:$H$135,8,FALSE) -> - | L71: =VLOOKUP(Tabla3[[#This Row],[Site]],'Important Info!'!$A$1:$F$135,2,FALSE) -> 1, 5 | M71: =VLOOKUP(Tabla3[[#This Row],[Site]],'Important Info!'!$A$1:$F$135,3,FALSE) -> - | N71: =VLOOKUP(Tabla3[[#This Row],[Site]],'Important Info!'!$A$1:$F$135,4,FALSE) -> - | O71: =VLOOKUP(Tabla3[[#This Row],[Site]],'Important Info!'!$A$1:$F$135,5,FALSE) -> 1, 5, 9, 26 | P71: =VLOOKUP(Tabla3[[#This Row],[Site]],'Important Info!'!$A$1:$F$135,6,FALSE) -> 3, 4, 8, 28 | Q71: =VLOOKUP(Tabla3[[#This Row],[Site]],'Important Info!'!$A$1:$J$135,9,FALSE) -> 142
A72: =+Tabla3[[#This Row],[Site]]&Tabla3[[#This Row],[Split]] -> (KG) Baytown GMC Buick - Remote Lot (NO TOURS)4 | B72: 4 | C72: 3 | D72: 24 Hrs | E72: CT | F72: (KG) Baytown GMC Buick - Remote Lot (NO TOURS) | G72: N/A | H72: =VLOOKUP(Tabla3[[#This Row],[Site]],'Important Info!'!$A$1:$J$135,10,FALSE) -> https://tools.sig.systems/site/details/311 | J72: N/A | K72: {Protect employee vehicles:(Mon-Fri: 7:00-18:00)+(Sat: 7:00-14:00)} All other times focus on protecting our trailer | L72: =VLOOKUP(Tabla3[[#This Row],[Site]],'Important Info!'!$A$1:$F$135,2,FALSE) -> - | M72: =VLOOKUP(Tabla3[[#This Row],[Site]],'Important Info!'!$A$1:$F$135,3,FALSE) -> 7, 8 | N72: =VLOOKUP(Tabla3[[#This Row],[Site]],'Important Info!'!$A$1:$F$135,4,FALSE) -> - | O72: =VLOOKUP(Tabla3[[#This Row],[Site]],'Important Info!'!$A$1:$F$135,5,FALSE) -> - | P72: =VLOOKUP(Tabla3[[#This Row],[Site]],'Important Info!'!$A$1:$F$135,6,FALSE) -> - | Q72: =VLOOKUP(Tabla3[[#This Row],[Site]],'Important Info!'!$A$1:$J$135,9,FALSE) -> 311
A73: =+Tabla3[[#This Row],[Site]]&Tabla3[[#This Row],[Split]] -> (KG) Baytown GMC Buick (NO TOURS)4 | B73: 4 | C73: 3 | D73: 10:00 P.M. | E73: CT | F73: (KG) Baytown GMC Buick (NO TOURS) | G73: 6:00 A.M. | H73: =VLOOKUP(Tabla3[[#This Row],[Site]],'Important Info!'!$A$1:$J$135,10,FALSE) -> https://tools.sig.systems/site/details/239 | J73: N/A | K73: =VLOOKUP(Tabla3[[#This Row],[Site]],'Important Info!'!$A$1:$H$135,8,FALSE) -> - | L73: =VLOOKUP(Tabla3[[#This Row],[Site]],'Important Info!'!$A$1:$F$135,2,FALSE) -> 1, 5, 7, 21, 22 | M73: =VLOOKUP(Tabla3[[#This Row],[Site]],'Important Info!'!$A$1:$F$135,3,FALSE) -> - | N73: =VLOOKUP(Tabla3[[#This Row],[Site]],'Important Info!'!$A$1:$F$135,4,FALSE) -> - | O73: =VLOOKUP(Tabla3[[#This Row],[Site]],'Important Info!'!$A$1:$F$135,5,FALSE) -> 2, 10, 15, 24B | P73: =VLOOKUP(Tabla3[[#This Row],[Site]],'Important Info!'!$A$1:$F$135,6,FALSE) -> 21, 22 | Q73: =VLOOKUP(Tabla3[[#This Row],[Site]],'Important Info!'!$A$1:$J$135,9,FALSE) -> 239
A74: =+Tabla3[[#This Row],[Site]]&Tabla3[[#This Row],[Split]] -> (KG) Big Star Honda4 | B74: 4 | C74: 3 | D74: 10:00 P.M. | E74: CT | F74: (KG) Big Star Honda | G74: 6:00 A.M. | H74: =VLOOKUP(Tabla3[[#This Row],[Site]],'Important Info!'!$A$1:$J$135,10,FALSE) -> https://tools.sig.systems/site/details/231 | J74: N/A | K74: =VLOOKUP(Tabla3[[#This Row],[Site]],'Important Info!'!$A$1:$H$135,8,FALSE) -> - | L74: =VLOOKUP(Tabla3[[#This Row],[Site]],'Important Info!'!$A$1:$F$135,2,FALSE) -> 2, 17, 33 | M74: =VLOOKUP(Tabla3[[#This Row],[Site]],'Important Info!'!$A$1:$F$135,3,FALSE) -> - | N74: =VLOOKUP(Tabla3[[#This Row],[Site]],'Important Info!'!$A$1:$F$135,4,FALSE) -> - | O74: =VLOOKUP(Tabla3[[#This Row],[Site]],'Important Info!'!$A$1:$F$135,5,FALSE) -> 3, 11, 16, 21, 24, 31, 34 | P74: =VLOOKUP(Tabla3[[#This Row],[Site]],'Important Info!'!$A$1:$F$135,6,FALSE) -> 2, 3, 17, 22, 37, 41, 42 | Q74: =VLOOKUP(Tabla3[[#This Row],[Site]],'Important Info!'!$A$1:$J$135,9,FALSE) -> 231
A75: =+Tabla3[[#This Row],[Site]]&Tabla3[[#This Row],[Split]] -> (KG) JLR LEHI (NO TOURS)4 | B75: 4 | C75: 3 | D75: 11:00 P.M. | E75: MT | F75: (KG) JLR LEHI (NO TOURS) | G75: 7:00 A.M. | H75: =VLOOKUP(Tabla3[[#This Row],[Site]],'Important Info!'!$A$1:$J$135,10,FALSE) -> https://tools.sig.systems/site/details/145 | J75: N/A | K75: =VLOOKUP(Tabla3[[#This Row],[Site]],'Important Info!'!$A$1:$H$135,8,FALSE) -> - | L75: =VLOOKUP(Tabla3[[#This Row],[Site]],'Important Info!'!$A$1:$F$135,2,FALSE) -> 1, 11 | M75: =VLOOKUP(Tabla3[[#This Row],[Site]],'Important Info!'!$A$1:$F$135,3,FALSE) -> - | N75: =VLOOKUP(Tabla3[[#This Row],[Site]],'Important Info!'!$A$1:$F$135,4,FALSE) -> - | O75: =VLOOKUP(Tabla3[[#This Row],[Site]],'Important Info!'!$A$1:$F$135,5,FALSE) -> 1, 7, 11 | P75: =VLOOKUP(Tabla3[[#This Row],[Site]],'Important Info!'!$A$1:$F$135,6,FALSE) -> - | Q75: =VLOOKUP(Tabla3[[#This Row],[Site]],'Important Info!'!$A$1:$J$135,9,FALSE) -> 145
A76: =+Tabla3[[#This Row],[Site]]&Tabla3[[#This Row],[Split]] -> (LM) Luther Mazda / Mitsubishi4 | B76: 4 | C76: 3 | D76: 10:00 P.M. | E76: CT | F76: (LM) Luther Mazda / Mitsubishi | G76: 6:00 A.M. | H76: =VLOOKUP(Tabla3[[#This Row],[Site]],'Important Info!'!$A$1:$J$135,10,FALSE) -> https://tools.sig.systems/site/details/147 | I76: https://www.google.com/maps/d/viewer?mid=1ot0ILX76JMuvd9yMuqkb4_e0yH1n7TA&ll=45.07815812965141%2C-93.33506855000002&z=17 | J76: N/A | K76: =VLOOKUP(Tabla3[[#This Row],[Site]],'Important Info!'!$A$1:$H$135,8,FALSE) -> - | L76: =VLOOKUP(Tabla3[[#This Row],[Site]],'Important Info!'!$A$1:$F$135,2,FALSE) -> 4, 5, 6 | M76: =VLOOKUP(Tabla3[[#This Row],[Site]],'Important Info!'!$A$1:$F$135,3,FALSE) -> - | N76: =VLOOKUP(Tabla3[[#This Row],[Site]],'Important Info!'!$A$1:$F$135,4,FALSE) -> 1, 2 | O76: =VLOOKUP(Tabla3[[#This Row],[Site]],'Important Info!'!$A$1:$F$135,5,FALSE) -> - | P76: =VLOOKUP(Tabla3[[#This Row],[Site]],'Important Info!'!$A$1:$F$135,6,FALSE) -> 13, 14, 15, 16 | Q76: =VLOOKUP(Tabla3[[#This Row],[Site]],'Important Info!'!$A$1:$J$135,9,FALSE) -> 147
A77: =+Tabla3[[#This Row],[Site]]&Tabla3[[#This Row],[Split]] -> (ML) Columbia Honda (NO TOURS)4 | B77: 4 | C77: 3 | D77: 10:00 P.M. | E77: CT | F77: (ML) Columbia Honda (NO TOURS) | G77: 6:00 A.M. | H77: =VLOOKUP(Tabla3[[#This Row],[Site]],'Important Info!'!$A$1:$J$135,10,FALSE) -> https://tools.sig.systems/site/details/272 | I77: https://www.google.com/maps/d/viewer?hl=es&mid=1C1oZdjH3dNvCvqdpIv_Lk0Yn1OCVn-4&ll=38.965368114274426%2C-92.3405954&z=15 | J77: N/A | K77: =VLOOKUP(Tabla3[[#This Row],[Site]],'Important Info!'!$A$1:$H$135,8,FALSE) -> - | L77: =VLOOKUP(Tabla3[[#This Row],[Site]],'Important Info!'!$A$1:$F$135,2,FALSE) -> - | M77: =VLOOKUP(Tabla3[[#This Row],[Site]],'Important Info!'!$A$1:$F$135,3,FALSE) -> 9, 19, 20 | N77: =VLOOKUP(Tabla3[[#This Row],[Site]],'Important Info!'!$A$1:$F$135,4,FALSE) -> - | O77: =VLOOKUP(Tabla3[[#This Row],[Site]],'Important Info!'!$A$1:$F$135,5,FALSE) -> 10, 17, 19 | P77: =VLOOKUP(Tabla3[[#This Row],[Site]],'Important Info!'!$A$1:$F$135,6,FALSE) -> 3, 4, 5 | Q77: =VLOOKUP(Tabla3[[#This Row],[Site]],'Important Info!'!$A$1:$J$135,9,FALSE) -> 272
A78: =+Tabla3[[#This Row],[Site]]&Tabla3[[#This Row],[Split]] -> (ML) Joe Machens E Collision Center4 | B78: 4 | C78: 3 | D78: 10:00 P.M. | E78: CT | F78: (ML) Joe Machens E Collision Center | G78: 6:00 A.M. | H78: =VLOOKUP(Tabla3[[#This Row],[Site]],'Important Info!'!$A$1:$J$135,10,FALSE) -> https://tools.sig.systems/site/details/277 | I78: https://www.google.com/maps/d/viewer?hl=es&mid=1C1oZdjH3dNvCvqdpIv_Lk0Yn1OCVn-4&ll=38.965368114274455%2C-92.3405954&z=15 | J78: N/A | K78: =VLOOKUP(Tabla3[[#This Row],[Site]],'Important Info!'!$A$1:$H$135,8,FALSE) -> - | L78: =VLOOKUP(Tabla3[[#This Row],[Site]],'Important Info!'!$A$1:$F$135,2,FALSE) -> 1 | M78: =VLOOKUP(Tabla3[[#This Row],[Site]],'Important Info!'!$A$1:$F$135,3,FALSE) -> - | N78: =VLOOKUP(Tabla3[[#This Row],[Site]],'Important Info!'!$A$1:$F$135,4,FALSE) -> - | O78: =VLOOKUP(Tabla3[[#This Row],[Site]],'Important Info!'!$A$1:$F$135,5,FALSE) -> 5 | P78: =VLOOKUP(Tabla3[[#This Row],[Site]],'Important Info!'!$A$1:$F$135,6,FALSE) -> 1, 2, 3, 4 | Q78: =VLOOKUP(Tabla3[[#This Row],[Site]],'Important Info!'!$A$1:$J$135,9,FALSE) -> 277
A79: =+Tabla3[[#This Row],[Site]]&Tabla3[[#This Row],[Split]] -> (ML) Joe Machens Ford Lincoln I & II4 | B79: 4 | C79: 3 | D79: 10:00 P.M. | E79: CT | F79: (ML) Joe Machens Ford Lincoln I & II | G79: 6:00 A.M. | H79: =VLOOKUP(Tabla3[[#This Row],[Site]],'Important Info!'!$A$1:$J$135,10,FALSE) -> https://tools.sig.systems/site/details/266 | I79: https://www.google.com/maps/d/viewer?hl=es&mid=1C1oZdjH3dNvCvqdpIv_Lk0Yn1OCVn-4&ll=38.965368114274455%2C-92.3405954&z=15 | J79: N/A | K79: =VLOOKUP(Tabla3[[#This Row],[Site]],'Important Info!'!$A$1:$H$135,8,FALSE) -> - | L79: =VLOOKUP(Tabla3[[#This Row],[Site]],'Important Info!'!$A$1:$F$135,2,FALSE) -> - | M79: =VLOOKUP(Tabla3[[#This Row],[Site]],'Important Info!'!$A$1:$F$135,3,FALSE) -> 4, 6, 9, 13, 14, 17, 26, 27, 28, 29, 30 | N79: =VLOOKUP(Tabla3[[#This Row],[Site]],'Important Info!'!$A$1:$F$135,4,FALSE) -> - | O79: =VLOOKUP(Tabla3[[#This Row],[Site]],'Important Info!'!$A$1:$F$135,5,FALSE) -> 23, 40, 49 | P79: =VLOOKUP(Tabla3[[#This Row],[Site]],'Important Info!'!$A$1:$F$135,6,FALSE) -> - | Q79: =VLOOKUP(Tabla3[[#This Row],[Site]],'Important Info!'!$A$1:$J$135,9,FALSE) -> 266
A80: =+Tabla3[[#This Row],[Site]]&Tabla3[[#This Row],[Split]] -> (ML) Joe Machens Nissan4 | B80: 4 | C80: 3 | D80: 10:00 P.M. | E80: CT | F80: (ML) Joe Machens Nissan | G80: 6:00 A.M. | H80: =VLOOKUP(Tabla3[[#This Row],[Site]],'Important Info!'!$A$1:$J$135,10,FALSE) -> https://tools.sig.systems/site/details/279 | I80: https://www.google.com/maps/d/viewer?hl=es&mid=1C1oZdjH3dNvCvqdpIv_Lk0Yn1OCVn-4&ll=38.965368114274455%2C-92.3405954&z=15 | J80: N/A | K80: =VLOOKUP(Tabla3[[#This Row],[Site]],'Important Info!'!$A$1:$H$135,8,FALSE) -> - | L80: =VLOOKUP(Tabla3[[#This Row],[Site]],'Important Info!'!$A$1:$F$135,2,FALSE) -> - | M80: =VLOOKUP(Tabla3[[#This Row],[Site]],'Important Info!'!$A$1:$F$135,3,FALSE) -> 1, 3, 16 | N80: =VLOOKUP(Tabla3[[#This Row],[Site]],'Important Info!'!$A$1:$F$135,4,FALSE) -> - | O80: =VLOOKUP(Tabla3[[#This Row],[Site]],'Important Info!'!$A$1:$F$135,5,FALSE) -> - | P80: =VLOOKUP(Tabla3[[#This Row],[Site]],'Important Info!'!$A$1:$F$135,6,FALSE) -> - | Q80: =VLOOKUP(Tabla3[[#This Row],[Site]],'Important Info!'!$A$1:$J$135,9,FALSE) -> 279
A81: =+Tabla3[[#This Row],[Site]]&Tabla3[[#This Row],[Split]] -> (ML) McLarty Gray-Daniels Ford Lincoln4 | B81: 4 | C81: 3 | D81: 10:00 P.M. | E81: CT | F81: (ML) McLarty Gray-Daniels Ford Lincoln | G81: 6:00 A.M. | H81: =VLOOKUP(Tabla3[[#This Row],[Site]],'Important Info!'!$A$1:$J$135,10,FALSE) -> https://tools.sig.systems/site/details/151 | I81: https://www.google.com/maps/d/edit?mid=111nhCL4Xjj2Pq0zP5xUrMzHQqAihqa0&usp=sharing | J81: N/A | K81: =VLOOKUP(Tabla3[[#This Row],[Site]],'Important Info!'!$A$1:$H$135,8,FALSE) -> - | L81: =VLOOKUP(Tabla3[[#This Row],[Site]],'Important Info!'!$A$1:$F$135,2,FALSE) -> 16 | M81: =VLOOKUP(Tabla3[[#This Row],[Site]],'Important Info!'!$A$1:$F$135,3,FALSE) -> 5, 10, 36, 38, 54, 58B | N81: =VLOOKUP(Tabla3[[#This Row],[Site]],'Important Info!'!$A$1:$F$135,4,FALSE) -> - | O81: =VLOOKUP(Tabla3[[#This Row],[Site]],'Important Info!'!$A$1:$F$135,5,FALSE) -> 5, 17, 37 | P81: =VLOOKUP(Tabla3[[#This Row],[Site]],'Important Info!'!$A$1:$F$135,6,FALSE) -> 1, 2, 3, 4 | Q81: =VLOOKUP(Tabla3[[#This Row],[Site]],'Important Info!'!$A$1:$J$135,9,FALSE) -> 151
A82: =+Tabla3[[#This Row],[Site]]&Tabla3[[#This Row],[Split]] -> (ML) Nissan Of Benton4 | B82: 4 | C82: 3 | D82: 10:00 P.M. | E82: CT | F82: (ML) Nissan Of Benton | G82: 6:00 A.M. | H82: =VLOOKUP(Tabla3[[#This Row],[Site]],'Important Info!'!$A$1:$J$135,10,FALSE) -> https://tools.sig.systems/site/details/247 | J82: N/A | K82: =VLOOKUP(Tabla3[[#This Row],[Site]],'Important Info!'!$A$1:$H$135,8,FALSE) -> - | L82: =VLOOKUP(Tabla3[[#This Row],[Site]],'Important Info!'!$A$1:$F$135,2,FALSE) -> 5, 12 | M82: =VLOOKUP(Tabla3[[#This Row],[Site]],'Important Info!'!$A$1:$F$135,3,FALSE) -> - | N82: =VLOOKUP(Tabla3[[#This Row],[Site]],'Important Info!'!$A$1:$F$135,4,FALSE) -> - | O82: =VLOOKUP(Tabla3[[#This Row],[Site]],'Important Info!'!$A$1:$F$135,5,FALSE) -> 4, 18 | P82: =VLOOKUP(Tabla3[[#This Row],[Site]],'Important Info!'!$A$1:$F$135,6,FALSE) -> - | Q82: =VLOOKUP(Tabla3[[#This Row],[Site]],'Important Info!'!$A$1:$J$135,9,FALSE) -> 247
A83: =+Tabla3[[#This Row],[Site]]&Tabla3[[#This Row],[Split]] -> (PE) Hudson Toyota Nissan CDJR (NO TOURS)4 | B83: 4 | C83: 3 | D83: 8:00 P.M. | E83: ET | F83: (PE) Hudson Toyota Nissan CDJR (NO TOURS) | G83: 5:00 A.M. | H83: =VLOOKUP(Tabla3[[#This Row],[Site]],'Important Info!'!$A$1:$J$135,10,FALSE) -> https://tools.sig.systems/site/details/156 | J83: N/A | K83: =VLOOKUP(Tabla3[[#This Row],[Site]],'Important Info!'!$A$1:$H$135,8,FALSE) -> - | L83: =VLOOKUP(Tabla3[[#This Row],[Site]],'Important Info!'!$A$1:$F$135,2,FALSE) -> 5 | M83: =VLOOKUP(Tabla3[[#This Row],[Site]],'Important Info!'!$A$1:$F$135,3,FALSE) -> 3, 7, 18 | N83: =VLOOKUP(Tabla3[[#This Row],[Site]],'Important Info!'!$A$1:$F$135,4,FALSE) -> - | O83: =VLOOKUP(Tabla3[[#This Row],[Site]],'Important Info!'!$A$1:$F$135,5,FALSE) -> 84 | P83: =VLOOKUP(Tabla3[[#This Row],[Site]],'Important Info!'!$A$1:$F$135,6,FALSE) -> 1, 2, 3, 4, 5, 6, 7, 8 | Q83: =VLOOKUP(Tabla3[[#This Row],[Site]],'Important Info!'!$A$1:$J$135,9,FALSE) -> 156
A84: =+Tabla3[[#This Row],[Site]]&Tabla3[[#This Row],[Split]] -> (RML) Burleson Nissan4 | B84: 4 | C84: 3 | D84: 10:00 P.M. | E84: CT | F84: (RML) Burleson Nissan | G84: 6:00 A.M. | H84: =VLOOKUP(Tabla3[[#This Row],[Site]],'Important Info!'!$A$1:$J$135,10,FALSE) -> https://tools.sig.systems/site/details/202 | J84: N/A | K84: =VLOOKUP(Tabla3[[#This Row],[Site]],'Important Info!'!$A$1:$H$135,8,FALSE) -> - | L84: =VLOOKUP(Tabla3[[#This Row],[Site]],'Important Info!'!$A$1:$F$135,2,FALSE) -> 3, 21 | M84: =VLOOKUP(Tabla3[[#This Row],[Site]],'Important Info!'!$A$1:$F$135,3,FALSE) -> - | N84: =VLOOKUP(Tabla3[[#This Row],[Site]],'Important Info!'!$A$1:$F$135,4,FALSE) -> - | O84: =VLOOKUP(Tabla3[[#This Row],[Site]],'Important Info!'!$A$1:$F$135,5,FALSE) -> 2, 6, 15 | P84: =VLOOKUP(Tabla3[[#This Row],[Site]],'Important Info!'!$A$1:$F$135,6,FALSE) -> - | Q84: =VLOOKUP(Tabla3[[#This Row],[Site]],'Important Info!'!$A$1:$J$135,9,FALSE) -> 202
A85: =+Tabla3[[#This Row],[Site]]&Tabla3[[#This Row],[Split]] -> (SCH) Auto Body Shop Lake Park4 | B85: 4 | C85: 3 | D85: 9:00 P.M. | E85: ET | F85: (SCH) Auto Body Shop Lake Park | G85: 5:00 A.M. | H85: =VLOOKUP(Tabla3[[#This Row],[Site]],'Important Info!'!$A$1:$J$135,10,FALSE) -> https://tools.sig.systems/site/details/158 | J85: N/A | K85: =VLOOKUP(Tabla3[[#This Row],[Site]],'Important Info!'!$A$1:$H$135,8,FALSE) -> - | L85: =VLOOKUP(Tabla3[[#This Row],[Site]],'Important Info!'!$A$1:$F$135,2,FALSE) -> 3, 10 | M85: =VLOOKUP(Tabla3[[#This Row],[Site]],'Important Info!'!$A$1:$F$135,3,FALSE) -> - | N85: =VLOOKUP(Tabla3[[#This Row],[Site]],'Important Info!'!$A$1:$F$135,4,FALSE) -> - | O85: =VLOOKUP(Tabla3[[#This Row],[Site]],'Important Info!'!$A$1:$F$135,5,FALSE) -> - | P85: =VLOOKUP(Tabla3[[#This Row],[Site]],'Important Info!'!$A$1:$F$135,6,FALSE) -> - | Q85: =VLOOKUP(Tabla3[[#This Row],[Site]],'Important Info!'!$A$1:$J$135,9,FALSE) -> 158
A86: =+Tabla3[[#This Row],[Site]]&Tabla3[[#This Row],[Split]] -> (TC) Tavernier Creek Marina (NO TOURS)4 | B86: 4 | C86: 3 | D86: 9:00 P.M. | E86: ET | F86: (TC) Tavernier Creek Marina (NO TOURS) | G86: 6:00 A.M. | H86: =VLOOKUP(Tabla3[[#This Row],[Site]],'Important Info!'!$A$1:$J$135,10,FALSE) -> https://tools.sig.systems/site/details/164 | J86: 7:00 A.M. | K86: =VLOOKUP(Tabla3[[#This Row],[Site]],'Important Info!'!$A$1:$H$135,8,FALSE) -> - | L86: =VLOOKUP(Tabla3[[#This Row],[Site]],'Important Info!'!$A$1:$F$135,2,FALSE) -> 28, 29 | M86: =VLOOKUP(Tabla3[[#This Row],[Site]],'Important Info!'!$A$1:$F$135,3,FALSE) -> - | N86: =VLOOKUP(Tabla3[[#This Row],[Site]],'Important Info!'!$A$1:$F$135,4,FALSE) -> - | O86: =VLOOKUP(Tabla3[[#This Row],[Site]],'Important Info!'!$A$1:$F$135,5,FALSE) -> - | P86: =VLOOKUP(Tabla3[[#This Row],[Site]],'Important Info!'!$A$1:$F$135,6,FALSE) -> 5, 28, 29 | Q86: =VLOOKUP(Tabla3[[#This Row],[Site]],'Important Info!'!$A$1:$J$135,9,FALSE) -> 164
A87: =+Tabla3[[#This Row],[Site]]&Tabla3[[#This Row],[Split]] -> SIG Office4 | B87: 4 | C87: 3 | D87: 24 Hrs | E87: ET | F87: SIG Office | G87: N/A | H87: =VLOOKUP(Tabla3[[#This Row],[Site]],'Important Info!'!$A$1:$J$135,10,FALSE) -> https://tools.sig.systems/site/details/163 | J87: N/A | K87: =VLOOKUP(Tabla3[[#This Row],[Site]],'Important Info!'!$A$1:$H$135,8,FALSE) -> - | L87: =VLOOKUP(Tabla3[[#This Row],[Site]],'Important Info!'!$A$1:$F$135,2,FALSE) -> - | M87: =VLOOKUP(Tabla3[[#This Row],[Site]],'Important Info!'!$A$1:$F$135,3,FALSE) -> - | N87: =VLOOKUP(Tabla3[[#This Row],[Site]],'Important Info!'!$A$1:$F$135,4,FALSE) -> - | O87: =VLOOKUP(Tabla3[[#This Row],[Site]],'Important Info!'!$A$1:$F$135,5,FALSE) -> - | P87: =VLOOKUP(Tabla3[[#This Row],[Site]],'Important Info!'!$A$1:$F$135,6,FALSE) -> 25 | Q87: =VLOOKUP(Tabla3[[#This Row],[Site]],'Important Info!'!$A$1:$J$135,9,FALSE) -> 163
A88: =+Tabla3[[#This Row],[Site]]&Tabla3[[#This Row],[Split]] -> (AS) Atwell Prep Center-Dallas (NO TOURS)4 | B88: 4 | C88: 4 | D88: 10:00 P.M. | E88: CT | F88: (AS) Atwell Prep Center-Dallas (NO TOURS) | G88: 6:00 A.M. | H88: =VLOOKUP(Tabla3[[#This Row],[Site]],'Important Info!'!$A$1:$J$135,10,FALSE) -> https://tools.sig.systems/site/details/165 | I88: https://www.google.com/maps/d/edit?hl=es&mid=1uPmsRMsXnp74hPFW2t-sp2totVWF_xY&ll=32.83050137713022%2C-96.83197783061323&z=17 | J88: N/A | K88: =VLOOKUP(Tabla3[[#This Row],[Site]],'Important Info!'!$A$1:$H$135,8,FALSE) -> - | L88: =VLOOKUP(Tabla3[[#This Row],[Site]],'Important Info!'!$A$1:$F$135,2,FALSE) -> 4, 6, 7 | M88: =VLOOKUP(Tabla3[[#This Row],[Site]],'Important Info!'!$A$1:$F$135,3,FALSE) -> - | N88: =VLOOKUP(Tabla3[[#This Row],[Site]],'Important Info!'!$A$1:$F$135,4,FALSE) -> - | O88: =VLOOKUP(Tabla3[[#This Row],[Site]],'Important Info!'!$A$1:$F$135,5,FALSE) -> - | P88: =VLOOKUP(Tabla3[[#This Row],[Site]],'Important Info!'!$A$1:$F$135,6,FALSE) -> 1, 2 | Q88: =VLOOKUP(Tabla3[[#This Row],[Site]],'Important Info!'!$A$1:$J$135,9,FALSE) -> 165
A89: =+Tabla3[[#This Row],[Site]]&Tabla3[[#This Row],[Split]] -> (AS) Audi of North Atlanta (NO TOURS)4 | B89: 4 | C89: 4 | D89: 9:00 P.M. | E89: ET | F89: (AS) Audi of North Atlanta (NO TOURS) | G89: 5:00 A.M. | H89: =VLOOKUP(Tabla3[[#This Row],[Site]],'Important Info!'!$A$1:$J$135,10,FALSE) -> https://tools.sig.systems/site/details/124 | I89: https://www.google.com/maps/d/edit?mid=1jkN3DS1BhUqp_dztjjW0PDwKfo_Yxsw&usp=sharing | J89: N/A | K89: =VLOOKUP(Tabla3[[#This Row],[Site]],'Important Info!'!$A$1:$H$135,8,FALSE) -> - | L89: =VLOOKUP(Tabla3[[#This Row],[Site]],'Important Info!'!$A$1:$F$135,2,FALSE) -> 1, 5, 16, 54 | M89: =VLOOKUP(Tabla3[[#This Row],[Site]],'Important Info!'!$A$1:$F$135,3,FALSE) -> - | N89: =VLOOKUP(Tabla3[[#This Row],[Site]],'Important Info!'!$A$1:$F$135,4,FALSE) -> - | O89: =VLOOKUP(Tabla3[[#This Row],[Site]],'Important Info!'!$A$1:$F$135,5,FALSE) -> 3, 16 | P89: =VLOOKUP(Tabla3[[#This Row],[Site]],'Important Info!'!$A$1:$F$135,6,FALSE) -> 2, 5, 6 | Q89: =VLOOKUP(Tabla3[[#This Row],[Site]],'Important Info!'!$A$1:$J$135,9,FALSE) -> 124
A90: =+Tabla3[[#This Row],[Site]]&Tabla3[[#This Row],[Split]] -> (AS) Courtesy Honda Palm Harbor (NO TOURS)4 | B90: 4 | C90: 4 | D90: 9:00 P.M. | E90: ET | F90: (AS) Courtesy Honda Palm Harbor (NO TOURS) | G90: 5:00 A.M. | H90: =VLOOKUP(Tabla3[[#This Row],[Site]],'Important Info!'!$A$1:$J$135,10,FALSE) -> https://tools.sig.systems/site/details/176 | J90: 11:00 A.M. | K90: =VLOOKUP(Tabla3[[#This Row],[Site]],'Important Info!'!$A$1:$H$135,8,FALSE) -> - | L90: =VLOOKUP(Tabla3[[#This Row],[Site]],'Important Info!'!$A$1:$F$135,2,FALSE) -> 2 | M90: =VLOOKUP(Tabla3[[#This Row],[Site]],'Important Info!'!$A$1:$F$135,3,FALSE) -> - | N90: =VLOOKUP(Tabla3[[#This Row],[Site]],'Important Info!'!$A$1:$F$135,4,FALSE) -> - | O90: =VLOOKUP(Tabla3[[#This Row],[Site]],'Important Info!'!$A$1:$F$135,5,FALSE) -> 4, 8, 21 | P90: =VLOOKUP(Tabla3[[#This Row],[Site]],'Important Info!'!$A$1:$F$135,6,FALSE) -> 10 | Q90: =VLOOKUP(Tabla3[[#This Row],[Site]],'Important Info!'!$A$1:$J$135,9,FALSE) -> 176
A91: =+Tabla3[[#This Row],[Site]]&Tabla3[[#This Row],[Split]] -> (AS) Courtesy Hyundai/Nissan Tampa (NO TOURS)4 | B91: 4 | C91: 4 | D91: 9:00 P.M. | E91: ET | F91: (AS) Courtesy Hyundai/Nissan Tampa (NO TOURS) | G91: 5:00 A.M. | H91: =VLOOKUP(Tabla3[[#This Row],[Site]],'Important Info!'!$A$1:$J$135,10,FALSE) -> https://tools.sig.systems/site/details/128 | J91: 10:00 A.M. | K91: =VLOOKUP(Tabla3[[#This Row],[Site]],'Important Info!'!$A$1:$H$135,8,FALSE) -> - | L91: =VLOOKUP(Tabla3[[#This Row],[Site]],'Important Info!'!$A$1:$F$135,2,FALSE) -> 1, 16, 25, 27, 32 | M91: =VLOOKUP(Tabla3[[#This Row],[Site]],'Important Info!'!$A$1:$F$135,3,FALSE) -> - | N91: =VLOOKUP(Tabla3[[#This Row],[Site]],'Important Info!'!$A$1:$F$135,4,FALSE) -> - | O91: =VLOOKUP(Tabla3[[#This Row],[Site]],'Important Info!'!$A$1:$F$135,5,FALSE) -> 4, 10, 16 | P91: =VLOOKUP(Tabla3[[#This Row],[Site]],'Important Info!'!$A$1:$F$135,6,FALSE) -> 24, 25, 26 & Remote Lots | Q91: =VLOOKUP(Tabla3[[#This Row],[Site]],'Important Info!'!$A$1:$J$135,9,FALSE) -> 128
A92: =+Tabla3[[#This Row],[Site]]&Tabla3[[#This Row],[Split]] -> (AS) David McDavid Honda I & II (NO TOURS)4 | B92: 4 | C92: 4 | D92: 10:00 P.M. | E92: CT | F92: (AS) David McDavid Honda I & II (NO TOURS) | G92: 6:00 A.M. | H92: =VLOOKUP(Tabla3[[#This Row],[Site]],'Important Info!'!$A$1:$J$135,10,FALSE) -> https://tools.sig.systems/site/details/129 | J92: N/A | K92: =VLOOKUP(Tabla3[[#This Row],[Site]],'Important Info!'!$A$1:$H$135,8,FALSE) -> - | L92: =VLOOKUP(Tabla3[[#This Row],[Site]],'Important Info!'!$A$1:$F$135,2,FALSE) -> - | M92: =VLOOKUP(Tabla3[[#This Row],[Site]],'Important Info!'!$A$1:$F$135,3,FALSE) -> 3, 19, 23, 32, 35 | N92: =VLOOKUP(Tabla3[[#This Row],[Site]],'Important Info!'!$A$1:$F$135,4,FALSE) -> - | O92: =VLOOKUP(Tabla3[[#This Row],[Site]],'Important Info!'!$A$1:$F$135,5,FALSE) -> 2, 6, 9, 19, 25, 30, 48 | P92: =VLOOKUP(Tabla3[[#This Row],[Site]],'Important Info!'!$A$1:$F$135,6,FALSE) -> 25, 26, 35, 36, 37 | Q92: =VLOOKUP(Tabla3[[#This Row],[Site]],'Important Info!'!$A$1:$J$135,9,FALSE) -> 129
A93: =+Tabla3[[#This Row],[Site]]&Tabla3[[#This Row],[Split]] -> (AS) Mike Shaw Subaru Greeley (NO TOURS)4 | B93: 4 | C93: 4 | D93: 11:00 P.M. | E93: MT | F93: (AS) Mike Shaw Subaru Greeley (NO TOURS) | G93: 7:00 A.M. | H93: =VLOOKUP(Tabla3[[#This Row],[Site]],'Important Info!'!$A$1:$J$135,10,FALSE) -> https://tools.sig.systems/site/details/174 | I93: https://www.google.com/maps/d/viewer?mid=1gN2lJ0iT7m5VNhD7aDcxE8AdXqtcOZc&ll=40.396096737592195%2C-104.746842&z=16 | J93: N/A | K93: =VLOOKUP(Tabla3[[#This Row],[Site]],'Important Info!'!$A$1:$H$135,8,FALSE) -> - | L93: =VLOOKUP(Tabla3[[#This Row],[Site]],'Important Info!'!$A$1:$F$135,2,FALSE) -> 16, 17 | M93: =VLOOKUP(Tabla3[[#This Row],[Site]],'Important Info!'!$A$1:$F$135,3,FALSE) -> 10 | N93: =VLOOKUP(Tabla3[[#This Row],[Site]],'Important Info!'!$A$1:$F$135,4,FALSE) -> - | O93: =VLOOKUP(Tabla3[[#This Row],[Site]],'Important Info!'!$A$1:$F$135,5,FALSE) -> 1, 7 | P93: =VLOOKUP(Tabla3[[#This Row],[Site]],'Important Info!'!$A$1:$F$135,6,FALSE) -> - | Q93: =VLOOKUP(Tabla3[[#This Row],[Site]],'Important Info!'!$A$1:$J$135,9,FALSE) -> 174
A94: =+Tabla3[[#This Row],[Site]]&Tabla3[[#This Row],[Split]] -> (AS) Park Place Bodywerks Ft. Worth (NO TOURS)4 | B94: 4 | C94: 4 | D94: 10:00 P.M. | E94: CT | F94: (AS) Park Place Bodywerks Ft. Worth (NO TOURS) | G94: 6:00 A.M. | H94: =VLOOKUP(Tabla3[[#This Row],[Site]],'Important Info!'!$A$1:$J$135,10,FALSE) -> https://tools.sig.systems/site/details/134 | I94: https://www.google.com/maps/d/edit?mid=18OEO_KbvYcgI3N1jE4gTMXfNHTNDrFU&ll=32.66603989958274%2C-97.42021198201722&z=18 | J94: N/A | K94: =VLOOKUP(Tabla3[[#This Row],[Site]],'Important Info!'!$A$1:$H$135,8,FALSE) -> - | L94: =VLOOKUP(Tabla3[[#This Row],[Site]],'Important Info!'!$A$1:$F$135,2,FALSE) -> 2, 3, RemoteLot5, RemoteLot9 | M94: =VLOOKUP(Tabla3[[#This Row],[Site]],'Important Info!'!$A$1:$F$135,3,FALSE) -> - | N94: =VLOOKUP(Tabla3[[#This Row],[Site]],'Important Info!'!$A$1:$F$135,4,FALSE) -> - | O94: =VLOOKUP(Tabla3[[#This Row],[Site]],'Important Info!'!$A$1:$F$135,5,FALSE) -> 1, 7, RL1, RL5, RL9 | P94: =VLOOKUP(Tabla3[[#This Row],[Site]],'Important Info!'!$A$1:$F$135,6,FALSE) -> 3, 4, 15 | Q94: =VLOOKUP(Tabla3[[#This Row],[Site]],'Important Info!'!$A$1:$J$135,9,FALSE) -> 134
A95: =+Tabla3[[#This Row],[Site]]&Tabla3[[#This Row],[Split]] -> (AS) Park Place JLR DFW Airport (NO TOURS)4 | B95: 4 | C95: 4 | D95: 10:00 P.M. | E95: CT | F95: (AS) Park Place JLR DFW Airport (NO TOURS) | G95: 6:00 A.M. | H95: =VLOOKUP(Tabla3[[#This Row],[Site]],'Important Info!'!$A$1:$J$135,10,FALSE) -> https://tools.sig.systems/site/details/135 | J95: N/A | K95: =VLOOKUP(Tabla3[[#This Row],[Site]],'Important Info!'!$A$1:$H$135,8,FALSE) -> - | L95: =VLOOKUP(Tabla3[[#This Row],[Site]],'Important Info!'!$A$1:$F$135,2,FALSE) -> 6, 7, 18 | M95: =VLOOKUP(Tabla3[[#This Row],[Site]],'Important Info!'!$A$1:$F$135,3,FALSE) -> 70, 79, 80 | N95: =VLOOKUP(Tabla3[[#This Row],[Site]],'Important Info!'!$A$1:$F$135,4,FALSE) -> 83, 84 | O95: =VLOOKUP(Tabla3[[#This Row],[Site]],'Important Info!'!$A$1:$F$135,5,FALSE) -> 3, 8, 14, 81 | P95: =VLOOKUP(Tabla3[[#This Row],[Site]],'Important Info!'!$A$1:$F$135,6,FALSE) -> 6 | Q95: =VLOOKUP(Tabla3[[#This Row],[Site]],'Important Info!'!$A$1:$J$135,9,FALSE) -> 135
A96: =+Tabla3[[#This Row],[Site]]&Tabla3[[#This Row],[Split]] -> (AS) Plano Auction (NO SPEAKERS)4 | B96: 4 | C96: 4 | D96: 10:00 P.M. | E96: CT | F96: (AS) Plano Auction (NO SPEAKERS) | G96: 6:00 A.M. | H96: =VLOOKUP(Tabla3[[#This Row],[Site]],'Important Info!'!$A$1:$J$135,10,FALSE) -> https://tools.sig.systems/site/details/140 | J96: N/A | K96: =VLOOKUP(Tabla3[[#This Row],[Site]],'Important Info!'!$A$1:$H$135,8,FALSE) -> - | L96: =VLOOKUP(Tabla3[[#This Row],[Site]],'Important Info!'!$A$1:$F$135,2,FALSE) -> - | M96: =VLOOKUP(Tabla3[[#This Row],[Site]],'Important Info!'!$A$1:$F$135,3,FALSE) -> 3, 4, 19 | N96: =VLOOKUP(Tabla3[[#This Row],[Site]],'Important Info!'!$A$1:$F$135,4,FALSE) -> - | O96: =VLOOKUP(Tabla3[[#This Row],[Site]],'Important Info!'!$A$1:$F$135,5,FALSE) -> 5, 19 | P96: =VLOOKUP(Tabla3[[#This Row],[Site]],'Important Info!'!$A$1:$F$135,6,FALSE) -> 21 | Q96: =VLOOKUP(Tabla3[[#This Row],[Site]],'Important Info!'!$A$1:$J$135,9,FALSE) -> 140
A97: =+Tabla3[[#This Row],[Site]]&Tabla3[[#This Row],[Split]] -> (AS) Plaza Audi/Infiniti (NO TOURS)4 | B97: 4 | C97: 4 | D97: 10:00 P.M. | E97: CT | F97: (AS) Plaza Audi/Infiniti (NO TOURS) | G97: 6:00 A.M. | H97: =VLOOKUP(Tabla3[[#This Row],[Site]],'Important Info!'!$A$1:$J$135,10,FALSE) -> https://tools.sig.systems/site/details/141 | I97: https://www.google.com/maps/d/viewer?mid=1whGZ1PLqmhJnGFz8uigZqUL4cHGGW3w&ll=38.668847686454825%2C-90.4433601&z=17 | J97: N/A | K97: =VLOOKUP(Tabla3[[#This Row],[Site]],'Important Info!'!$A$1:$H$135,8,FALSE) -> - | L97: =VLOOKUP(Tabla3[[#This Row],[Site]],'Important Info!'!$A$1:$F$135,2,FALSE) -> 7, 25 | M97: =VLOOKUP(Tabla3[[#This Row],[Site]],'Important Info!'!$A$1:$F$135,3,FALSE) -> 15, 17, 18 | N97: =VLOOKUP(Tabla3[[#This Row],[Site]],'Important Info!'!$A$1:$F$135,4,FALSE) -> - | O97: =VLOOKUP(Tabla3[[#This Row],[Site]],'Important Info!'!$A$1:$F$135,5,FALSE) -> 1, 24 | P97: =VLOOKUP(Tabla3[[#This Row],[Site]],'Important Info!'!$A$1:$F$135,6,FALSE) -> 3, 15, 17 | Q97: =VLOOKUP(Tabla3[[#This Row],[Site]],'Important Info!'!$A$1:$J$135,9,FALSE) -> 141
A98: =+Tabla3[[#This Row],[Site]]&Tabla3[[#This Row],[Split]] -> (AS) Stevinson Chevrolet Golden (NO TOURS)4 | B98: 4 | C98: 4 | D98: 9:30 P.M. | E98: MT | F98: (AS) Stevinson Chevrolet Golden (NO TOURS) | G98: 7:00 A.M. | H98: =VLOOKUP(Tabla3[[#This Row],[Site]],'Important Info!'!$A$1:$J$135,10,FALSE) -> https://tools.sig.systems/site/details/264 | I98: https://www.google.com/maps/d/edit?mid=1nAyK85WaWREy0lfxnmWn3USs2gC0nP0&usp=sharing | J98: N/A | K98: =VLOOKUP(Tabla3[[#This Row],[Site]],'Important Info!'!$A$1:$H$135,8,FALSE) -> - | L98: =VLOOKUP(Tabla3[[#This Row],[Site]],'Important Info!'!$A$1:$F$135,2,FALSE) -> - | M98: =VLOOKUP(Tabla3[[#This Row],[Site]],'Important Info!'!$A$1:$F$135,3,FALSE) -> 1, 19 | N98: =VLOOKUP(Tabla3[[#This Row],[Site]],'Important Info!'!$A$1:$F$135,4,FALSE) -> - | O98: =VLOOKUP(Tabla3[[#This Row],[Site]],'Important Info!'!$A$1:$F$135,5,FALSE) -> 14, 30 | P98: =VLOOKUP(Tabla3[[#This Row],[Site]],'Important Info!'!$A$1:$F$135,6,FALSE) -> 14, 33, 34, 35, 36 | Q98: =VLOOKUP(Tabla3[[#This Row],[Site]],'Important Info!'!$A$1:$J$135,9,FALSE) -> 264
A99: =+Tabla3[[#This Row],[Site]]&Tabla3[[#This Row],[Split]] -> (DT) Denver (NO TOURS)4 | B99: 4 | C99: 4 | D99: 11:00 P.M. | E99: MT | F99: (DT) Denver (NO TOURS) | G99: 7:00 A.M. | H99: =VLOOKUP(Tabla3[[#This Row],[Site]],'Important Info!'!$A$1:$J$135,10,FALSE) -> https://tools.sig.systems/site/details/203 | I99: https://www.google.com/maps/d/edit?mid=1AjZHz2LTg0RMhZUOmyZsv_Y4MFcaP8g&usp=sharing | J99: N/A | K99: =VLOOKUP(Tabla3[[#This Row],[Site]],'Important Info!'!$A$1:$H$135,8,FALSE) -> - | L99: =VLOOKUP(Tabla3[[#This Row],[Site]],'Important Info!'!$A$1:$F$135,2,FALSE) -> - | M99: =VLOOKUP(Tabla3[[#This Row],[Site]],'Important Info!'!$A$1:$F$135,3,FALSE) -> 7, 8 | N99: =VLOOKUP(Tabla3[[#This Row],[Site]],'Important Info!'!$A$1:$F$135,4,FALSE) -> - | O99: =VLOOKUP(Tabla3[[#This Row],[Site]],'Important Info!'!$A$1:$F$135,5,FALSE) -> - | P99: =VLOOKUP(Tabla3[[#This Row],[Site]],'Important Info!'!$A$1:$F$135,6,FALSE) -> 7, 8 | Q99: =VLOOKUP(Tabla3[[#This Row],[Site]],'Important Info!'!$A$1:$J$135,9,FALSE) -> 203
A100: =+Tabla3[[#This Row],[Site]]&Tabla3[[#This Row],[Split]] -> (DT) Escondido4 | B100: 4 | C100: 4 | D100: 12:00 A.M. | E100: PT | F100: (DT) Escondido | G100: 1:00 P.M. | H100: =VLOOKUP(Tabla3[[#This Row],[Site]],'Important Info!'!$A$1:$J$135,10,FALSE) -> https://tools.sig.systems/site/details/196 | J100: N/A | K100: =VLOOKUP(Tabla3[[#This Row],[Site]],'Important Info!'!$A$1:$H$135,8,FALSE) -> Saturday Drop Time 9:00 A.M. | L100: =VLOOKUP(Tabla3[[#This Row],[Site]],'Important Info!'!$A$1:$F$135,2,FALSE) -> 1, 2 | M100: =VLOOKUP(Tabla3[[#This Row],[Site]],'Important Info!'!$A$1:$F$135,3,FALSE) -> - | N100: =VLOOKUP(Tabla3[[#This Row],[Site]],'Important Info!'!$A$1:$F$135,4,FALSE) -> - | O100: =VLOOKUP(Tabla3[[#This Row],[Site]],'Important Info!'!$A$1:$F$135,5,FALSE) -> - | P100: =VLOOKUP(Tabla3[[#This Row],[Site]],'Important Info!'!$A$1:$F$135,6,FALSE) -> 5, 7, 8 | Q100: =VLOOKUP(Tabla3[[#This Row],[Site]],'Important Info!'!$A$1:$J$135,9,FALSE) -> 196
...

Sheet Important Info!
A1: SITES | B1: GATES | C1: ENTRANCES | D1: LPR GATES | E1: PTZ | F1: IMPORTANT CAMERAS | G1: BLIND SPOT | H1: NOTES | I1: ID | J1: SIG TOOLS
A2: (AS) Atwell Prep Center-Dallas (NO TOURS) | B2: 4, 6, 7 | C2: - | D2: - | E2: - | F2: 1, 2 | G2: - | H2: - | I2: 165 | J2: ="https://tools.sig.systems/site/details/" & Table3[[#This Row],[ID]] -> https://tools.sig.systems/site/details/165
A3: (AS) Audi of North Atlanta (NO TOURS) | B3: 1, 5, 16, 54 | C3: - | D3: - | E3: 3, 16 | F3: 2, 5, 6 | G3: - | H3: - | I3: 124 | J3: ="https://tools.sig.systems/site/details/" & Table3[[#This Row],[ID]] -> https://tools.sig.systems/site/details/124
A4: (AS) Bill Estes Ford (NO TOURS) | B4: - | C4: 2, 3, 13, 16 | D4: - | E4: 1, 10, 14, 19 | F4: 7, 8, 9, 10, 11, 12, 14 | G4: - | H4: - | I4: 125 | J4: ="https://tools.sig.systems/site/details/" & Table3[[#This Row],[ID]] -> https://tools.sig.systems/site/details/125
A5: (AS) Coggin Acura Ft Pierce (NO TOURS) | B5: - | C5: 6 | D5: - | E5: 4, 6 | F5: 1 | G5: - | H5: - | I5: 118 | J5: ="https://tools.sig.systems/site/details/" & Table3[[#This Row],[ID]] -> https://tools.sig.systems/site/details/118
A6: (AS) Coggin Honda Ft. Pierce (NO TOURS) | B6: 1, 2, 3, 4, 14 | C6: - | D6: - | E6: 7, 11, 15 | F6: 3 | G6: - | H6: - | I6: 120 | J6: ="https://tools.sig.systems/site/details/" & Table3[[#This Row],[ID]] -> https://tools.sig.systems/site/details/120
A7: (AS) Coggin Mercedes Benz Ft Pierce (NO TOURS) | B7: 18 | C7: 1, 3 | D7: - | E7: 6, 10, 13 | F7: 1, 4, 5 | G7: - | H7: - | I7: 127 | J7: ="https://tools.sig.systems/site/details/" & Table3[[#This Row],[ID]] -> https://tools.sig.systems/site/details/127
A8: (AS) Courtesy CDJR of Brandon (NO TOURS) | B8: 1, 14, 15 | C8: 1 | D8: - | E8: 2, 12 | F8: 1, 2, 3, 4, 14, 15, 21, 25 | G8: - | H8: - | I8: 126 | J8: ="https://tools.sig.systems/site/details/" & Table3[[#This Row],[ID]] -> https://tools.sig.systems/site/details/126
A9: (AS) Courtesy Honda Palm Harbor (NO TOURS) | B9: 2 | C9: - | D9: - | E9: 4, 8, 21 | F9: 10 | G9: - | H9: - | I9: 176 | J9: ="https://tools.sig.systems/site/details/" & Table3[[#This Row],[ID]] -> https://tools.sig.systems/site/details/176
A10: (AS) Courtesy Hyundai/Nissan Tampa (NO TOURS) | B10: 1, 16, 25, 27, 32 | C10: - | D10: - | E10: 4, 10, 16 | F10: 24, 25, 26 & Remote Lots | G10: - | H10: - | I10: 128 | J10: ="https://tools.sig.systems/site/details/" & Table3[[#This Row],[ID]] -> https://tools.sig.systems/site/details/128
A11: (AS) Courtesy Kia of Brandon (NO TOURS) | B11: - | C11: 4, 8 | D11: - | E11: 3, 11, 20, 24 | F11: 2, 8 | G11: - | H11: - | I11: 121 | J11: ="https://tools.sig.systems/site/details/" & Table3[[#This Row],[ID]] -> https://tools.sig.systems/site/details/121
A12: (AS) David McDavid Honda I & II (NO TOURS) | B12: - | C12: 3, 19, 23, 32, 35 | D12: - | E12: 2, 6, 9, 19, 25, 30, 48 | F12: 25, 26, 35, 36, 37 | G12: - | H12: - | I12: 129 | J12: ="https://tools.sig.systems/site/details/" & Table3[[#This Row],[ID]] -> https://tools.sig.systems/site/details/129
A13: (AS) David McDavid Lincoln Frisco (NO TOURS) | B13: 1, 2, 11 | C13: - | D13: - | E13: 11, 16, 20 | F13: 11, 12, 13, 14 | G13: - | H13: - | I13: 182 | J13: ="https://tools.sig.systems/site/details/" & Table3[[#This Row],[ID]] -> https://tools.sig.systems/site/details/182
A14: (AS) Lexus Grapevine I & II (NO TOURS) | B14: 4, 10, 14, 18, 33 | C14: - | D14: 81, 82, 83 | E14: 4, 12, 15, 20, 30 | F14: 10 | G14: - | H14: - | I14: 136 | J14: ="https://tools.sig.systems/site/details/" & Table3[[#This Row],[ID]] -> https://tools.sig.systems/site/details/136
A15: (AS) Lexus Plano I & II (NO TOURS) | B15: 5, 9 | C15: - | D15: 101, 102, 103, 104 | E15: 4, 10, 28 | F15: 5, 9, 16 | G15: - | H15: - | I15: 167 | J15: ="https://tools.sig.systems/site/details/" & Table3[[#This Row],[ID]] -> https://tools.sig.systems/site/details/167
A16: (AS) Lexus Smyrna (NO TOURS) | B16: 2, 6, 10 | C16: - | D16: - | E16: 3, 5, 10, 15 | F16: 10, 11 | G16: - | H16: - | I16: 133 | J16: ="https://tools.sig.systems/site/details/" & Table3[[#This Row],[ID]] -> https://tools.sig.systems/site/details/133
A17: (AS) Mercedes Benz/Porsche Dallas I,II,III (NO TOURS) | B17: 3, 4, 17, 26, 41 | C17: - | D17: 153, 154, 155, 156, 157, 158 | E17: 2, 6, 10, 20, 28, 30, 36 | F17: 31, 41, 159 | G17: - | H17: - | I17: 168 | J17: ="https://tools.sig.systems/site/details/" & Table3[[#This Row],[ID]] -> https://tools.sig.systems/site/details/168
A18: (WAG) Greeley Chrysler Dodge Jeep Ram (NO TOURS) | B18: 17, 23 & 18 | C18: 4, 5, 6, 7, 8, 51, 55 | D18: - | E18: 3, 13, 17, 49, 53, 59 | F18: 8, 9, 10, 51, 62 | G18: - | H18: - | I18: 130 | J18: ="https://tools.sig.systems/site/details/" & Table3[[#This Row],[ID]] -> https://tools.sig.systems/site/details/130
A19: (AS) Mike Shaw Subaru Greeley (NO TOURS) | B19: 16, 17 | C19: 10 | D19: - | E19: 1, 7 | F19: - | G19: - | H19: - | I19: 174 | J19: ="https://tools.sig.systems/site/details/" & Table3[[#This Row],[ID]] -> https://tools.sig.systems/site/details/174
A20: (AS) Nalley BMW Collision Center (NO TOURS) | B20: - | C20: 4 | D20: - | E20: 12 | F20: 13, 15 | G20: - | H20: - | I20: 220 | J20: ="https://tools.sig.systems/site/details/" & Table3[[#This Row],[ID]] -> https://tools.sig.systems/site/details/220
A21: (AS) Nalley Lexus & Remote Lot Roswell (NO TOURS) | B21: 6, 13 | C21: 4 | D21: 1 | E21: 1, 8, 19 | F21: 4, 20 | G21: - | H21: Dealership 11PM to 5AM (Mon to Fri). Sunday Drop Time 1PM | I21: 131 | J21: ="https://tools.sig.systems/site/details/" & Table3[[#This Row],[ID]] -> https://tools.sig.systems/site/details/131
A22: (AS) Nalley Luxury Collision Center (NO TOURS) | B22: 6, 13 | C22: - | D22: - | E22: - | F22: 6, 7, 12 | G22: - | H22: - | I22: 263 | J22: ="https://tools.sig.systems/site/details/" & Table3[[#This Row],[ID]] -> https://tools.sig.systems/site/details/263
A23: (AS) Park Place Acura (NO TOURS) | B23: 1, 2, 14, 16 | C23: - | D23: - | E23: 1, 7, 13 | F23: - | G23: - | H23: - | I23: 259 | J23: ="https://tools.sig.systems/site/details/" & Table3[[#This Row],[ID]] -> https://tools.sig.systems/site/details/259
A24: (AS) Park Place Bodywerks Dallas (NO TOURS) | B24: 3 | C24: 1 | D24: - | E24: - | F24: 1, 2, 8 | G24: - | H24: - | I24: 166 | J24: ="https://tools.sig.systems/site/details/" & Table3[[#This Row],[ID]] -> https://tools.sig.systems/site/details/166
A25: (AS) Park Place Bodywerks Ft. Worth (NO TOURS) | B25: 2, 3, RemoteLot5, RemoteLot9 | C25: - | D25: - | E25: 1, 7, RL1, RL5, RL9 | F25: 3, 4, 15 | G25: - | H25: - | I25: 134 | J25: ="https://tools.sig.systems/site/details/" & Table3[[#This Row],[ID]] -> https://tools.sig.systems/site/details/134
A26: (AS) Park Place JLR DFW Airport (NO TOURS) | B26: 6, 7, 18 | C26: 70, 79, 80 | D26: 83, 84 | E26: 3, 8, 14, 81 | F26: 6 | G26: - | H26: - | I26: 135 | J26: ="https://tools.sig.systems/site/details/" & Table3[[#This Row],[ID]] -> https://tools.sig.systems/site/details/135
A27: (AS) Park Place MB Recon Center Dallas (NO TOURS) | B27: 3, 39 | C27: - | D27: - | E27: 4, 11 | F27: 1 | G27: - | H27: - | I27: 170 | J27: ="https://tools.sig.systems/site/details/" & Table3[[#This Row],[ID]] -> https://tools.sig.systems/site/details/170
A28: (AS) Park Place Mercedes Benz Arlington (NO TOURS) | B28: 1, 9, 14 | C28: - | D28: 77, 78, 79, 80 | E28: 2, 10, 18, 22, 31, 40 | F28: 9 | G28: - | H28: - | I28: 169 | J28: ="https://tools.sig.systems/site/details/" & Table3[[#This Row],[ID]] -> https://tools.sig.systems/site/details/169
A29: (AS) Park Place Mercedes Benz Ft. Worth (NO TOURS) | B29: 4, 18 | C29: - | D29: 54, 55 | E29: 2, 18 | F29: 5, 18 | G29: - | H29: - | I29: 137 | J29: ="https://tools.sig.systems/site/details/" & Table3[[#This Row],[ID]] -> https://tools.sig.systems/site/details/137
A30: (AS) Park Place Sprinter Van Center (NO TOURS) | B30: 1 | C30: - | D30: - | E30: - | F30: 1, 3 | G30: - | H30: - | I30: 138 | J30: ="https://tools.sig.systems/site/details/" & Table3[[#This Row],[ID]] -> https://tools.sig.systems/site/details/138
A31: (AS) Park Place Volvo Sales (NO TOURS) | B31: 4, 6, 9, 11 | C31: - | D31: - | E31: 2, 9 | F31: 4, 10, 11 | G31: - | H31: - | I31: 139 | J31: ="https://tools.sig.systems/site/details/" & Table3[[#This Row],[ID]] -> https://tools.sig.systems/site/details/139
A32: (AS) Park Place Volvo Service Center (NO TOURS) | B32: 3, 6, 9, 27, 31, 35 | C32: - | D32: - | E32: 27, 32 | F32: - | G32: - | H32: - | I32: 171 | J32: ="https://tools.sig.systems/site/details/" & Table3[[#This Row],[ID]] -> https://tools.sig.systems/site/details/171
A33: (AS) Plano Auction (NO SPEAKERS) | B33: - | C33: 3, 4, 19 | D33: - | E33: 5, 19 | F33: 21 | G33: - | H33: - | I33: 140 | J33: ="https://tools.sig.systems/site/details/" & Table3[[#This Row],[ID]] -> https://tools.sig.systems/site/details/140
A34: (AS) Plaza Audi/Infiniti (NO TOURS) | B34: 7, 25 | C34: 15, 17, 18 | D34: - | E34: 1, 24 | F34: 3, 15, 17 | G34: - | H34: - | I34: 141 | J34: ="https://tools.sig.systems/site/details/" & Table3[[#This Row],[ID]] -> https://tools.sig.systems/site/details/141
A35: (AS) Plaza Lexus/Mercedes/BMW (NO TOURS) | B35: 3, 4, 18 | C35: 9, 10, 12, 13, 16, 17 | D35: - | E35: 2 | F35: 2, 16 | G35: - | H35: - | I35: 141 | J35: ="https://tools.sig.systems/site/details/" & Table3[[#This Row],[ID]] -> https://tools.sig.systems/site/details/141
A36: (AS) Stevinson Chevrolet Golden (NO TOURS) | B36: - | C36: 1, 19 | D36: - | E36: 14, 30 | F36: 14, 33, 34, 35, 36 | G36: - | H36: - | I36: 264 | J36: ="https://tools.sig.systems/site/details/" & Table3[[#This Row],[ID]] -> https://tools.sig.systems/site/details/264
A37: (AS) Stevinson JLR (NO TOURS) | B37: 5 | C37: 4 | D37: - | E37: 3 | F37: 1, 4, 15, 16 | G37: - | H37: - | I37: 204 | J37: ="https://tools.sig.systems/site/details/" & Table3[[#This Row],[ID]] -> https://tools.sig.systems/site/details/204
A38: (AS) Stevinson Lexus of Lakewood (NO TOURS) | B38: - | C38: 2, 10 | D38: 9, 17 | E38: - | F38: 1, 2 | G38: - | H38: - | I38: 260 | J38: ="https://tools.sig.systems/site/details/" & Table3[[#This Row],[ID]] -> https://tools.sig.systems/site/details/260
A39: (AS) Stevinson Porsche of Littleton (NO TOURS) | B39: 3, 4 | C39: 2 | D39: - | E39: - | F39: 3, 4 | G39: - | H39: - | I39: 242 | J39: ="https://tools.sig.systems/site/details/" & Table3[[#This Row],[ID]] -> https://tools.sig.systems/site/details/242
A40: (AS) Stevinson Toyota West (NO TOURS) | B40: - | C40: 7, 18, 21 | D40: - | E40: 11, 24, 34 | F40: 1, 2, 3, 12 | G40: - | H40: - | I40: 240 | J40: ="https://tools.sig.systems/site/details/" & Table3[[#This Row],[ID]] -> https://tools.sig.systems/site/details/240
A41: (BRL) Shoemakersville | B41: - | C41: 8, 11 | D41: - | E41: 1, 6, 13A, 15, 18A | F41: 13B, 23 | G41: - | H41: - | I41: 302 | J41: ="https://tools.sig.systems/site/details/" & Table3[[#This Row],[ID]] -> https://tools.sig.systems/site/details/302
A42: (DT) Albuquerque | B42: 14, 16 | C42: - | D42: - | E42: 14, 15 | F42: 12, 14, 16 | G42: - | H42: - | I42: 237 | J42: ="https://tools.sig.systems/site/details/" & Table3[[#This Row],[ID]] -> https://tools.sig.systems/site/details/237
A43: (DT) Arlington | B43: 8 | C43: 3 | D43: - | E43: - | F43: 3, 8, 9 | G43: - | H43: - | I43: 199 | J43: ="https://tools.sig.systems/site/details/" & Table3[[#This Row],[ID]] -> https://tools.sig.systems/site/details/199
A44: (DT) Colorado Springs (NO TOURS) | B44: - | C44: 1, 2, 3, 4 | D44: - | E44: - | F44: 1, 2, 3, 11 | G44: - | H44: - | I44: 198 | J44: ="https://tools.sig.systems/site/details/" & Table3[[#This Row],[ID]] -> https://tools.sig.systems/site/details/198
A45: (DT) Denver (NO TOURS) | B45: - | C45: 7, 8 | D45: - | E45: - | F45: 7, 8 | G45: - | H45: - | I45: 203 | J45: ="https://tools.sig.systems/site/details/" & Table3[[#This Row],[ID]] -> https://tools.sig.systems/site/details/203
A46: (DT) El Cajon (NO TOURS) | B46: - | C46: 3 | D46: - | E46: - | F46: - | G46: - | H46: - | I46: 241 | J46: ="https://tools.sig.systems/site/details/" & Table3[[#This Row],[ID]] -> https://tools.sig.systems/site/details/241
A47: (DT) Escondido | B47: 1, 2 | C47: - | D47: - | E47: - | F47: 5, 7, 8 | G47: - | H47: Saturday Drop Time 9:00 A.M. | I47: 196 | J47: ="https://tools.sig.systems/site/details/" & Table3[[#This Row],[ID]] -> https://tools.sig.systems/site/details/196
A48: (DT) Louisville | B48: - | C48: 3 | D48: - | E48: - | F48: 3, 8 | G48: - | H48: - | I48: 258 | J48: ="https://tools.sig.systems/site/details/" & Table3[[#This Row],[ID]] -> https://tools.sig.systems/site/details/258
A49: (DT) Modesto | B49: 10 | C49: 5, 6 | D49: - | E49: - | F49: 2, 3, 5, 10 | G49: - | H49: - | I49: 267 | J49: ="https://tools.sig.systems/site/details/" & Table3[[#This Row],[ID]] -> https://tools.sig.systems/site/details/267
A50: (DT) N. Houston | B50: 2, 10, 18 | C50: - | D50: - | E50: 15 | F50: 2, 4, 18 | G50: - | H50: - | I50: 250 | J50: ="https://tools.sig.systems/site/details/" & Table3[[#This Row],[ID]] -> https://tools.sig.systems/site/details/250
A51: (DT) W Houston | B51: 7 | C51: 2 | D51: - | E51: 14 | F51: 2, 3, 7, 10 | G51: - | H51: - | I51: 197 | J51: ="https://tools.sig.systems/site/details/" & Table3[[#This Row],[ID]] -> https://tools.sig.systems/site/details/197
A52: (DT) Wichita | B52: - | C52: 10, 11 | D52: - | E52: - | F52: 1, 5, 6, 10 | G52: - | H52: - | I52: 257 | J52: ="https://tools.sig.systems/site/details/" & Table3[[#This Row],[ID]] -> https://tools.sig.systems/site/details/257
A53: (HUD) Acura of Greensboro | B53: 1, 2, 6, 7, 9 | C53: - | D53: - | E53: 2, 5 | F53: 1, 2, 6, 7, 9, 18 | G53: - | H53: - | I53: 213 | J53: ="https://tools.sig.systems/site/details/" & Table3[[#This Row],[ID]] -> https://tools.sig.systems/site/details/213
A54: (HUD) BMW of Greensboro | B54: 2, 20, 21 | C54: - | D54: - | E54: 12, 17 | F54: 1, 2, 6, 20 | G54: 3 & 4 (under canopy) | H54: - | I54: 219 | J54: ="https://tools.sig.systems/site/details/" & Table3[[#This Row],[ID]] -> https://tools.sig.systems/site/details/219
A55: (HUD) CDJR of Greensboro | B55: 2, 12 | C55: - | D55: - | E55: 3, 13 | F55: 1, 17 | G55: Between cameras 11 & 12 / 14 (dark) | H55: - | I55: 215 | J55: ="https://tools.sig.systems/site/details/" & Table3[[#This Row],[ID]] -> https://tools.sig.systems/site/details/215
A56: (HUD) Honda Greensboro | B56: 1, 3, 15, 16, 22 | C56: - | D56: - | E56: 3, 20 | F56: 26 | G56: - | H56: - | I56: 230 | J56: ="https://tools.sig.systems/site/details/" & Table3[[#This Row],[ID]] -> https://tools.sig.systems/site/details/230
A57: (HUD) Honda of Southpoint | B57: 2, 12, 18 | C57: 13 | D57: - | E57: 2, 15 | F57: - | G57: - | H57: - | I57: 195 | J57: ="https://tools.sig.systems/site/details/" & Table3[[#This Row],[ID]] -> https://tools.sig.systems/site/details/195
A58: (HUD) Nissan Greensboro | B58: 1, 5, 12 | C58: - | D58: - | E58: - | F58: 4 | G58: - | H58: - | I58: 236 | J58: ="https://tools.sig.systems/site/details/" & Table3[[#This Row],[ID]] -> https://tools.sig.systems/site/details/236
A59: (HUD) Paint and Body Center (NO TOURS) | B59: - | C59: 1 | D59: - | E59: - | F59: - | G59: - | H59: - | I59: 256 | J59: ="https://tools.sig.systems/site/details/" & Table3[[#This Row],[ID]] -> https://tools.sig.systems/site/details/256
A60: (JE) Jim Ellis Ford Sandy Springs | B60: 1, 5 | C60: - | D60: - | E60: 1, 5, 9, 26 | F60: 3, 4, 8, 28 | G60: - | H60: - | I60: 142 | J60: ="https://tools.sig.systems/site/details/" & Table3[[#This Row],[ID]] -> https://tools.sig.systems/site/details/142
A61: (KG) Baytown GMC Buick - Remote Lot (NO TOURS) | B61: - | C61: 7, 8 | D61: - | E61: - | F61: - | G61: - | H61: - | I61: 311 | J61: ="https://tools.sig.systems/site/details/" & Table3[[#This Row],[ID]] -> https://tools.sig.systems/site/details/311
A62: (KG) Baytown GMC Buick (NO TOURS) | B62: 1, 5, 7, 21, 22 | C62: - | D62: - | E62: 2, 10, 15, 24B | F62: 21, 22 | G62: - | H62: - | I62: 239 | J62: ="https://tools.sig.systems/site/details/" & Table3[[#This Row],[ID]] -> https://tools.sig.systems/site/details/239
A63: (KG) Big Star Cadillac | B63: 1, 4, 16 | C63: - | D63: - | E63: - | F63: 15, 16, 19, 20 | G63: - | H63: - | I63: 316 | J63: ="https://tools.sig.systems/site/details/" & Table3[[#This Row],[ID]] -> https://tools.sig.systems/site/details/316
A64: (KG) Big Star CDJR of Clear Lake | B64: 8, 25 | C64: - | D64: - | E64: 7, 13, 19, 24 | F64: 6, 8, 25, 31 | G64: - | H64: - | I64: 232 | J64: ="https://tools.sig.systems/site/details/" & Table3[[#This Row],[ID]] -> https://tools.sig.systems/site/details/232
A65: (KG) Big Star Ford | B65: 4, 22, 32, 33 | C65: - | D65: - | E65: 1, 5, 12, 21 | F65: 22 | G65: - | H65: - | I65: 235 | J65: ="https://tools.sig.systems/site/details/" & Table3[[#This Row],[ID]] -> https://tools.sig.systems/site/details/235
A66: (KG) Big Star Honda | B66: 2, 17, 33 | C66: - | D66: - | E66: 3, 11, 16, 21, 24, 31, 34 | F66: 2, 3, 17, 22, 37, 41, 42 | G66: - | H66: - | I66: 231 | J66: ="https://tools.sig.systems/site/details/" & Table3[[#This Row],[ID]] -> https://tools.sig.systems/site/details/231
A67: (KG) Clear Lake Pre-Owned | B67: 3, 5 | C67: - | D67: - | E67: 4, 10, 22 | F67: 8, 15, 20 | G67: - | H67: - | I67: 255 | J67: ="https://tools.sig.systems/site/details/" & Table3[[#This Row],[ID]] -> https://tools.sig.systems/site/details/255
A68: (KG) Hyundai Surprise | B68: 1, 6, 7 | C68: - | D68: - | E68: 6, 13 | F68: - | G68: - | H68: - | I68: 269 | J68: ="https://tools.sig.systems/site/details/" & Table3[[#This Row],[ID]] -> https://tools.sig.systems/site/details/269
A69: (KG) JLR LEHI (NO TOURS) | B69: 1, 11 | C69: - | D69: - | E69: 1, 7, 11 | F69: - | G69: - | H69: - | I69: 145 | J69: ="https://tools.sig.systems/site/details/" & Table3[[#This Row],[ID]] -> https://tools.sig.systems/site/details/145
A70: (KG) Kia of Phoenix (NO TOURS) | B70: 5, 8, 23 | C70: - | D70: - | E70: 4 | F70: - | G70: - | H70: - | I70: 262 | J70: ="https://tools.sig.systems/site/details/" & Table3[[#This Row],[ID]] -> https://tools.sig.systems/site/details/262
A71: (KG) Texan CDJR | B71: 11, 12, 13, 14, 20, 32, 34, 36, 77 | C71: - | D71: 67, 68, 69, 70 | E71: 2, 10, 14, 25, 29, 35, 38 | F71: 36, 46 | G71: - | H71: - | I71: 238 | J71: ="https://tools.sig.systems/site/details/" & Table3[[#This Row],[ID]] -> https://tools.sig.systems/site/details/238
A72: (KG) Texan GMC Buick (NO TOURS) | B72: 1, 20, 53 | C72: - | D72: - | E72: 2, 8, 14 | F72: 51, 52, 16 | G72: - | H72: - | I72: 225 | J72: ="https://tools.sig.systems/site/details/" & Table3[[#This Row],[ID]] -> https://tools.sig.systems/site/details/225
A73: (KG) Truck Center Remote Storage Lot | B73: 4, A23, A49 | C73: 5, 24 | D73: - | E73: 1, 7, 11, 15, 19, 24, 25 | F73: 9, 20, 24, A49 | G73: - | H73: - | I73: 144 | J73: ="https://tools.sig.systems/site/details/" & Table3[[#This Row],[ID]] -> https://tools.sig.systems/site/details/144
A74: (KT) Northwest CDJR (NO TOURS) | B74: 1, 3, 11, 25 | C74: - | D74: - | E74: 4, 12, 18 | F74: - | G74: - | H74: - | I74: 229 | J74: ="https://tools.sig.systems/site/details/" & Table3[[#This Row],[ID]] -> https://tools.sig.systems/site/details/229
A75: (LM) Luther Mazda / Mitsubishi | B75: 4, 5, 6 | C75: - | D75: 1, 2 | E75: - | F75: 13, 14, 15, 16 | G75: - | H75: - | I75: 147 | J75: ="https://tools.sig.systems/site/details/" & Table3[[#This Row],[ID]] -> https://tools.sig.systems/site/details/147
A76: (LT) Bloomington Subaru - Acura | B76: - | C76: 4, 5, 8, 33, 35 | D76: 4, 35 | E76: - | F76: - | G76: - | H76: - | I76: 289 | J76: ="https://tools.sig.systems/site/details/" & Table3[[#This Row],[ID]] -> https://tools.sig.systems/site/details/289
A77: (LT) Brookdale Honda | B77: - | C77: 1, 7, 21, 29 | D77: - | E77: 2, 10, 19 | F77: - | G77: - | H77: - | I77: 280 | J77: ="https://tools.sig.systems/site/details/" & Table3[[#This Row],[ID]] -> https://tools.sig.systems/site/details/280
A78: (LT) Brookdale Toyota | B78: - | C78: 5, 6 | D78: 29 | E78: 20 | F78: - | G78: - | H78: - | I78: 281 | J78: ="https://tools.sig.systems/site/details/" & Table3[[#This Row],[ID]] -> https://tools.sig.systems/site/details/281
A79: (LT) Hopkins Honda | B79: - | C79: 9, 36 | D79: 38, 39, 96 | E79: 3, 26 | F79: - | G79: - | H79: - | I79: 288 | J79: ="https://tools.sig.systems/site/details/" & Table3[[#This Row],[ID]] -> https://tools.sig.systems/site/details/288
A80: (LT) North Country Ford | B80: - | C80: 14, 19 | D80: 30, 31, 32 | E80: - | F80: - | G80: - | H80: - | I80: 292 | J80: ="https://tools.sig.systems/site/details/" & Table3[[#This Row],[ID]] -> https://tools.sig.systems/site/details/292
A81: (LT) St Cloud Subaru | B81: 25 | C81: 13, 20 | D81: 39, 40, 41 | E81: 27 | F81: - | G81: - | H81: - | I81: 295 | J81: ="https://tools.sig.systems/site/details/" & Table3[[#This Row],[ID]] -> https://tools.sig.systems/site/details/295
A82: (MK) McKenny Salinas Honda | B82: - | C82: 12, 16 | D82: - | E82: - | F82: 3, 4, 5, 6, 16 | G82: Between cameras 6 & 7 | H82: - | I82: 149 | J82: ="https://tools.sig.systems/site/details/" & Table3[[#This Row],[ID]] -> https://tools.sig.systems/site/details/149
A83: (ML) BMW of Little Rock | B83: - | C83: 14 | D83: - | E83: - | F83: 5, 6, 7, 8, 9, 32 | G83: - | H83: - | I83: 217 | J83: ="https://tools.sig.systems/site/details/" & Table3[[#This Row],[ID]] -> https://tools.sig.systems/site/details/217
A84: (ML) Collision Center N Little Rock | B84: - | C84: - | D84: - | E84: - | F84: 1, 3, 7, 8 | G84: - | H84: - | I84: 212 | J84: ="https://tools.sig.systems/site/details/" & Table3[[#This Row],[ID]] -> https://tools.sig.systems/site/details/212
A85: (ML) Columbia Honda (NO TOURS) | B85: - | C85: 9, 19, 20 | D85: - | E85: 10, 17, 19 | F85: 3, 4, 5 | G85: - | H85: - | I85: 272 | J85: ="https://tools.sig.systems/site/details/" & Table3[[#This Row],[ID]] -> https://tools.sig.systems/site/details/272
A86: (ML) Ford Lincoln of North Little Rock | B86: 4, 15, 18, 67, 74 | C86: 13 | D86: - | E86: 4, 11, 16, 28 | F86: 10, 11, 12 | G86: - | H86: - | I86: 214 | J86: ="https://tools.sig.systems/site/details/" & Table3[[#This Row],[ID]] -> https://tools.sig.systems/site/details/214
A87: (ML) Honda of Little Rock | B87: 1, 4, 9, 14, 21 | C87: - | D87: - | E87: 4, 14, 21 | F87: 11, 12 | G87: - | H87: - | I87: 249 | J87: ="https://tools.sig.systems/site/details/" & Table3[[#This Row],[ID]] -> https://tools.sig.systems/site/details/249
A88: (ML) Joe Machens Capital City I & II (NO TOURS) | B88: - | C88: 1, 3, 4, 20, 25, 27, 28 | D88: - | E88: 29 | F88: 19, 20 | G88: - | H88: - | I88: 271 | J88: ="https://tools.sig.systems/site/details/" & Table3[[#This Row],[ID]] -> https://tools.sig.systems/site/details/271
A89: (ML) Joe Machens CDJR | B89: - | C89: 3 | D89: - | E89: - | F89: 1, 2, 3, | G89: - | H89: - | I89: 273 | J89: ="https://tools.sig.systems/site/details/" & Table3[[#This Row],[ID]] -> https://tools.sig.systems/site/details/273
A90: (ML) Joe Machens E Collision Center | B90: 1 | C90: - | D90: - | E90: 5 | F90: 1, 2, 3, 4 | G90: - | H90: - | I90: 277 | J90: ="https://tools.sig.systems/site/details/" & Table3[[#This Row],[ID]] -> https://tools.sig.systems/site/details/277
A91: (ML) Joe Machens Ford Lincoln I & II | B91: - | C91: 4, 6, 9, 13, 14, 17, 26, 27, 28, 29, 30 | D91: - | E91: 23, 40, 49 | F91: - | G91: - | H91: - | I91: 266 | J91: ="https://tools.sig.systems/site/details/" & Table3[[#This Row],[ID]] -> https://tools.sig.systems/site/details/266
A92: (ML) Joe Machens Kia of Columbia | B92: - | C92: 1, 2, 5, 6, 9, 13, 15 | D92: - | E92: - | F92: 10, 11, 13 | G92: - | H92: - | I92: 270 | J92: ="https://tools.sig.systems/site/details/" & Table3[[#This Row],[ID]] -> https://tools.sig.systems/site/details/270
A93: (ML) Joe Machens Nissan | B93: - | C93: 1, 3, 16 | D93: - | E93: - | F93: - | G93: - | H93: - | I93: 279 | J93: ="https://tools.sig.systems/site/details/" & Table3[[#This Row],[ID]] -> https://tools.sig.systems/site/details/279
A94: (ML) Joe Machens Temporary 2.0 | B94: - | C94: 1, 11, 14, 15, 16 | D94: - | E94: 13 | F94: - | G94: - | H94: - | I94: 278 | J94: ="https://tools.sig.systems/site/details/" & Table3[[#This Row],[ID]] -> https://tools.sig.systems/site/details/278
A95: (ML) Joe Machens Toyota | B95: - | C95: 1, 4, 6 | D95: - | E95: 4, 10 | F95: - | G95: - | H95: - | I95: 275 | J95: ="https://tools.sig.systems/site/details/" & Table3[[#This Row],[ID]] -> https://tools.sig.systems/site/details/275
A96: (ML) Joe Machens VW | B96: - | C96: 1, 11, 18 | D96: - | E96: 17 | F96: - | G96: - | H96: - | I96: 274 | J96: ="https://tools.sig.systems/site/details/" & Table3[[#This Row],[ID]] -> https://tools.sig.systems/site/details/274
A97: (ML) Mazda VW-Lot B | B97: 9, 14, 16 | C97: 1 | D97: - | E97: 4 | F97: - | G97: - | H97: - | I97: 205 | J97: ="https://tools.sig.systems/site/details/" & Table3[[#This Row],[ID]] -> https://tools.sig.systems/site/details/205
A98: (ML) McLarty Gray-Daniels Ford Lincoln | B98: 16 | C98: 5, 10, 36, 38, 54, 58B | D98: - | E98: 5, 17, 37 | F98: 1, 2, 3, 4 | G98: - | H98: - | I98: 151 | J98: ="https://tools.sig.systems/site/details/" & Table3[[#This Row],[ID]] -> https://tools.sig.systems/site/details/151
A99: (ML) McLarty Gray-Daniels Toyota Nissan | B99: - | C99: 8, 11, 39, 43 | D99: - | E99: 6, 11, 15, 18 | F99: 7, 8, 9 | G99: - | H99: - | I99: 152 | J99: ="https://tools.sig.systems/site/details/" & Table3[[#This Row],[ID]] -> https://tools.sig.systems/site/details/152
A100: (ML) McLarty-Gray Daniels Chevrolet | B100: 3, 4, 5, 22, 24, 26, 28, 36 | C100: - | D100: - | E100: 4, 7, 12, 26 | F100: 1, 3, 5, 6, 23, 24 | G100: - | H100: - | I100: 150 | J100: ="https://tools.sig.systems/site/details/" & Table3[[#This Row],[ID]] -> https://tools.sig.systems/site/details/150
...

Sheet H.A. Dynamic Split
A1: High Alert Split-High Alert Station-Operator Station | M1: Changes: Split-Station: | V1: Alphabetical Order
V2: Site
G3: Searched Site | I3: Site | J3: (ML) McLarty Gray-Daniels Ford Lincoln | V3: (AS) Courtesy Honda Palm Harbor (NO TOURS)
V4: (AS) Park Place Bodywerks Dallas (NO TOURS)
G5: Its On: | I5: Station | J5: =+I5 -> Station | V5: (AS) Stevinson Porsche of Littleton (NO TOURS)
I6: 3 | J6: =I6 -> 3 | V6: (DT) N. Houston
V7: (JE) Jim Ellis Ford Sandy Springs
V8: (KG) Big Star Honda
V9: (ML) BMW of Little Rock
V10: (ML) Collision Center N Little Rock
G11: =+IF(D11="","",IFERROR(IF(#REF!="#N/D","Log Out",""),"Log Out")) | V11: (ML) Joe Machens Nissan
A12: H.A. Split | B12: H.A. Station | C12: Operators Split | V12: (PE) JLR Darien PDI (NO TOURS)
A13: H.A. 1 | B13: 1 | C13: 4
A15: Split | B15: Hour | C15: Sites | D15: Suma de Station | E15: Operator Station | F15: SIG Tools | H15: Hour | I15: Sites | J15: Drop time | K15: Time | L15: SUNDAY (D.T.) | M15: Sum of Station
A16: H.A. 1 | B16: 24 Hrs | C16: (KG) Truck Center Remote Storage Lot | D16: 1 | E16: =IFERROR(VLOOKUP(C16&'H.A. Dynamic Split'!$C$13,'Flat Base'!A2:C3241,3,0),"") -> 1 | F16: =IFERROR(HYPERLINK(VLOOKUP(C16,'Flat Base'!F:H,3,0),"SIG TOOLS"),"") -> SIG TOOLS | G16: =IFERROR(HYPERLINK(VLOOKUP(C16,'Flat Base'!F:I,4,0),"SITE MAP"),"") -> SITE MAP | H16: 24 Hrs | I16: (KG) Truck Center Remote Storage Lot | J16: N/A | K16: MT | L16: N/A | M16: 1
C17: Mario Residence | D17: 1 | E17: =IFERROR(VLOOKUP(C17&'H.A. Dynamic Split'!$C$13,'Flat Base'!A2:C3241,3,0),"") | F17: =IFERROR(HYPERLINK(VLOOKUP(C17,'Flat Base'!F:H,3,0),"SIG TOOLS"),"") | G17: =IFERROR(HYPERLINK(VLOOKUP(C17,'Flat Base'!F:I,4,0),"SITE MAP"),"") | I17: Mario Residence | J17: N/A | K17: ET | L17: N/A | M17: 1
C18: SIG Office | D18: 1 | E18: =IFERROR(VLOOKUP(C18&'H.A. Dynamic Split'!$C$13,'Flat Base'!A2:C2732,3,0),"") -> 3 | F18: =IFERROR(HYPERLINK(VLOOKUP(C18,'Flat Base'!F:H,3,0),"SIG TOOLS"),"") -> SIG TOOLS | G18: =IFERROR(HYPERLINK(VLOOKUP(C18,'Flat Base'!F:I,4,0),"SITE MAP"),"") -> SITE MAP | I18: SIG Office | J18: N/A | K18: ET | L18: N/A | M18: 1
C19: Lehigh Acres | D19: 1 | E19: =IFERROR(VLOOKUP(C19&'H.A. Dynamic Split'!$C$13,'Flat Base'!A2:C2733,3,0),"") | F19: =IFERROR(HYPERLINK(VLOOKUP(C19,'Flat Base'!F:H,3,0),"SIG TOOLS"),"") | G19: =IFERROR(HYPERLINK(VLOOKUP(C19,'Flat Base'!F:I,4,0),"SITE MAP"),"") | I19: Lehigh Acres | J19: N/A | K19: ET | L19: N/A | M19: 1
B20: 9:00 P.M. | C20: (AS) Bill Estes Ford (NO TOURS) | D20: 1 | E20: =IFERROR(VLOOKUP(C20&'H.A. Dynamic Split'!$C$13,'Flat Base'!A2:C2734,3,0),"") -> 3 | F20: =IFERROR(HYPERLINK(VLOOKUP(C20,'Flat Base'!F:H,3,0),"SIG TOOLS"),"") -> SIG TOOLS | G20: =IFERROR(HYPERLINK(VLOOKUP(C20,'Flat Base'!F:I,4,0),"SITE MAP"),"") -> SITE MAP | H20: 9:00 P.M. | I20: (AS) Bill Estes Ford (NO TOURS) | J20: 6:00 A.M. | K20: ET | L20: N/A | M20: 1
C21: (HUD) CDJR of Greensboro | D21: 1 | E21: =IFERROR(VLOOKUP(C21&'H.A. Dynamic Split'!$C$13,'Flat Base'!A2:C2735,3,0),"") -> 3 | F21: =IFERROR(HYPERLINK(VLOOKUP(C21,'Flat Base'!F:H,3,0),"SIG TOOLS"),"") -> SIG TOOLS | G21: =IFERROR(HYPERLINK(VLOOKUP(C21,'Flat Base'!F:I,4,0),"SITE MAP"),"") -> SITE MAP | I21: (HUD) CDJR of Greensboro | J21: 6:00 A.M. | K21: ET | L21: 11:00 A.M. | M21: 1
B22: 10:00 P.M. | C22: (ML) Joe Machens Ford Lincoln I & II | D22: 1 | E22: =IFERROR(VLOOKUP(C22&'H.A. Dynamic Split'!$C$13,'Flat Base'!A2:C2736,3,0),"") -> 3 | F22: =IFERROR(HYPERLINK(VLOOKUP(C22,'Flat Base'!F:H,3,0),"SIG TOOLS"),"") -> SIG TOOLS | G22: =IFERROR(HYPERLINK(VLOOKUP(C22,'Flat Base'!F:I,4,0),"SITE MAP"),"") -> SITE MAP | H22: 10:00 P.M. | I22: (ML) Joe Machens Ford Lincoln I & II | J22: 7:00 A.M. | K22: CT | L22: N/A | M22: 1
B23: 11:00 P.M. | C23: (KG) Big Star CDJR of Clear Lake | D23: 1 | E23: =IFERROR(VLOOKUP(C23&'H.A. Dynamic Split'!$C$13,'Flat Base'!A2:C2737,3,0),"") -> 4 | F23: =IFERROR(HYPERLINK(VLOOKUP(C23,'Flat Base'!F:H,3,0),"SIG TOOLS"),"") -> SIG TOOLS | G23: =IFERROR(HYPERLINK(VLOOKUP(C23,'Flat Base'!F:I,4,0),"SITE MAP"),"") -> SITE MAP | H23: 11:00 P.M. | I23: (KG) Big Star CDJR of Clear Lake | J23: 7:00 A.M. | K23: CT | L23: N/A | M23: 1
C24: (KG) Clear Lake Pre-Owned | D24: 1 | E24: =IFERROR(VLOOKUP(C24&'H.A. Dynamic Split'!$C$13,'Flat Base'!A2:C2738,3,0),"") -> 2 | F24: =IFERROR(HYPERLINK(VLOOKUP(C24,'Flat Base'!F:H,3,0),"SIG TOOLS"),"") -> SIG TOOLS | G24: =IFERROR(HYPERLINK(VLOOKUP(C24,'Flat Base'!F:I,4,0),"SITE MAP"),"") -> SITE MAP | I24: (KG) Clear Lake Pre-Owned | J24: 7:00 A.M. | K24: CT | L24: N/A | M24: 1
B25: 12:00 A.M. | C25: (RV) Toms Camperland Avondale (NO TOURS) | D25: 1 | E25: =IFERROR(VLOOKUP(C25&'H.A. Dynamic Split'!$C$13,'Flat Base'!A2:C2739,3,0),"") -> 1 | F25: =IFERROR(HYPERLINK(VLOOKUP(C25,'Flat Base'!F:H,3,0),"SIG TOOLS"),"") -> SIG TOOLS | G25: =IFERROR(HYPERLINK(VLOOKUP(C25,'Flat Base'!F:I,4,0),"SITE MAP"),"") -> SITE MAP | H25: 12:00 A.M. | I25: (RV) Toms Camperland Avondale (NO TOURS) | J25: 8:00 A.M. | K25: MT | L25: N/A | M25: 1
E26: =IFERROR(VLOOKUP(C26&'H.A. Dynamic Split'!$C$13,'Flat Base'!A2:C2740,3,0),"") | F26: =IFERROR(HYPERLINK(VLOOKUP(C26,'Flat Base'!F:H,3,0),"SIG TOOLS"),"") | G26: =IFERROR(HYPERLINK(VLOOKUP(C26,'Flat Base'!F:I,4,0),"SITE MAP"),"")
E27: =IFERROR(VLOOKUP(C27&'H.A. Dynamic Split'!$C$13,'Flat Base'!A2:C2741,3,0),"") | F27: =IFERROR(HYPERLINK(VLOOKUP(C27,'Flat Base'!F:H,3,0),"SIG TOOLS"),"") | G27: =IFERROR(HYPERLINK(VLOOKUP(C27,'Flat Base'!F:I,4,0),"SITE MAP"),"")
E28: =IFERROR(VLOOKUP(C28&'H.A. Dynamic Split'!$C$13,'Flat Base'!A2:C2742,3,0),"") | F28: =IFERROR(HYPERLINK(VLOOKUP(C28,'Flat Base'!F:H,3,0),"SIG TOOLS"),"") | G28: =IFERROR(HYPERLINK(VLOOKUP(C28,'Flat Base'!F:I,4,0),"SITE MAP"),"")
E29: =IFERROR(VLOOKUP(C29&'H.A. Dynamic Split'!$C$13,'Flat Base'!A2:C2743,3,0),"") | F29: =IFERROR(HYPERLINK(VLOOKUP(C29,'Flat Base'!F:H,3,0),"SIG TOOLS"),"") | G29: =IFERROR(HYPERLINK(VLOOKUP(C29,'Flat Base'!F:I,4,0),"SITE MAP"),"")
E30: =IFERROR(VLOOKUP(C30&'H.A. Dynamic Split'!$C$13,'Flat Base'!A2:C2744,3,0),"") | F30: =IFERROR(HYPERLINK(VLOOKUP(C30,'Flat Base'!F:H,3,0),"SIG TOOLS"),"") | G30: =IFERROR(HYPERLINK(VLOOKUP(C30,'Flat Base'!F:I,4,0),"SITE MAP"),"")
E31: =IFERROR(VLOOKUP(C31&'H.A. Dynamic Split'!$C$13,'Flat Base'!A2:C2732,3,0),"") | F31: =IFERROR(HYPERLINK(VLOOKUP(C31,'Flat Base'!F:H,3,0),"SIG TOOLS"),"") | G31: =IFERROR(HYPERLINK(VLOOKUP(C31,'Flat Base'!F:I,4,0),"SITE MAP"),"")
E32: =IFERROR(VLOOKUP(C32&'H.A. Dynamic Split'!$C$13,'Flat Base'!A2:C2733,3,0),"") | F32: =IFERROR(HYPERLINK(VLOOKUP(C32,'Flat Base'!F:H,3,0),"SIG TOOLS"),"") | G32: =IFERROR(HYPERLINK(VLOOKUP(C32,'Flat Base'!F:I,4,0),"SITE MAP"),"")
E33: =IFERROR(VLOOKUP(C33&'H.A. Dynamic Split'!$C$13,'Flat Base'!A2:C2733,3,0),"") | F33: =IFERROR(HYPERLINK(VLOOKUP(C33,'Flat Base'!F:H,3,0),"SIG TOOLS"),"") | G33: =IFERROR(HYPERLINK(VLOOKUP(C33,'Flat Base'!F:I,4,0),"SITE MAP"),"")
E34: =IFERROR(VLOOKUP(C34&'H.A. Dynamic Split'!$C$13,'Flat Base'!A2:C2730,3,0),"") | F34: =IFERROR(HYPERLINK(VLOOKUP(C34,'Flat Base'!F:H,3,0),"SIG TOOLS"),"") | G34: =IFERROR(HYPERLINK(VLOOKUP(C34,'Flat Base'!F:I,4,0),"SITE MAP"),"")
E35: =IFERROR(VLOOKUP(C35&'H.A. Dynamic Split'!$C$13,'Flat Base'!A2:C2730,3,0),"") | F35: =IFERROR(HYPERLINK(VLOOKUP(C35,'Flat Base'!F:H,3,0),"SIG TOOLS"),"") | G35: =IFERROR(HYPERLINK(VLOOKUP(C35,'Flat Base'!F:I,4,0),"SITE MAP"),"")
E36: =IFERROR(VLOOKUP(C36&'H.A. Dynamic Split'!$C$13,'Flat Base'!A2:C2730,3,0),"") | F36: =IFERROR(HYPERLINK(VLOOKUP(C36,'Flat Base'!F:H,3,0),"SIG TOOLS"),"") | G36: =IFERROR(HYPERLINK(VLOOKUP(C36,'Flat Base'!F:I,4,0),"SITE MAP"),"")
E37: =IFERROR(VLOOKUP(C37&'H.A. Dynamic Split'!$C$13,'Flat Base'!A2:C2730,3,0),"") | F37: =IFERROR(HYPERLINK(VLOOKUP(C37,'Flat Base'!F:H,3,0),"SIG TOOLS"),"") | G37: =IFERROR(HYPERLINK(VLOOKUP(C37,'Flat Base'!F:I,4,0),"SITE MAP"),"")
E38: =IFERROR(VLOOKUP(C38&'H.A. Dynamic Split'!$C$13,'Flat Base'!A2:C2730,3,0),"") | F38: =IFERROR(HYPERLINK(VLOOKUP(C38,'Flat Base'!F:H,3,0),"SIG TOOLS"),"") | G38: =IFERROR(HYPERLINK(VLOOKUP(C38,'Flat Base'!F:I,4,0),"SITE MAP"),"")
E39: =IFERROR(VLOOKUP(C39&'H.A. Dynamic Split'!$C$13,'Flat Base'!A2:C2730,3,0),"") | F39: =IFERROR(HYPERLINK(VLOOKUP(C39,'Flat Base'!F:H,3,0),"SIG TOOLS"),"") | G39: =IFERROR(HYPERLINK(VLOOKUP(C39,'Flat Base'!F:I,4,0),"SITE MAP"),"")
E40: =IFERROR(VLOOKUP(C40&'H.A. Dynamic Split'!$C$13,'Flat Base'!A2:C2730,3,0),"") | F40: =IFERROR(HYPERLINK(VLOOKUP(C40,'Flat Base'!F:H,3,0),"SIG TOOLS"),"") | G40: =IFERROR(HYPERLINK(VLOOKUP(C40,'Flat Base'!F:I,4,0),"SITE MAP"),"")
F41: =IFERROR(HYPERLINK(VLOOKUP(C41,'Flat Base'!F:H,3,0),"SIG TOOLS"),"") | G41: =IFERROR(HYPERLINK(VLOOKUP(C41,'Flat Base'!F:I,4,0),"SITE MAP"),"")
F42: =IFERROR(HYPERLINK(VLOOKUP(C42,'Flat Base'!F:H,3,0),"SIG TOOLS"),"") | G42: =IFERROR(HYPERLINK(VLOOKUP(C42,'Flat Base'!F:I,4,0),"SITE MAP"),"")
F43: =IFERROR(HYPERLINK(VLOOKUP(C43,'Flat Base'!F:H,3,0),"SIG TOOLS"),"") | G43: =IFERROR(HYPERLINK(VLOOKUP(C43,'Flat Base'!F:I,4,0),"SITE MAP"),"")
F44: =IFERROR(HYPERLINK(VLOOKUP(C44,'Flat Base'!F:H,3,0),"SIG TOOLS"),"") | G44: =IFERROR(HYPERLINK(VLOOKUP(C44,'Flat Base'!F:I,4,0),"SITE MAP"),"")
F45: =IFERROR(HYPERLINK(VLOOKUP(C45,'Flat Base'!F:H,3,0),"SIG TOOLS"),"") | G45: =IFERROR(HYPERLINK(VLOOKUP(C45,'Flat Base'!F:I,4,0),"SITE MAP"),"")
F46: =IFERROR(HYPERLINK(VLOOKUP(C46,'Flat Base'!F:H,3,0),"SIG TOOLS"),"") | G46: =IFERROR(HYPERLINK(VLOOKUP(C46,'Flat Base'!F:I,4,0),"SITE MAP"),"")
F47: =IFERROR(HYPERLINK(VLOOKUP(C47,'Flat Base'!F:H,3,0),"SIG TOOLS"),"") | G47: =IFERROR(HYPERLINK(VLOOKUP(C47,'Flat Base'!F:I,4,0),"SITE MAP"),"")
F48: =IFERROR(HYPERLINK(VLOOKUP(C48,'Flat Base'!F:H,3,0),"SIG TOOLS"),"") | G48: =IFERROR(HYPERLINK(VLOOKUP(C48,'Flat Base'!F:I,4,0),"SITE MAP"),"")
F49: =IFERROR(HYPERLINK(VLOOKUP(C49,'Flat Base'!F:H,3,0),"SIG TOOLS"),"") | G49: =IFERROR(HYPERLINK(VLOOKUP(C49,'Flat Base'!F:I,4,0),"SITE MAP"),"")
F50: =IFERROR(HYPERLINK(VLOOKUP(C50,'Flat Base'!F:H,3,0),"SIG TOOLS"),"") | G50: =IFERROR(HYPERLINK(VLOOKUP(C50,'Flat Base'!F:I,4,0),"SITE MAP"),"")
F51: =IFERROR(HYPERLINK(VLOOKUP(C51,'Flat Base'!F:H,3,0),"SIG TOOLS"),"") | G51: =IFERROR(HYPERLINK(VLOOKUP(C51,'Flat Base'!F:I,4,0),"SITE MAP"),"")
F52: =IFERROR(HYPERLINK(VLOOKUP(C52,'Flat Base'!F:H,3,0),"SIG TOOLS"),"") | G52: =IFERROR(HYPERLINK(VLOOKUP(C52,'Flat Base'!F:I,4,0),"SITE MAP"),"")
... F72: =IFERROR(HYPERLINK(VLOOKUP(C72,'Flat Base'!F:H,3,0),"SIG TOOLS"),"") | G72: =IFERROR(HYPERLINK(VLOOKUP(C72,'Flat Base'!F:I,4,0),"SITE MAP"),"")
E499: =IFERROR(VLOOKUP(C499&'H.A. Dynamic Split'!$C$13,'Flat Base'!A2:C2730,3,0),"")
E500: =IFERROR(VLOOKUP(C500&'H.A. Dynamic Split'!$C$13,'Flat Base'!A2:C2730,3,0),"")
E501: =IFERROR(VLOOKUP(C501&'H.A. Dynamic Split'!$C$13,'Flat Base'!A2:C2730,3,0),"")

Sheet Maestra
A16: =+VLOOKUP('Dynamic Split'!C19,'Dynamic Split'!U:U,1,0) -> #N/A | C16: =VLOOKUP('Cambio de Split'!C20,'Dynamic Split'!C:C,1,0) -> #N/A
A17: =+VLOOKUP('Dynamic Split'!C20,'Dynamic Split'!U:U,1,0) -> #N/A | C17: =VLOOKUP('Cambio de Split'!C21,'Dynamic Split'!C:C,1,0) -> #N/A
A18: =+VLOOKUP('Dynamic Split'!C21,'Dynamic Split'!U:U,1,0) -> #N/A | C18: =VLOOKUP('Cambio de Split'!C22,'Dynamic Split'!C:C,1,0) -> #N/A
A19: =+VLOOKUP('Dynamic Split'!C22,'Dynamic Split'!U:U,1,0) -> #N/A | C19: =VLOOKUP('Cambio de Split'!C23,'Dynamic Split'!C:C,1,0) -> #N/A
A20: =+VLOOKUP('Dynamic Split'!C23,'Dynamic Split'!U:U,1,0) -> #N/A | C20: =VLOOKUP('Cambio de Split'!C24,'Dynamic Split'!C:C,1,0) -> #N/A
A21: =+VLOOKUP('Dynamic Split'!C24,'Dynamic Split'!U:U,1,0) -> #N/A | C21: =VLOOKUP('Dynamic Split'!U24,'Dynamic Split'!C:C,1,0) -> #N/A
A22: =+VLOOKUP('Dynamic Split'!C25,'Dynamic Split'!U:U,1,0) -> #N/A | C22: =VLOOKUP('Dynamic Split'!U25,'Dynamic Split'!C:C,1,0) -> #N/A
A23: =+VLOOKUP('Dynamic Split'!C26,'Dynamic Split'!U:U,1,0) -> #N/A | C23: =VLOOKUP('Dynamic Split'!U26,'Dynamic Split'!C:C,1,0) -> #N/A
A24: =+VLOOKUP('Dynamic Split'!C27,'Dynamic Split'!U:U,1,0) -> #N/A | C24: =VLOOKUP('Dynamic Split'!U27,'Dynamic Split'!C:C,1,0) -> #N/A
A25: =+VLOOKUP('Dynamic Split'!C28,'Dynamic Split'!U:U,1,0) -> #N/A | C25: =VLOOKUP('Dynamic Split'!U28,'Dynamic Split'!C:C,1,0) -> #N/A
A26: =+VLOOKUP('Dynamic Split'!C29,'Dynamic Split'!U:U,1,0) -> #N/A | C26: =VLOOKUP('Dynamic Split'!U29,'Dynamic Split'!C:C,1,0) -> #N/A
A27: =+VLOOKUP('Dynamic Split'!C30,'Dynamic Split'!U:U,1,0) -> #N/A | C27: =VLOOKUP('Dynamic Split'!U30,'Dynamic Split'!C:C,1,0) -> #N/A
A28: =+VLOOKUP('Dynamic Split'!C31,'Dynamic Split'!U:U,1,0) -> #N/A | C28: =VLOOKUP('Dynamic Split'!U31,'Dynamic Split'!C:C,1,0) -> #N/A
A29: =+VLOOKUP('Dynamic Split'!C32,'Dynamic Split'!U:U,1,0) -> #N/A | C29: =VLOOKUP('Dynamic Split'!U32,'Dynamic Split'!C:C,1,0) -> #N/A
A30: =+VLOOKUP('Dynamic Split'!C33,'Dynamic Split'!U:U,1,0) -> #N/A | C30: =VLOOKUP('Dynamic Split'!U33,'Dynamic Split'!C:C,1,0) -> #N/A
A31: =+VLOOKUP('Dynamic Split'!C34,'Dynamic Split'!U:U,1,0) -> #N/A | C31: =VLOOKUP('Dynamic Split'!U34,'Dynamic Split'!C:C,1,0) -> #N/A
A32: =+VLOOKUP('Dynamic Split'!C35,'Dynamic Split'!U:U,1,0) -> #N/A | C32: =VLOOKUP('Dynamic Split'!U35,'Dynamic Split'!C:C,1,0) -> #N/A
... A43: =+VLOOKUP('Dynamic Split'!C46,'Dynamic Split'!U:U,1,0) -> #N/A | C43: =VLOOKUP('Dynamic Split'!U46,'Dynamic Split'!C:C,1,0) -> #N/A
A44: =+VLOOKUP('Dynamic Split'!C48,'Dynamic Split'!U:U,1,0) -> #N/A | C44: =VLOOKUP('Dynamic Split'!U47,'Dynamic Split'!C:C,1,0) -> #N/A
A45: =+VLOOKUP('Dynamic Split'!#REF!,'Dynamic Split'!U:U,1,0) -> #REF! | C45: =VLOOKUP('Dynamic Split'!U48,'Dynamic Split'!C:C,1,0) -> #N/A
A46: =+VLOOKUP('Dynamic Split'!C49,'Dynamic Split'!U:U,1,0) -> #N/A | C46: =VLOOKUP('Dynamic Split'!U49,'Dynamic Split'!C:C,1,0) -> #N/A
A47: =+VLOOKUP('Dynamic Split'!C50,'Dynamic Split'!U:U,1,0) -> #N/A | C47: =VLOOKUP('Dynamic Split'!U50,'Dynamic Split'!C:C,1,0) -> #N/A
A48: =+VLOOKUP('Dynamic Split'!C51,'Dynamic Split'!U:U,1,0) -> #N/A | C48: =VLOOKUP('Dynamic Split'!U51,'Dynamic Split'!C:C,1,0) -> #N/A
A49: =+VLOOKUP('Dynamic Split'!C52,'Dynamic Split'!U:U,1,0) -> #N/A | C49: =VLOOKUP('Dynamic Split'!U52,'Dynamic Split'!C:C,1,0) -> #N/A
A50: =+VLOOKUP('Dynamic Split'!C53,'Dynamic Split'!U:U,1,0) -> #N/A | C50: =VLOOKUP('Dynamic Split'!U53,'Dynamic Split'!C:C,1,0) -> #N/A
A51: =+VLOOKUP('Dynamic Split'!C54,'Dynamic Split'!U:U,1,0) -> #N/A | C51: =VLOOKUP('Dynamic Split'!U54,'Dynamic Split'!C:C,1,0) -> #N/A
A52: =+VLOOKUP('Dynamic Split'!C55,'Dynamic Split'!U:U,1,0) -> #N/A | C52: =VLOOKUP('Dynamic Split'!U55,'Dynamic Split'!C:C,1,0) -> #N/A
A53: =+VLOOKUP('Dynamic Split'!C56,'Dynamic Split'!U:U,1,0) -> #N/A | C53: =VLOOKUP('Dynamic Split'!U56,'Dynamic Split'!C:C,1,0) -> #N/A
A54: =+VLOOKUP('Dynamic Split'!C57,'Dynamic Split'!U:U,1,0) -> #N/A | C54: =VLOOKUP('Dynamic Split'!U57,'Dynamic Split'!C:C,1,0) -> #N/A
A55: =+VLOOKUP('Dynamic Split'!C58,'Dynamic Split'!U:U,1,0) -> #N/A | C55: =VLOOKUP('Dynamic Split'!U58,'Dynamic Split'!C:C,1,0) -> #N/A
A56: =+VLOOKUP('Dynamic Split'!C59,'Dynamic Split'!U:U,1,0) -> #N/A | C56: =VLOOKUP('Dynamic Split'!U59,'Dynamic Split'!C:C,1,0) -> #N/A
A57: =+VLOOKUP('Dynamic Split'!C60,'Dynamic Split'!U:U,1,0) -> #N/A | C57: =VLOOKUP('Dynamic Split'!U60,'Dynamic Split'!C:C,1,0) -> #N/A
... A72: =+VLOOKUP('Dynamic Split'!C75,'Dynamic Split'!U:U,1,0) -> #N/A | C72: =VLOOKUP('Dynamic Split'!U75,'Dynamic Split'!C:C,1,0) -> #N/A

Sheet  (H.A.) Flat Base
H1: 192.168.7.100
A2: Split | B2: Station | C2: Hour | D2: Time | E2: Site | F2: Drop time | G2: SUNDAY (D.T.) | H2: Notes*
A3: H.A. 1 | B3: 1 | C3: 9:00 P.M. | D3: ET | E3: (AS) Bill Estes Ford (NO TOURS) | F3: 6:00 A.M. | G3: N/A
A4: H.A. 2 | B4: 1 | C4: 9:00 P.M. | D4: ET | E4: (AS) Bill Estes Ford (NO TOURS) | F4: 6:00 A.M. | G4: N/A
A5: H.A. 3 | B5: 1 | C5: 9:00 P.M. | D5: ET | E5: (AS) Bill Estes Ford (NO TOURS) | F5: 6:00 A.M. | G5: N/A
A6: H.A. 4 | B6: 1 | C6: 9:00 P.M. | D6: ET | E6: (AS) Bill Estes Ford (NO TOURS) | F6: 6:00 A.M. | G6: N/A
A7: H.A. 4 | B7: 4 | C7: 9:00 P.M. | D7: ET | E7: (AS) Courtesy CDJR of Brandon | F7: 6:00 A.M. | G7: 10:00 A.M.
A8: H.A. 2 | B8: 1 | C8: 9:00 P.M. | D8: ET | E8: (AS) Courtesy Hyundai/Nissan Tampa | F8: 6:00 A.M. | G8: 10:00 A.M.
A9: H.A. 3 | B9: 1 | C9: 9:00 P.M. | D9: ET | E9: (AS) Courtesy Hyundai/Nissan Tampa | F9: 6:00 A.M. | G9: 10:00 A.M.
A10: H.A. 4 | B10: 1 | C10: 9:00 P.M. | D10: ET | E10: (AS) Courtesy Hyundai/Nissan Tampa | F10: 6:00 A.M. | G10: 10:00 A.M.
A11: H.A. 4 | B11: 4 | C11: 9:00 P.M. | D11: ET | E11: (AS) Lexus Smyrna (NO TOURS) | F11: 6:00 A.M. | G11: N/A
A12: H.A. 3 | B12: 2 | C12: 9:00 P.M. | D12: ET | E12: (DT) Louisville | F12: 6:00 A.M. | G12: N/A
A13: H.A. 4 | B13: 2 | C13: 9:00 P.M. | D13: ET | E13: (DT) Louisville | F13: 6:00 A.M. | G13: N/A
A14: H.A. 1 | B14: 1 | C14: 9:00 P.M. | D14: ET | E14: (HUD) CDJR of Greensboro | F14: 6:00 A.M. | G14: 11:00 A.M.
... A87: H.A. 3 | B87: 3 | C87: 24 Hrs | D87: ET | E87: SIG Office Trailer | F87: N/A | G87: N/A
