Workbook
Name SegmentaciónDeDatos_Split: #N/A
Name SegmentaciónDeDatos_Split1: #N/A
Name SegmentaciónDeDatos_Split11: #N/A
Name SegmentaciónDeDatos_Split2: #N/A
Name SegmentaciónDeDatos_Station: #N/A
Name SegmentaciónDeDatos_Station1: #N/A
Name SegmentaciónDeDatos_Station11: #N/A

Sheet Dynamic Split
AF1: Alphabetical Order
A2: From: Split-Station: | AF2: Site
K3: Searched Site: | N3: Serached Site: | O3: (LT) Luther Bloomington Hyundai (NO TOURS) | AF3: (AS) 3281 Storage Lot (NO TOURS)
AF4: (AS) Hare Chevrolet (NO TOURS)
K5: Its On: | N5: Station | O5: =+N5 -> Station | AF5: (AS) Koons Arlington Toyota - New Car (NO TOURS)
N6: 5 | O6: =+N6 -> 5 | AF6: (AS) Koons Chevrolet Buick GMC - Tysons Remote Lot (NO TOURS)
AF7: (AS) Koons Volvo Cars White Marsh (NO TOURS)
AF8: (BRL) Shoemakersville
AF9: (DT) Arlington
AF10: (LT) Luther Bloomington Hyundai (NO TOURS)
AF11: (LT) Luther Landers Recon Center
AF12: (LT) Luther St. Cloud Subaru
AF13: (SCH) Schumacher of Delray I & III
AF14: (TC) Lamborghini South Dade
A15: Split | B15: Station | C15: Total Sites | G15: Log Out from | J15: Total New Sites
A16: 5 | B16: 5 | C16: 12 | G16: =+COUNTIF('Dynamic Split'!G19:G75,"Log Out") -> 0 | J16: =+GETPIVOTDATA("Site",$C$15)-G16 -> 12
A18: Split | B18: Log Time | C18: Sites | D18: Drop time | E18: Time | F18: ID | G18: Suma de Station | J18: SIG Tools | L18: Split | M18: Log Time | N18: Sites | O18: SUNDAY (D.T.) | P18: Gates | Q18: Entrances | R18: LPR | S18: PTZ | T18: Important Cameras | U18: Sum of Station
A19: 5 | B19: 24H | C19: (BRL) Shoemakersville | D19: - | E19: ET | F19: 302 | G19: 5 | J19: =IFERROR(HYPERLINK(VLOOKUP(C19,'Flat Base'!D:J,5,0),"SIG TOOLS"),"") -> SIG TOOLS | K19: =IFERROR(HYPERLINK(VLOOKUP(C19,'Flat Base'!D:J,4,0),"SITE MAP"),"") -> SITE MAP | L19: 5 | M19: 24H | N19: (BRL) Shoemakersville | O19: - | P19: - | Q19: 8, 11 | R19: - | S19: 1, 6, 13A, 15, 18A | T19: 13B, 23 | U19: 5
B20: 9:00 P.M. | C20: (TC) Lamborghini South Dade | D20: 5:00 A.M. | E20: ET | F20: 313 | G20: 5 | J20: =IFERROR(HYPERLINK(VLOOKUP(C20,'Flat Base'!D:J,5,0),"SIG TOOLS"),"") -> SIG TOOLS | K20: =IFERROR(HYPERLINK(VLOOKUP(C20,'Flat Base'!D:J,4,0),"SITE MAP"),"") -> SITE MAP | M20: 9:00 P.M. | N20: (TC) Lamborghini South Dade | O20: - | P20: - | Q20: 9, 11 | R20: - | S20: - | T20: - | U20: 5
C21: (AS) Hare Chevrolet (NO TOURS) | D21: 5:00 A.M. | E21: ET | F21: 301 | G21: 5 | J21: =IFERROR(HYPERLINK(VLOOKUP(C21,'Flat Base'!D:J,5,0),"SIG TOOLS"),"") -> SIG TOOLS | K21: =IFERROR(HYPERLINK(VLOOKUP(C21,'Flat Base'!D:J,4,0),"SITE MAP"),"") -> SITE MAP | N21: (AS) Hare Chevrolet (NO TOURS) | O21: - | P21: 18, 24 | Q21: 2, 3 | R21: - | S21: 5 | T21: 1, 5, 7, 8, 21, 29 | U21: 5
C22: (AS) Koons Arlington Toyota - New Car (NO TOURS) | D22: 5:00 A.M. | E22: ET | F22: 334 | G22: 5 | J22: =IFERROR(HYPERLINK(VLOOKUP(C22,'Flat Base'!D:J,5,0),"SIG TOOLS"),"") -> SIG TOOLS | K22: =IFERROR(HYPERLINK(VLOOKUP(C22,'Flat Base'!D:J,4,0),"SITE MAP"),"") -> SITE MAP | N22: (AS) Koons Arlington Toyota - New Car (NO TOURS) | O22: 10:00 A.M. | P22: - | Q22: 1, 3, 12, 15, 17 | R22: - | S22: - | T22: 2, 6, 18, 20 | U22: 5
C23: (AS) Koons Chevrolet Buick GMC - Tysons Remote Lot (NO TOURS) | D23: 5:00 A.M. | E23: ET | F23: 333 | G23: 5 | J23: =IFERROR(HYPERLINK(VLOOKUP(C23,'Flat Base'!D:J,5,0),"SIG TOOLS"),"") -> SIG TOOLS | K23: =IFERROR(HYPERLINK(VLOOKUP(C23,'Flat Base'!D:J,4,0),"SITE MAP"),"") -> SITE MAP | N23: (AS) Koons Chevrolet Buick GMC - Tysons Remote Lot (NO TOURS) | O23: - | P23: - | Q23: 6 | R23: 1, 2, 3 | S23: 7, 10, 16, 29 | T23: 14, 17, 30 | U23: 5
C24: (AS) Koons Volvo Cars White Marsh (NO TOURS) | D24: 5:00 A.M. | E24: ET | F24: 338 | G24: 5 | J24: =IFERROR(HYPERLINK(VLOOKUP(C24,'Flat Base'!D:J,5,0),"SIG TOOLS"),"") -> SIG TOOLS | K24: =IFERROR(HYPERLINK(VLOOKUP(C23,'Flat Base'!D:J,4,0),"SITE MAP"),"") -> SITE MAP | N24: (AS) Koons Volvo Cars White Marsh (NO TOURS) | O24: - | P24: - | Q24: 5, 7, 9 | R24: - | S24: - | T24: 6, 10, 1 | U24: 5
C25: (SCH) Schumacher of Delray I & III | D25: 5:00 A.M. | E25: ET | F25: 159 | G25: 5 | J25: =IFERROR(HYPERLINK(VLOOKUP(C25,'Flat Base'!D:J,5,0),"SIG TOOLS"),"") -> SIG TOOLS | K25: =IFERROR(HYPERLINK(VLOOKUP(C25,'Flat Base'!D:J,4,0),"SITE MAP"),"") -> SITE MAP | N25: (SCH) Schumacher of Delray I & III | O25: 11:00 A.M. | P25: 11, 21, 22, 57, 69 | Q25: 2, 16, 46 | R25: - | S25: - | T25: 24, 39 | U25: 5
B26: 10:00 P.M. | C26: (LT) Luther St. Cloud Subaru | D26: 5:30 A.M. | E26: CT | F26: 295 | G26: 5 | J26: =IFERROR(HYPERLINK(VLOOKUP(C26,'Flat Base'!D:J,5,0),"SIG TOOLS"),"") -> SIG TOOLS | K26: =IFERROR(HYPERLINK(VLOOKUP(C26,'Flat Base'!D:J,4,0),"SITE MAP"),"") -> SITE MAP | M26: 10:00 P.M. | N26: (LT) Luther St. Cloud Subaru | O26: - | P26: 25, 31 | Q26: 9, 13, 20 | R26: 38, 39, 40, 41 | S26: 27 | T26: 2, 6, 8, 11, 14, 19, 23, 26 | U26: 5
C27: (LT) Luther Landers Recon Center | D27: 6:00 A.M. | E27: CT | F27: 323 | G27: 5 | J27: =IFERROR(HYPERLINK(VLOOKUP(C27,'Flat Base'!D:J,5,0),"SIG TOOLS"),"") -> SIG TOOLS | K27: =IFERROR(HYPERLINK(VLOOKUP(C27,'Flat Base'!D:J,4,0),"SITE MAP"),"") -> SITE MAP | N27: (LT) Luther Landers Recon Center | O27: - | P27: 2, 4 | Q27: - | R27: - | S27: - | T27: 3, 9, 11 | U27: 5
C28: (DT) Arlington | D28: 6:00 A.M. | E28: CT | F28: 334 | G28: 5 | J28: =IFERROR(HYPERLINK(VLOOKUP(C28,'Flat Base'!D:J,5,0),"SIG TOOLS"),"") -> SIG TOOLS | K28: =IFERROR(HYPERLINK(VLOOKUP(C28,'Flat Base'!D:J,4,0),"SITE MAP"),"") -> SITE MAP | N28: (DT) Arlington | O28: - | P28: 8 | Q28: 3 | R28: - | S28: - | T28: 3, 8, 9 | U28: 5
C29: (AS) 3281 Storage Lot (NO TOURS) | D29: 6:00 A.M. | E29: CT | F29: 305 | G29: 5 | J29: =IFERROR(HYPERLINK(VLOOKUP(C29,'Flat Base'!D:J,5,0),"SIG TOOLS"),"") -> SIG TOOLS | K29: =IFERROR(HYPERLINK(VLOOKUP(C29,'Flat Base'!D:J,4,0),"SITE MAP"),"") -> SITE MAP | N29: (AS) 3281 Storage Lot (NO TOURS) | O29: - | P29: - | Q29: 2, 14 | R29: - | S29: - | T29: 1, 3, 9, 10, 14 | U29: 5
C30: (LT) Luther Bloomington Hyundai (NO TOURS) | D30: 6:00 A.M. | E30: CT | F30: 318 | G30: 5 | J30: =IFERROR(HYPERLINK(VLOOKUP(C30,'Flat Base'!D:J,5,0),"SIG TOOLS"),"") -> SIG TOOLS | K30: =IFERROR(HYPERLINK(VLOOKUP(C30,'Flat Base'!D:J,4,0),"SITE MAP"),"") -> SITE MAP | N30: (LT) Luther Bloomington Hyundai (NO TOURS) | O30: - | P30: - | Q30: 6, 9, 13 | R30: 58, 59 | S30: 10 | T30: 11, 18 | U30: 5
J31: =IFERROR(HYPERLINK(VLOOKUP(C31,'Flat Base'!D:J,5,0),"SIG TOOLS"),"") | K31: =IFERROR(HYPERLINK(VLOOKUP(C31,'Flat Base'!D:J,4,0),"SITE MAP"),"")
J32: =IFERROR(HYPERLINK(VLOOKUP(C32,'Flat Base'!D:J,5,0),"SIG TOOLS"),"") | K32: =IFERROR(HYPERLINK(VLOOKUP(C32,'Flat Base'!D:J,4,0),"SITE MAP"),"")
J33: =IFERROR(HYPERLINK(VLOOKUP(C33,'Flat Base'!D:J,5,0),"SIG TOOLS"),"") | K33: =IFERROR(HYPERLINK(VLOOKUP(C33,'Flat Base'!D:J,4,0),"SITE MAP"),"")
J34: =IFERROR(HYPERLINK(VLOOKUP(C34,'Flat Base'!D:J,5,0),"SIG TOOLS"),"") | K34: =IFERROR(HYPERLINK(VLOOKUP(C34,'Flat Base'!D:J,4,0),"SITE MAP"),"")
J35: =IFERROR(HYPERLINK(VLOOKUP(C35,'Flat Base'!D:J,5,0),"SIG TOOLS"),"") | K35: =IFERROR(HYPERLINK(VLOOKUP(C35,'Flat Base'!D:J,4,0),"SITE MAP"),"")
J36: =IFERROR(HYPERLINK(VLOOKUP(C36,'Flat Base'!D:J,5,0),"SIG TOOLS"),"") | K36: =IFERROR(HYPERLINK(VLOOKUP(C36,'Flat Base'!D:J,4,0),"SITE MAP"),"")
J37: =IFERROR(HYPERLINK(VLOOKUP(C37,'Flat Base'!D:J,5,0),"SIG TOOLS"),"") | K37: =IFERROR(HYPERLINK(VLOOKUP(C37,'Flat Base'!D:J,4,0),"SITE MAP"),"")
J38: =IFERROR(HYPERLINK(VLOOKUP(C38,'Flat Base'!D:J,5,0),"SIG TOOLS"),"") | K38: =IFERROR(HYPERLINK(VLOOKUP(C38,'Flat Base'!D:J,4,0),"SITE MAP"),"")
J39: =IFERROR(HYPERLINK(VLOOKUP(C39,'Flat Base'!D:J,5,0),"SIG TOOLS"),"") | K39: =IFERROR(HYPERLINK(VLOOKUP(C39,'Flat Base'!D:J,4,0),"SITE MAP"),"")
J40: =IFERROR(HYPERLINK(VLOOKUP(C40,'Flat Base'!D:J,5,0),"SIG TOOLS"),"") | K40: =IFERROR(HYPERLINK(VLOOKUP(C40,'Flat Base'!D:J,4,0),"SITE MAP"),"")
J41: =IFERROR(HYPERLINK(VLOOKUP(C41,'Flat Base'!D:J,5,0),"SIG TOOLS"),"") | K41: =IFERROR(HYPERLINK(VLOOKUP(C41,'Flat Base'!D:J,4,0),"SITE MAP"),"")
J42: =IFERROR(HYPERLINK(VLOOKUP(C42,'Flat Base'!D:J,5,0),"SIG TOOLS"),"") | K42: =IFERROR(HYPERLINK(VLOOKUP(C42,'Flat Base'!D:J,4,0),"SITE MAP"),"")
... J77: =IFERROR(HYPERLINK(VLOOKUP(C77,'Flat Base'!D:J,5,0),"SIG TOOLS"),"") | K77: =IFERROR(HYPERLINK(VLOOKUP(C77,'Flat Base'!D:J,4,0),"SITE MAP"),"")

Sheet Cambio de Split
A1: Changes: Split-Station:
A15: New Sites | G15: Log In to
A16: 61 | G16: =+COUNTIF('Dynamic Split'!Y25:Y75,"Log iN") -> 0
A19: Split | B19: Log Time | C19: Site | D19: Drop time | E19: Suma de Station | F19: Log In | G19: Split | H19: Log Time | I19: Site | J19: Drop time | K19: Suma de Station
A20: 1 | B20: 8:00 P.M. | C20: (PE) BMW Service Center (NO TOURS) | D20: 5:00 A.M. | E20: 1 | F20: =IF('Cambio de Split'!C20="","",IFERROR(IF(Maestra!C16="#N/D","Log In",""),"Log In")) -> Log In | G20: 1 | H20: 8:00 P.M. | I20: (PE) BMW Service Center (NO TOURS) | J20: 5:00 A.M. | K20: 1
C21: (PE) JLR Englewood (NO TOURS) | D21: 5:00 A.M. | E21: 1 | F21: =IF('Cambio de Split'!C21="","",IFERROR(IF(Maestra!C17="#N/D","Log In",""),"Log In")) -> Log In | I21: (PE) JLR Englewood (NO TOURS) | J21: 5:00 A.M. | K21: 1
C22: (PE) JLR Paramus (NO TOURS) | D22: 5:00 A.M. | E22: 1 | F22: =IF('Cambio de Split'!C22="","",IFERROR(IF(Maestra!C18="#N/D","Log In",""),"Log In")) -> Log In | I22: (PE) JLR Paramus (NO TOURS) | J22: 5:00 A.M. | K22: 1
C23: (PE) MB of Greenwich | D23: 5:00 A.M. | E23: 1 | F23: =IF('Cambio de Split'!C23="","",IFERROR(IF(Maestra!C19="#N/D","Log In",""),"Log In")) -> Log In | I23: (PE) MB of Greenwich | J23: 5:00 A.M. | K23: 1
C24: (PE) Porsche Audi Fairfield (NO TOURS) | D24: 5:00 A.M. | E24: 1 | F24: =IF('Cambio de Split'!C24="","",IFERROR(IF(Maestra!C20="#N/D","Log In",""),"Log In")) -> Log In | I24: (PE) Porsche Audi Fairfield (NO TOURS) | J24: 5:00 A.M. | K24: 1
C25: (PE) JLR Darien (NO TOURS) | D25: 5:00 A.M. | E25: 1 | F25: =IF('Dynamic Split'!V24="","",IFERROR(IF(Maestra!C21="#N/D","Log In",""),"Log In")) | I25: (PE) JLR Darien (NO TOURS) | J25: 5:00 A.M. | K25: 1
B26: 9:00 P.M. | C26: (AS) Coggin BMW Ft. Pierce (NO TOURS) | D26: 5:00 A.M. | E26: 1 | H26: 9:00 P.M. | I26: (AS) Coggin BMW Ft. Pierce (NO TOURS) | J26: 5:00 A.M. | K26: 1
C27: (DT) Charlotte | D27: 5:00 A.M. | E27: 1 | I27: (DT) Charlotte | J27: 5:00 A.M. | K27: 1
C28: (AS) Koons MB of Catonsville (NO TOURS) | D28: 5:00 A.M. | E28: 1 | I28: (AS) Koons MB of Catonsville (NO TOURS) | J28: 5:00 A.M. | K28: 1
C29: (TC) Lamborghini South Dade | D29: 5:00 A.M. | E29: 1 | I29: (TC) Lamborghini South Dade | J29: 5:00 A.M. | K29: 1
C30: (AS) Coggin Collision Center of Kissimmee (NO TOURS) | D30: 5:00 A.M. | E30: 1 | I30: (AS) Coggin Collision Center of Kissimmee (NO TOURS) | J30: 5:00 A.M. | K30: 1
C31: (AS) Koons Baltimore Ford - Main Dealership (NO TOURS) | D31: 5:00 A.M. | E31: 1 | I31: (AS) Koons Baltimore Ford - Main Dealership (NO TOURS) | J31: 5:00 A.M. | K31: 1
C32: (AS) Coggin Honda of Orlando (NO TOURS) | D32: 5:00 A.M. | E32: 1 | I32: (AS) Coggin Honda of Orlando (NO TOURS) | J32: 5:00 A.M. | K32: 1
C33: (AS) Hare Chevrolet (NO TOURS) | D33: 5:00 A.M. | E33: 1 | I33: (AS) Hare Chevrolet (NO TOURS) | J33: 5:00 A.M. | K33: 1
C34: (AS) Hare Truck Center (NO TOURS) | D34: 5:00 A.M. | E34: 1 | I34: (AS) Hare Truck Center (NO TOURS) | J34: 5:00 A.M. | K34: 1
C35: (AS) Kahlo CDJR (NO TOURS) | D35: 5:00 A.M. | E35: 1 | I35: (AS) Kahlo CDJR (NO TOURS) | J35: 5:00 A.M. | K35: 1
C36: (AS) Koons Arlington Toyota - New Car (NO TOURS) | D36: 5:00 A.M. | E36: 1 | I36: (AS) Koons Arlington Toyota - New Car (NO TOURS) | J36: 5:00 A.M. | K36: 1
C37: (AS) Koons Chevrolet Buick GMC - Clarksville (NO TOURS) | D37: 5:00 A.M. | E37: 1 | I37: (AS) Koons Chevrolet Buick GMC - Clarksville (NO TOURS) | J37: 5:00 A.M. | K37: 1
C38: (AS) Koons Chevrolet Buick GMC - Tysons Remote Lot (NO TOURS) | D38: 5:00 A.M. | E38: 1 | I38: (AS) Koons Chevrolet Buick GMC - Tysons Remote Lot (NO TOURS) | J38: 5:00 A.M. | K38: 1
... C55: (AS) Koons Tysons Toyota - UC Recon (NO TOURS) | D55: 5:00 A.M. | E55: 1 | I55: (AS) Koons Tysons Toyota - UC Recon (NO TOURS) | J55: 5:00 A.M. | K55: 1
B56: 10:00 P.M. | C56: (ML) Joe Machens Hyundai | D56: 6:00 A.M. | E56: 1 | H56: 10:00 P.M. | I56: (ML) Joe Machens Hyundai | J56: 6:00 A.M. | K56: 1
C57: (KG) Big Star Cadillac | D57: 6:00 A.M. | E57: 1 | I57: (KG) Big Star Cadillac | J57: 6:00 A.M. | K57: 1
C58: (LT) Luther Brookdale Toyota | D58: 5:00 A.M. | E58: 1 | I58: (LT) Luther Brookdale Toyota | J58: 5:00 A.M. | K58: 1
C59: (LT) Luther North Country Ford | D59: 6:00 A.M. | E59: 1 | I59: (LT) Luther North Country Ford | J59: 6:00 A.M. | K59: 1
C60: (LT) Luther St. Cloud Subaru | D60: 5:30 A.M. | E60: 1 | I60: (LT) Luther St. Cloud Subaru | J60: 5:30 A.M. | K60: 1
C61: (LT) Landers Kia of Little Rock | D61: 6:00 A.M. | E61: 1 | I61: (LT) Landers Kia of Little Rock | J61: 6:00 A.M. | K61: 1
C62: (LT) Luther Landers Recon Center | D62: 6:00 A.M. | E62: 1 | I62: (LT) Luther Landers Recon Center | J62: 6:00 A.M. | K62: 1
C63: (LT) Luther Genesis of Minneapolis | D63: 6:00 A.M. | E63: 1 | I63: (LT) Luther Genesis of Minneapolis | J63: 6:00 A.M. | K63: 1
C64: (LT) Luther Brookdale Honda (NO TOURS) | D64: 6:00 A.M. | E64: 1 | I64: (LT) Luther Brookdale Honda (NO TOURS) | J64: 6:00 A.M. | K64: 1
C65: (LT) Luther Burnsville Hyundai | D65: 6:00 A.M. | E65: 1 | I65: (LT) Luther Burnsville Hyundai | J65: 6:00 A.M. | K65: 1
C66: (LT) Luther Hopkins Honda (NO TOURS) | D66: 6:00 A.M. | E66: 1 | I66: (LT) Luther Hopkins Honda (NO TOURS) | J66: 6:00 A.M. | K66: 1
C67: (DT) Arlington | D67: 6:00 A.M. | E67: 1 | I67: (DT) Arlington | J67: 6:00 A.M. | K67: 1
C68: (AS) 3281 Storage Lot (NO TOURS) | D68: 6:00 A.M. | E68: 1 | I68: (AS) 3281 Storage Lot (NO TOURS) | J68: 6:00 A.M. | K68: 1
... C72: (LT) Luther Bloomington Hyundai (NO TOURS) | D72: 6:00 A.M. | E72: 1 | I72: (LT) Luther Bloomington Hyundai (NO TOURS) | J72: 6:00 A.M. | K72: 1
B73: 11:00 P.M. | C73: (AS) Larry H Miller CDJR Fiat (NO TOURS) | D73: 7:00 A.M. | E73: 1 | H73: 11:00 P.M. | I73: (AS) Larry H Miller CDJR Fiat (NO TOURS) | J73: 7:00 A.M. | K73: 1
B74: 12:00 A.M. | C74: (DT) Modesto | D74: 8:00 A.M. | E74: 1 | H74: 12:00 A.M. | I74: (DT) Modesto | J74: 8:00 A.M. | K74: 1
C75: (KG) Ken Garff Volkswagen of Gilbert | D75: 8:00 A.M. | E75: 1 | I75: (KG) Ken Garff Volkswagen of Gilbert | J75: 8:00 A.M. | K75: 1
C76: (KG) Ken Garff Kia of Avondale | D76: 8:00 A.M. | E76: 1 | I76: (KG) Ken Garff Kia of Avondale | J76: 8:00 A.M. | K76: 1
B77: 24H | C77: Mario Residence | D77: - | E77: 1 | H77: 24H | I77: Mario Residence | J77: - | K77: 1
C78: (BRL) Shoemakersville | D78: - | E78: 1 | I78: (BRL) Shoemakersville | J78: - | K78: 1
C79: (BRL) Fort Pierce | D79: - | E79: 1 | I79: (BRL) Fort Pierce | J79: - | K79: 1
B80: 9:30 P.M. | C80: (LT) Luther Bloomington Subaru - Acura | D80: 4:00 A.M. | E80: 1 | H80: 9:30 P.M. | I80: (LT) Luther Bloomington Subaru - Acura | J80: 4:00 A.M. | K80: 1

Sheet Maestra
A16: =+VLOOKUP('Dynamic Split'!C19,'Dynamic Split'!V:V,1,0) -> #N/A | C16: =VLOOKUP('Cambio de Split'!C20,'Dynamic Split'!C:C,1,0) -> #N/A
A17: =+VLOOKUP('Dynamic Split'!C20,'Dynamic Split'!V:V,1,0) -> #N/A | C17: =VLOOKUP('Cambio de Split'!C21,'Dynamic Split'!C:C,1,0) -> #N/A
A18: =+VLOOKUP('Dynamic Split'!C21,'Dynamic Split'!V:V,1,0) -> #N/A | C18: =VLOOKUP('Cambio de Split'!C22,'Dynamic Split'!C:C,1,0) -> #N/A
A19: =+VLOOKUP('Dynamic Split'!C22,'Dynamic Split'!V:V,1,0) -> #N/A | C19: =VLOOKUP('Cambio de Split'!C23,'Dynamic Split'!C:C,1,0) -> #N/A
A20: =+VLOOKUP('Dynamic Split'!#REF!,'Dynamic Split'!V:V,1,0) -> #REF! | C20: =VLOOKUP('Cambio de Split'!C24,'Dynamic Split'!C:C,1,0) -> #N/A
A21: =+VLOOKUP('Dynamic Split'!C23,'Dynamic Split'!V:V,1,0) -> #N/A | C21: =VLOOKUP('Dynamic Split'!V24,'Dynamic Split'!C:C,1,0) -> #N/A
A22: =+VLOOKUP('Dynamic Split'!C25,'Dynamic Split'!V:V,1,0) -> #N/A | C22: =VLOOKUP('Dynamic Split'!V25,'Dynamic Split'!C:C,1,0) -> #N/A
A23: =+VLOOKUP('Dynamic Split'!C26,'Dynamic Split'!V:V,1,0) -> #N/A | C23: =VLOOKUP('Dynamic Split'!V26,'Dynamic Split'!C:C,1,0) -> #N/A
A24: =+VLOOKUP('Dynamic Split'!C27,'Dynamic Split'!V:V,1,0) -> #N/A | C24: =VLOOKUP('Dynamic Split'!V27,'Dynamic Split'!C:C,1,0) -> #N/A
A25: =+VLOOKUP('Dynamic Split'!C28,'Dynamic Split'!V:V,1,0) -> #N/A | C25: =VLOOKUP('Dynamic Split'!V28,'Dynamic Split'!C:C,1,0) -> #N/A
A26: =+VLOOKUP('Dynamic Split'!C29,'Dynamic Split'!V:V,1,0) -> #N/A | C26: =VLOOKUP('Dynamic Split'!V29,'Dynamic Split'!C:C,1,0) -> #N/A
A27: =+VLOOKUP('Dynamic Split'!C30,'Dynamic Split'!V:V,1,0) -> #N/A | C27: =VLOOKUP('Dynamic Split'!V30,'Dynamic Split'!C:C,1,0) -> #N/A
A28: =+VLOOKUP('Dynamic Split'!C31,'Dynamic Split'!V:V,1,0) -> #N/A | C28: =VLOOKUP('Dynamic Split'!V31,'Dynamic Split'!C:C,1,0) -> #N/A
A29: =+VLOOKUP('Dynamic Split'!C32,'Dynamic Split'!V:V,1,0) -> #N/A | C29: =VLOOKUP('Dynamic Split'!V32,'Dynamic Split'!C:C,1,0) -> #N/A
A30: =+VLOOKUP('Dynamic Split'!C33,'Dynamic Split'!V:V,1,0) -> #N/A | C30: =VLOOKUP('Dynamic Split'!V33,'Dynamic Split'!C:C,1,0) -> #N/A
A31: =+VLOOKUP('Dynamic Split'!C34,'Dynamic Split'!V:V,1,0) -> #N/A | C31: =VLOOKUP('Dynamic Split'!V34,'Dynamic Split'!C:C,1,0) -> #N/A
A32: =+VLOOKUP('Dynamic Split'!C35,'Dynamic Split'!V:V,1,0) -> #N/A | C32: =VLOOKUP('Dynamic Split'!V35,'Dynamic Split'!C:C,1,0) -> #N/A
A33: =+VLOOKUP('Dynamic Split'!C36,'Dynamic Split'!V:V,1,0) -> #N/A | C33: =VLOOKUP('Dynamic Split'!V36,'Dynamic Split'!C:C,1,0) -> #N/A
... A72: =+VLOOKUP('Dynamic Split'!C75,'Dynamic Split'!V:V,1,0) -> #N/A | C72: =VLOOKUP('Dynamic Split'!V75,'Dynamic Split'!C:C,1,0) -> #N/A

Sheet Flat Base
A1: Key | B1: Split | C1: Station | D1: Site | E1: Hour | F1: Time | G1: Drop time | H1: SIG Tools | I1: Map | J1: SUNDAY (D.T.) | K1: Notes* | L1: Gates | M1: Entrances | N1: LPR | O1: PTZ | P1: Important Cameras | Q1: ID
A2: =+Tabla3[[#This Row],[Site]]&Tabla3[[#This Row],[Split]] -> (AS) 3281 Storage Lot (NO TOURS)1 | B2: 1 | C2: 1 | D2: (AS) 3281 Storage Lot (NO TOURS) | E2: =VLOOKUP(Tabla3[[#This Row],[Site]],Table35[],10,FALSE) -> 10:00 P.M. | F2: =VLOOKUP(Tabla3[[#This Row],[Site]],Table35[],11,FALSE) -> CT | G2: =VLOOKUP(Tabla3[[#This Row],[Site]],Table35[],12,FALSE) -> 6:00 A.M. | H2: =HYPERLINK(VLOOKUP(Tabla3[[#This Row],[Site]],Table35[#All],9,FALSE)) -> https://tools.sig.systems/site/details/305 | I2: =VLOOKUP(Tabla3[[#This Row],[Site]],Table35[],13,FALSE) -> https://www.google.com/maps/d/edit?hl=es&mid=1uPmsRMsXnp74hPFW2t-sp2totVWF_xY&ll=32.83050137713022%2C-96.83197783061323&z=17 | J2: =VLOOKUP(Tabla3[[#This Row],[Site]],Table35[],14,FALSE) -> - | L2: =VLOOKUP(Tabla3[[#This Row],[Site]],Table35[#All],2,FALSE) -> - | M2: =VLOOKUP(Tabla3[[#This Row],[Site]],Table35[#All],3,FALSE) -> 2, 14 | N2: =VLOOKUP(Tabla3[[#This Row],[Site]],Table35[#All],4,FALSE) -> - | O2: =VLOOKUP(Tabla3[[#This Row],[Site]],Table35[#All],5,FALSE) -> - | P2: =VLOOKUP(Tabla3[[#This Row],[Site]],Table35[#All],6,FALSE) -> 1, 3, 9, 10, 14 | Q2: =VLOOKUP(Tabla3[[#This Row],[Site]],Table35[#All],8,FALSE) -> 305
A3: =+Tabla3[[#This Row],[Site]]&Tabla3[[#This Row],[Split]] -> (AS) Coggin BMW Ft. Pierce (NO TOURS)1 | B3: 1 | C3: 1 | D3: (AS) Coggin BMW Ft. Pierce (NO TOURS) | E3: =VLOOKUP(Tabla3[[#This Row],[Site]],Table35[],10,FALSE) -> 9:00 P.M. | F3: =VLOOKUP(Tabla3[[#This Row],[Site]],Table35[],11,FALSE) -> ET | G3: =VLOOKUP(Tabla3[[#This Row],[Site]],Table35[],12,FALSE) -> 5:00 A.M. | H3: =HYPERLINK(VLOOKUP(Tabla3[[#This Row],[Site]],Table35[#All],9,FALSE)) -> https://tools.sig.systems/site/details/119 | I3: =VLOOKUP(Tabla3[[#This Row],[Site]],Table35[],13,FALSE) -> https://www.google.com/maps/d/viewer?mid=1AyViBuyeq7iwDua1SVudJ2A1BYi3IBA&ll=27.38181516363982%2C-80.32568845000002&z=18 | J3: =VLOOKUP(Tabla3[[#This Row],[Site]],Table35[],14,FALSE) -> - | L3: =VLOOKUP(Tabla3[[#This Row],[Site]],Table35[#All],2,FALSE) -> 3, 10, 13 | M3: =VLOOKUP(Tabla3[[#This Row],[Site]],Table35[#All],3,FALSE) -> - | N3: =VLOOKUP(Tabla3[[#This Row],[Site]],Table35[#All],4,FALSE) -> - | O3: =VLOOKUP(Tabla3[[#This Row],[Site]],Table35[#All],5,FALSE) -> 2 | P3: =VLOOKUP(Tabla3[[#This Row],[Site]],Table35[#All],6,FALSE) -> 1, 20, 27 | Q3: =VLOOKUP(Tabla3[[#This Row],[Site]],Table35[#All],8,FALSE) -> 119
A4: =+Tabla3[[#This Row],[Site]]&Tabla3[[#This Row],[Split]] -> (AS) Coggin Collision Center of Kissimmee (NO TOURS)1 | B4: 1 | C4: 1 | D4: (AS) Coggin Collision Center of Kissimmee (NO TOURS) | E4: =VLOOKUP(Tabla3[[#This Row],[Site]],Table35[],10,FALSE) -> 9:00 P.M. | F4: =VLOOKUP(Tabla3[[#This Row],[Site]],Table35[],11,FALSE) -> ET | G4: =VLOOKUP(Tabla3[[#This Row],[Site]],Table35[],12,FALSE) -> 5:00 A.M. | H4: =HYPERLINK(VLOOKUP(Tabla3[[#This Row],[Site]],Table35[#All],9,FALSE)) -> https://tools.sig.systems/site/details/331 | I4: =VLOOKUP(Tabla3[[#This Row],[Site]],Table35[],13,FALSE) -> 0 | J4: =VLOOKUP(Tabla3[[#This Row],[Site]],Table35[],14,FALSE) -> - | L4: =VLOOKUP(Tabla3[[#This Row],[Site]],Table35[#All],2,FALSE) -> 1, 12 | M4: =VLOOKUP(Tabla3[[#This Row],[Site]],Table35[#All],3,FALSE) -> - | N4: =VLOOKUP(Tabla3[[#This Row],[Site]],Table35[#All],4,FALSE) -> - | O4: =VLOOKUP(Tabla3[[#This Row],[Site]],Table35[#All],5,FALSE) -> - | P4: =VLOOKUP(Tabla3[[#This Row],[Site]],Table35[#All],6,FALSE) -> 2, 7, 9 | Q4: =VLOOKUP(Tabla3[[#This Row],[Site]],Table35[#All],8,FALSE) -> 331
A5: =+Tabla3[[#This Row],[Site]]&Tabla3[[#This Row],[Split]] -> (AS) Coggin Honda of Orlando (NO TOURS)1 | B5: 1 | C5: 1 | D5: (AS) Coggin Honda of Orlando (NO TOURS) | E5: =VLOOKUP(Tabla3[[#This Row],[Site]],Table35[],10,FALSE) -> 9:00 P.M. | F5: =VLOOKUP(Tabla3[[#This Row],[Site]],Table35[],11,FALSE) -> ET | G5: =VLOOKUP(Tabla3[[#This Row],[Site]],Table35[],12,FALSE) -> 5:00 A.M. | H5: =HYPERLINK(VLOOKUP(Tabla3[[#This Row],[Site]],Table35[#All],9,FALSE)) -> https://tools.sig.systems/site/details/324 | I5: =VLOOKUP(Tabla3[[#This Row],[Site]],Table35[],13,FALSE) -> 0 | J5: =VLOOKUP(Tabla3[[#This Row],[Site]],Table35[],14,FALSE) -> 11:00 A.M. | L5: =VLOOKUP(Tabla3[[#This Row],[Site]],Table35[#All],2,FALSE) -> 2, 10, 12B, 14, 38 | M5: =VLOOKUP(Tabla3[[#This Row],[Site]],Table35[#All],3,FALSE) -> - | N5: =VLOOKUP(Tabla3[[#This Row],[Site]],Table35[#All],4,FALSE) -> - | O5: =VLOOKUP(Tabla3[[#This Row],[Site]],Table35[#All],5,FALSE) -> 12, 31 | P5: =VLOOKUP(Tabla3[[#This Row],[Site]],Table35[#All],6,FALSE) -> 12B, 26, 37, 19 | Q5: =VLOOKUP(Tabla3[[#This Row],[Site]],Table35[#All],8,FALSE) -> 324
A6: =+Tabla3[[#This Row],[Site]]&Tabla3[[#This Row],[Split]] -> (AS) Hare Chevrolet (NO TOURS)1 | B6: 1 | C6: 1 | D6: (AS) Hare Chevrolet (NO TOURS) | E6: =VLOOKUP(Tabla3[[#This Row],[Site]],Table35[],10,FALSE) -> 9:00 P.M. | F6: =VLOOKUP(Tabla3[[#This Row],[Site]],Table35[],11,FALSE) -> ET | G6: =VLOOKUP(Tabla3[[#This Row],[Site]],Table35[],12,FALSE) -> 5:00 A.M. | H6: =HYPERLINK(VLOOKUP(Tabla3[[#This Row],[Site]],Table35[#All],9,FALSE)) -> https://tools.sig.systems/site/details/301 | I6: =VLOOKUP(Tabla3[[#This Row],[Site]],Table35[],13,FALSE) -> https://www.google.com/maps/d/edit?mid=1hsX5GGrNcCQgAuzDCDz1OWgEkhsAc78&usp=sharing | J6: =VLOOKUP(Tabla3[[#This Row],[Site]],Table35[],14,FALSE) -> - | L6: =VLOOKUP(Tabla3[[#This Row],[Site]],Table35[#All],2,FALSE) -> 18, 24 | M6: =VLOOKUP(Tabla3[[#This Row],[Site]],Table35[#All],3,FALSE) -> 2, 3 | N6: =VLOOKUP(Tabla3[[#This Row],[Site]],Table35[#All],4,FALSE) -> - | O6: =VLOOKUP(Tabla3[[#This Row],[Site]],Table35[#All],5,FALSE) -> 5 | P6: =VLOOKUP(Tabla3[[#This Row],[Site]],Table35[#All],6,FALSE) -> 1, 5, 7, 8, 21, 29 | Q6: =VLOOKUP(Tabla3[[#This Row],[Site]],Table35[#All],8,FALSE) -> 301
A7: =+Tabla3[[#This Row],[Site]]&Tabla3[[#This Row],[Split]] -> (AS) Hare Truck Center (NO TOURS)1 | B7: 1 | C7: 1 | D7: (AS) Hare Truck Center (NO TOURS) | E7: =VLOOKUP(Tabla3[[#This Row],[Site]],Table35[],10,FALSE) -> 9:00 P.M. | F7: =VLOOKUP(Tabla3[[#This Row],[Site]],Table35[],11,FALSE) -> ET | G7: =VLOOKUP(Tabla3[[#This Row],[Site]],Table35[],12,FALSE) -> 5:00 A.M. | H7: =HYPERLINK(VLOOKUP(Tabla3[[#This Row],[Site]],Table35[#All],9,FALSE)) -> https://tools.sig.systems/site/details/300 | I7: =VLOOKUP(Tabla3[[#This Row],[Site]],Table35[],13,FALSE) -> https://www.google.com/maps/d/edit?mid=1hsX5GGrNcCQgAuzDCDz1OWgEkhsAc78&usp=sharing | J7: =VLOOKUP(Tabla3[[#This Row],[Site]],Table35[],14,FALSE) -> - | L7: =VLOOKUP(Tabla3[[#This Row],[Site]],Table35[#All],2,FALSE) -> - | M7: =VLOOKUP(Tabla3[[#This Row],[Site]],Table35[#All],3,FALSE) -> 1, 5 | N7: =VLOOKUP(Tabla3[[#This Row],[Site]],Table35[#All],4,FALSE) -> - | O7: =VLOOKUP(Tabla3[[#This Row],[Site]],Table35[#All],5,FALSE) -> - | P7: =VLOOKUP(Tabla3[[#This Row],[Site]],Table35[#All],6,FALSE) -> 2, 6, 10, 12, 17 | Q7: =VLOOKUP(Tabla3[[#This Row],[Site]],Table35[#All],8,FALSE) -> 300
A8: =+Tabla3[[#This Row],[Site]]&Tabla3[[#This Row],[Split]] -> (AS) Kahlo CDJR (NO TOURS)1 | B8: 1 | C8: 1 | D8: (AS) Kahlo CDJR (NO TOURS) | E8: =VLOOKUP(Tabla3[[#This Row],[Site]],Table35[],10,FALSE) -> 9:00 P.M. | F8: =VLOOKUP(Tabla3[[#This Row],[Site]],Table35[],11,FALSE) -> ET | G8: =VLOOKUP(Tabla3[[#This Row],[Site]],Table35[],12,FALSE) -> 5:00 A.M. | H8: =HYPERLINK(VLOOKUP(Tabla3[[#This Row],[Site]],Table35[#All],9,FALSE)) -> https://tools.sig.systems/site/details/282 | I8: =VLOOKUP(Tabla3[[#This Row],[Site]],Table35[],13,FALSE) -> https://www.google.com/maps/d/edit?mid=1hsX5GGrNcCQgAuzDCDz1OWgEkhsAc78&usp=sharing | J8: =VLOOKUP(Tabla3[[#This Row],[Site]],Table35[],14,FALSE) -> - | L8: =VLOOKUP(Tabla3[[#This Row],[Site]],Table35[#All],2,FALSE) -> - | M8: =VLOOKUP(Tabla3[[#This Row],[Site]],Table35[#All],3,FALSE) -> 12, 25 | N8: =VLOOKUP(Tabla3[[#This Row],[Site]],Table35[#All],4,FALSE) -> 15, 16 | O8: =VLOOKUP(Tabla3[[#This Row],[Site]],Table35[#All],5,FALSE) -> 20 | P8: =VLOOKUP(Tabla3[[#This Row],[Site]],Table35[#All],6,FALSE) -> 1, 2, 9, 22, 31, 57 | Q8: =VLOOKUP(Tabla3[[#This Row],[Site]],Table35[#All],8,FALSE) -> 282
A9: =+Tabla3[[#This Row],[Site]]&Tabla3[[#This Row],[Split]] -> (AS) Koons Annapolis Toyota (NO TOURS)1 | B9: 1 | C9: 1 | D9: (AS) Koons Annapolis Toyota (NO TOURS) | E9: =VLOOKUP(Tabla3[[#This Row],[Site]],Table35[],10,FALSE) -> 9:00 P.M. | F9: =VLOOKUP(Tabla3[[#This Row],[Site]],Table35[],11,FALSE) -> ET | G9: =VLOOKUP(Tabla3[[#This Row],[Site]],Table35[],12,FALSE) -> 5:00 A.M. | H9: =HYPERLINK(VLOOKUP(Tabla3[[#This Row],[Site]],Table35[#All],9,FALSE)) -> https://tools.sig.systems/site/details/337 | I9: =VLOOKUP(Tabla3[[#This Row],[Site]],Table35[],13,FALSE) -> 0 | J9: =VLOOKUP(Tabla3[[#This Row],[Site]],Table35[],14,FALSE) -> - | L9: =VLOOKUP(Tabla3[[#This Row],[Site]],Table35[#All],2,FALSE) -> 6 | M9: =VLOOKUP(Tabla3[[#This Row],[Site]],Table35[#All],3,FALSE) -> 1, 6, 21 | N9: =VLOOKUP(Tabla3[[#This Row],[Site]],Table35[#All],4,FALSE) -> - | O9: =VLOOKUP(Tabla3[[#This Row],[Site]],Table35[#All],5,FALSE) -> - | P9: =VLOOKUP(Tabla3[[#This Row],[Site]],Table35[#All],6,FALSE) -> 3, 5, 7, 19 | Q9: =VLOOKUP(Tabla3[[#This Row],[Site]],Table35[#All],8,FALSE) -> 337
A10: =+Tabla3[[#This Row],[Site]]&Tabla3[[#This Row],[Split]] -> (AS) Koons Arlington Toyota - New Car (NO TOURS)1 | B10: 1 | C10: 1 | D10: (AS) Koons Arlington Toyota - New Car (NO TOURS) | E10: =VLOOKUP(Tabla3[[#This Row],[Site]],Table35[],10,FALSE) -> 9:00 P.M. | F10: =VLOOKUP(Tabla3[[#This Row],[Site]],Table35[],11,FALSE) -> ET | G10: =VLOOKUP(Tabla3[[#This Row],[Site]],Table35[],12,FALSE) -> 5:00 A.M. | H10: =HYPERLINK(VLOOKUP(Tabla3[[#This Row],[Site]],Table35[#All],9,FALSE)) -> https://tools.sig.systems/site/details/334 | I10: =VLOOKUP(Tabla3[[#This Row],[Site]],Table35[],13,FALSE) -> 0 | J10: =VLOOKUP(Tabla3[[#This Row],[Site]],Table35[],14,FALSE) -> 10:00 A.M. | L10: =VLOOKUP(Tabla3[[#This Row],[Site]],Table35[#All],2,FALSE) -> - | M10: =VLOOKUP(Tabla3[[#This Row],[Site]],Table35[#All],3,FALSE) -> 1, 3, 12, 15, 17 | N10: =VLOOKUP(Tabla3[[#This Row],[Site]],Table35[#All],4,FALSE) -> - | O10: =VLOOKUP(Tabla3[[#This Row],[Site]],Table35[#All],5,FALSE) -> - | P10: =VLOOKUP(Tabla3[[#This Row],[Site]],Table35[#All],6,FALSE) -> 2, 6, 18, 20 | Q10: =VLOOKUP(Tabla3[[#This Row],[Site]],Table35[#All],8,FALSE) -> 334
A11: =+Tabla3[[#This Row],[Site]]&Tabla3[[#This Row],[Split]] -> (AS) Koons Baltimore Ford - Main Dealership (NO TOURS)1 | B11: 1 | C11: 1 | D11: (AS) Koons Baltimore Ford - Main Dealership (NO TOURS) | E11: =VLOOKUP(Tabla3[[#This Row],[Site]],Table35[],10,FALSE) -> 9:00 P.M. | F11: =VLOOKUP(Tabla3[[#This Row],[Site]],Table35[],11,FALSE) -> ET | G11: =VLOOKUP(Tabla3[[#This Row],[Site]],Table35[],12,FALSE) -> 5:00 A.M. | H11: =HYPERLINK(VLOOKUP(Tabla3[[#This Row],[Site]],Table35[#All],9,FALSE)) -> https://tools.sig.systems/site/details/335 | I11: =VLOOKUP(Tabla3[[#This Row],[Site]],Table35[],13,FALSE) -> - | J11: =VLOOKUP(Tabla3[[#This Row],[Site]],Table35[],14,FALSE) -> - | L11: =VLOOKUP(Tabla3[[#This Row],[Site]],Table35[#All],2,FALSE) -> 21, 22, 24, 32, 45 | M11: =VLOOKUP(Tabla3[[#This Row],[Site]],Table35[#All],3,FALSE) -> 1 | N11: =VLOOKUP(Tabla3[[#This Row],[Site]],Table35[#All],4,FALSE) -> - | O11: =VLOOKUP(Tabla3[[#This Row],[Site]],Table35[#All],5,FALSE) -> 1, 8 | P11: =VLOOKUP(Tabla3[[#This Row],[Site]],Table35[#All],6,FALSE) -> 5, 28, 38 | Q11: 335
A12: =+Tabla3[[#This Row],[Site]]&Tabla3[[#This Row],[Split]] -> (AS) Koons Chevrolet Buick GMC - Clarksville (NO TOURS)1 | B12: 1 | C12: 1 | D12: (AS) Koons Chevrolet Buick GMC - Clarksville (NO TOURS) | E12: =VLOOKUP(Tabla3[[#This Row],[Site]],Table35[],10,FALSE) -> 9:00 P.M. | F12: =VLOOKUP(Tabla3[[#This Row],[Site]],Table35[],11,FALSE) -> ET | G12: =VLOOKUP(Tabla3[[#This Row],[Site]],Table35[],12,FALSE) -> 5:00 A.M. | H12: =HYPERLINK(VLOOKUP(Tabla3[[#This Row],[Site]],Table35[#All],9,FALSE)) -> https://tools.sig.systems/site/details/306 | I12: =VLOOKUP(Tabla3[[#This Row],[Site]],Table35[],13,FALSE) -> https://www.google.com/maps/d/edit?hl=es&mid=11XB1lTSP7EcDCDvzypdUPWP6bWCNAEI&ll=39.21145022420528%2C-76.94003711910554&z=17 | J12: =VLOOKUP(Tabla3[[#This Row],[Site]],Table35[],14,FALSE) -> 10:00 A.M. | L12: =VLOOKUP(Tabla3[[#This Row],[Site]],Table35[#All],2,FALSE) -> - | M12: =VLOOKUP(Tabla3[[#This Row],[Site]],Table35[#All],3,FALSE) -> 1, 22, 26, 28, 29 | N12: =VLOOKUP(Tabla3[[#This Row],[Site]],Table35[#All],4,FALSE) -> - | O12: =VLOOKUP(Tabla3[[#This Row],[Site]],Table35[#All],5,FALSE) -> - | P12: =VLOOKUP(Tabla3[[#This Row],[Site]],Table35[#All],6,FALSE) -> 3, 11, 15, 23 | Q12: =VLOOKUP(Tabla3[[#This Row],[Site]],Table35[#All],8,FALSE) -> 306
A13: =+Tabla3[[#This Row],[Site]]&Tabla3[[#This Row],[Split]] -> (AS) Koons Chevrolet Buick GMC - Clarksville Remote Lot (NO TOURS)1 | B13: 1 | C13: 1 | D13: (AS) Koons Chevrolet Buick GMC - Clarksville Remote Lot (NO TOURS) | E13: =VLOOKUP(Tabla3[[#This Row],[Site]],Table35[],10,FALSE) -> 9:00 P.M. | F13: =VLOOKUP(Tabla3[[#This Row],[Site]],Table35[],11,FALSE) -> ET | G13: =VLOOKUP(Tabla3[[#This Row],[Site]],Table35[],12,FALSE) -> 5:00 A.M. | H13: =HYPERLINK(VLOOKUP(Tabla3[[#This Row],[Site]],Table35[#All],9,FALSE)) -> https://tools.sig.systems/site/details/308 | I13: =VLOOKUP(Tabla3[[#This Row],[Site]],Table35[],13,FALSE) -> https://www.google.com/maps/d/edit?hl=es&mid=11XB1lTSP7EcDCDvzypdUPWP6bWCNAEI&ll=39.21145022420528%2C-76.94003711910554&z=21 | J13: =VLOOKUP(Tabla3[[#This Row],[Site]],Table35[],14,FALSE) -> 10:00 A.M. | L13: =VLOOKUP(Tabla3[[#This Row],[Site]],Table35[#All],2,FALSE) -> - | M13: =VLOOKUP(Tabla3[[#This Row],[Site]],Table35[#All],3,FALSE) -> 1, 5 | N13: =VLOOKUP(Tabla3[[#This Row],[Site]],Table35[#All],4,FALSE) -> - | O13: =VLOOKUP(Tabla3[[#This Row],[Site]],Table35[#All],5,FALSE) -> - | P13: =VLOOKUP(Tabla3[[#This Row],[Site]],Table35[#All],6,FALSE) -> 14, 16 | Q13: =VLOOKUP(Tabla3[[#This Row],[Site]],Table35[#All],8,FALSE) -> 308
A14: =+Tabla3[[#This Row],[Site]]&Tabla3[[#This Row],[Split]] -> (AS) Koons Chevrolet Buick GMC - Tysons (NO TOURS)1 | B14: 1 | C14: 1 | D14: (AS) Koons Chevrolet Buick GMC - Tysons (NO TOURS) | E14: =VLOOKUP(Tabla3[[#This Row],[Site]],Table35[],10,FALSE) -> 9:00 P.M. | F14: =VLOOKUP(Tabla3[[#This Row],[Site]],Table35[],11,FALSE) -> ET | G14: =VLOOKUP(Tabla3[[#This Row],[Site]],Table35[],12,FALSE) -> 5:00 A.M. | H14: =HYPERLINK(VLOOKUP(Tabla3[[#This Row],[Site]],Table35[#All],9,FALSE)) -> https://tools.sig.systems/site/details/352 | I14: =VLOOKUP(Tabla3[[#This Row],[Site]],Table35[],13,FALSE) -> - | J14: =VLOOKUP(Tabla3[[#This Row],[Site]],Table35[],14,FALSE) -> 10:00 A.M. | L14: =VLOOKUP(Tabla3[[#This Row],[Site]],Table35[#All],2,FALSE) -> 4, 6 | M14: =VLOOKUP(Tabla3[[#This Row],[Site]],Table35[#All],3,FALSE) -> - | N14: =VLOOKUP(Tabla3[[#This Row],[Site]],Table35[#All],4,FALSE) -> - | O14: =VLOOKUP(Tabla3[[#This Row],[Site]],Table35[#All],5,FALSE) -> 4 | P14: =VLOOKUP(Tabla3[[#This Row],[Site]],Table35[#All],6,FALSE) -> 6, 12, 15 | Q14: =VLOOKUP(Tabla3[[#This Row],[Site]],Table35[#All],8,FALSE) -> 352
A15: =+Tabla3[[#This Row],[Site]]&Tabla3[[#This Row],[Split]] -> (AS) Koons Chevrolet Buick GMC - Tysons Remote Lot (NO TOURS)1 | B15: 1 | C15: 1 | D15: (AS) Koons Chevrolet Buick GMC - Tysons Remote Lot (NO TOURS) | E15: =VLOOKUP(Tabla3[[#This Row],[Site]],Table35[],10,FALSE) -> 9:00 P.M. | F15: =VLOOKUP(Tabla3[[#This Row],[Site]],Table35[],11,FALSE) -> ET | G15: =VLOOKUP(Tabla3[[#This Row],[Site]],Table35[],12,FALSE) -> 5:00 A.M. | H15: =HYPERLINK(VLOOKUP(Tabla3[[#This Row],[Site]],Table35[#All],9,FALSE)) -> https://tools.sig.systems/site/details/333 | I15: =VLOOKUP(Tabla3[[#This Row],[Site]],Table35[],13,FALSE) -> - | J15: =VLOOKUP(Tabla3[[#This Row],[Site]],Table35[],14,FALSE) -> - | L15: =VLOOKUP(Tabla3[[#This Row],[Site]],Table35[#All],2,FALSE) -> - | M15: =VLOOKUP(Tabla3[[#This Row],[Site]],Table35[#All],3,FALSE) -> 6 | N15: =VLOOKUP(Tabla3[[#This Row],[Site]],Table35[#All],4,FALSE) -> 1, 2, 3 | O15: =VLOOKUP(Tabla3[[#This Row],[Site]],Table35[#All],5,FALSE) -> 7, 10, 16, 29 | P15: =VLOOKUP(Tabla3[[#This Row],[Site]],Table35[#All],6,FALSE) -> 14, 17, 30 | Q15: =VLOOKUP(Tabla3[[#This Row],[Site]],Table35[#All],8,FALSE) -> 333
A16: =+Tabla3[[#This Row],[Site]]&Tabla3[[#This Row],[Split]] -> (AS) Koons Easton Toyota - Main Dealership (NO TOURS)1 | B16: 1 | C16: 1 | D16: (AS) Koons Easton Toyota - Main Dealership (NO TOURS) | E16: =VLOOKUP(Tabla3[[#This Row],[Site]],Table35[],10,FALSE) -> 9:00 P.M. | F16: =VLOOKUP(Tabla3[[#This Row],[Site]],Table35[],11,FALSE) -> ET | G16: =VLOOKUP(Tabla3[[#This Row],[Site]],Table35[],12,FALSE) -> 5:00 A.M. | H16: =HYPERLINK(VLOOKUP(Tabla3[[#This Row],[Site]],Table35[#All],9,FALSE)) -> https://tools.sig.systems/site/details/340 | I16: =VLOOKUP(Tabla3[[#This Row],[Site]],Table35[],13,FALSE) -> - | J16: =VLOOKUP(Tabla3[[#This Row],[Site]],Table35[],14,FALSE) -> - | L16: =VLOOKUP(Tabla3[[#This Row],[Site]],Table35[#All],2,FALSE) -> - | M16: =VLOOKUP(Tabla3[[#This Row],[Site]],Table35[#All],3,FALSE) -> 4, 5 | N16: =VLOOKUP(Tabla3[[#This Row],[Site]],Table35[#All],4,FALSE) -> - | O16: =VLOOKUP(Tabla3[[#This Row],[Site]],Table35[#All],5,FALSE) -> - | P16: =VLOOKUP(Tabla3[[#This Row],[Site]],Table35[#All],6,FALSE) -> 8, 15 | Q16: =VLOOKUP(Tabla3[[#This Row],[Site]],Table35[#All],8,FALSE) -> 340
A17: =+Tabla3[[#This Row],[Site]]&Tabla3[[#This Row],[Split]] -> (AS) Koons Falls Church Ford (NO TOURS)1 | B17: 1 | C17: 1 | D17: (AS) Koons Falls Church Ford (NO TOURS) | E17: =VLOOKUP(Tabla3[[#This Row],[Site]],Table35[],10,FALSE) -> 9:00 P.M. | F17: =VLOOKUP(Tabla3[[#This Row],[Site]],Table35[],11,FALSE) -> ET | G17: =VLOOKUP(Tabla3[[#This Row],[Site]],Table35[],12,FALSE) -> 5:00 A.M. | H17: =HYPERLINK(VLOOKUP(Tabla3[[#This Row],[Site]],Table35[#All],9,FALSE)) -> https://tools.sig.systems/site/details/345 | I17: =VLOOKUP(Tabla3[[#This Row],[Site]],Table35[],13,FALSE) -> - | J17: =VLOOKUP(Tabla3[[#This Row],[Site]],Table35[],14,FALSE) -> 10:00 A.M. | L17: =VLOOKUP(Tabla3[[#This Row],[Site]],Table35[#All],2,FALSE) -> - | M17: =VLOOKUP(Tabla3[[#This Row],[Site]],Table35[#All],3,FALSE) -> 1 | N17: =VLOOKUP(Tabla3[[#This Row],[Site]],Table35[#All],4,FALSE) -> - | O17: =VLOOKUP(Tabla3[[#This Row],[Site]],Table35[#All],5,FALSE) -> - | P17: =VLOOKUP(Tabla3[[#This Row],[Site]],Table35[#All],6,FALSE) -> - | Q17: =VLOOKUP(Tabla3[[#This Row],[Site]],Table35[#All],8,FALSE) -> 345
A18: =+Tabla3[[#This Row],[Site]]&Tabla3[[#This Row],[Split]] -> (AS) Koons MB of Catonsville (NO TOURS)1 | B18: 1 | C18: 1 | D18: (AS) Koons MB of Catonsville (NO TOURS) | E18: =VLOOKUP(Tabla3[[#This Row],[Site]],Table35[],10,FALSE) -> 9:00 P.M. | F18: =VLOOKUP(Tabla3[[#This Row],[Site]],Table35[],11,FALSE) -> ET | G18: =VLOOKUP(Tabla3[[#This Row],[Site]],Table35[],12,FALSE) -> 5:00 A.M. | H18: =HYPERLINK(VLOOKUP(Tabla3[[#This Row],[Site]],Table35[#All],9,FALSE)) -> https://tools.sig.systems/site/details/303 | I18: =VLOOKUP(Tabla3[[#This Row],[Site]],Table35[],13,FALSE) -> 0 | J18: =VLOOKUP(Tabla3[[#This Row],[Site]],Table35[],14,FALSE) -> - | L18: =VLOOKUP(Tabla3[[#This Row],[Site]],Table35[#All],2,FALSE) -> - | M18: =VLOOKUP(Tabla3[[#This Row],[Site]],Table35[#All],3,FALSE) -> 15, 16, 17, 29 | N18: =VLOOKUP(Tabla3[[#This Row],[Site]],Table35[#All],4,FALSE) -> 29 | O18: =VLOOKUP(Tabla3[[#This Row],[Site]],Table35[#All],5,FALSE) -> 5 | P18: =VLOOKUP(Tabla3[[#This Row],[Site]],Table35[#All],6,FALSE) -> 1, 7, 8, 12, 19, 32 | Q18: =VLOOKUP(Tabla3[[#This Row],[Site]],Table35[#All],8,FALSE) -> 303
A19: =+Tabla3[[#This Row],[Site]]&Tabla3[[#This Row],[Split]] -> (AS) Koons Owings Mills Kia (NO TOURS)1 | B19: 1 | C19: 1 | D19: (AS) Koons Owings Mills Kia (NO TOURS) | E19: =VLOOKUP(Tabla3[[#This Row],[Site]],Table35[],10,FALSE) -> 9:00 P.M. | F19: =VLOOKUP(Tabla3[[#This Row],[Site]],Table35[],11,FALSE) -> ET | G19: =VLOOKUP(Tabla3[[#This Row],[Site]],Table35[],12,FALSE) -> 5:00 A.M. | H19: =HYPERLINK(VLOOKUP(Tabla3[[#This Row],[Site]],Table35[#All],9,FALSE)) -> https://tools.sig.systems/site/details/336 | I19: =VLOOKUP(Tabla3[[#This Row],[Site]],Table35[],13,FALSE) -> - | J19: =VLOOKUP(Tabla3[[#This Row],[Site]],Table35[],14,FALSE) -> - | Q19: 336
A20: =+Tabla3[[#This Row],[Site]]&Tabla3[[#This Row],[Split]] -> (AS) Koons Sterling Ford - Main Dealership (NO TOURS)1 | B20: 1 | C20: 1 | D20: (AS) Koons Sterling Ford - Main Dealership (NO TOURS) | E20: =VLOOKUP(Tabla3[[#This Row],[Site]],Table35[],10,FALSE) -> 9:00 P.M. | F20: =VLOOKUP(Tabla3[[#This Row],[Site]],Table35[],11,FALSE) -> ET | G20: =VLOOKUP(Tabla3[[#This Row],[Site]],Table35[],12,FALSE) -> 5:00 A.M. | H20: =HYPERLINK(VLOOKUP(Tabla3[[#This Row],[Site]],Table35[#All],9,FALSE)) -> https://tools.sig.systems/site/details/348 | I20: =VLOOKUP(Tabla3[[#This Row],[Site]],Table35[],13,FALSE) -> - | J20: =VLOOKUP(Tabla3[[#This Row],[Site]],Table35[],14,FALSE) -> 10:00 A.M. | L20: =VLOOKUP(Tabla3[[#This Row],[Site]],Table35[#All],2,FALSE) -> 19 | M20: =VLOOKUP(Tabla3[[#This Row],[Site]],Table35[#All],3,FALSE) -> 3 | N20: =VLOOKUP(Tabla3[[#This Row],[Site]],Table35[#All],4,FALSE) -> - | O20: =VLOOKUP(Tabla3[[#This Row],[Site]],Table35[#All],5,FALSE) -> 4, 21 | P20: =VLOOKUP(Tabla3[[#This Row],[Site]],Table35[#All],6,FALSE) -> 7, 8 | Q20: =VLOOKUP(Tabla3[[#This Row],[Site]],Table35[#All],8,FALSE) -> 348
A21: =+Tabla3[[#This Row],[Site]]&Tabla3[[#This Row],[Split]] -> (AS) Koons Tysons Toyota - Main Dealership (NO TOURS)1 | B21: 1 | C21: 1 | D21: (AS) Koons Tysons Toyota - Main Dealership (NO TOURS) | E21: =VLOOKUP(Tabla3[[#This Row],[Site]],Table35[],10,FALSE) -> 9:00 P.M. | F21: =VLOOKUP(Tabla3[[#This Row],[Site]],Table35[],11,FALSE) -> ET | G21: =VLOOKUP(Tabla3[[#This Row],[Site]],Table35[],12,FALSE) -> 5:00 A.M. | H21: =HYPERLINK(VLOOKUP(Tabla3[[#This Row],[Site]],Table35[#All],9,FALSE)) -> https://tools.sig.systems/site/details/344 | I21: =VLOOKUP(Tabla3[[#This Row],[Site]],Table35[],13,FALSE) -> - | J21: =VLOOKUP(Tabla3[[#This Row],[Site]],Table35[],14,FALSE) -> - | L21: =VLOOKUP(Tabla3[[#This Row],[Site]],Table35[#All],2,FALSE) -> - | M21: =VLOOKUP(Tabla3[[#This Row],[Site]],Table35[#All],3,FALSE) -> 1, 25 | N21: =VLOOKUP(Tabla3[[#This Row],[Site]],Table35[#All],4,FALSE) -> - | O21: =VLOOKUP(Tabla3[[#This Row],[Site]],Table35[#All],5,FALSE) -> - | P21: =VLOOKUP(Tabla3[[#This Row],[Site]],Table35[#All],6,FALSE) -> 13, 22, 27 | Q21: =VLOOKUP(Tabla3[[#This Row],[Site]],Table35[#All],8,FALSE) -> 344
A22: =+Tabla3[[#This Row],[Site]]&Tabla3[[#This Row],[Split]] -> (AS) Koons Volvo Cars White Marsh (NO TOURS)1 | B22: 1 | C22: 1 | D22: (AS) Koons Volvo Cars White Marsh (NO TOURS) | E22: =VLOOKUP(Tabla3[[#This Row],[Site]],Table35[],10,FALSE) -> 9:00 P.M. | F22: =VLOOKUP(Tabla3[[#This Row],[Site]],Table35[],11,FALSE) -> ET | G22: =VLOOKUP(Tabla3[[#This Row],[Site]],Table35[],12,FALSE) -> 5:00 A.M. | H22: =HYPERLINK(VLOOKUP(Tabla3[[#This Row],[Site]],Table35[#All],9,FALSE)) -> https://tools.sig.systems/site/details/338 | I22: =VLOOKUP(Tabla3[[#This Row],[Site]],Table35[],13,FALSE) -> 0 | J22: =VLOOKUP(Tabla3[[#This Row],[Site]],Table35[],14,FALSE) -> - | L22: =VLOOKUP(Tabla3[[#This Row],[Site]],Table35[#All],2,FALSE) -> - | M22: =VLOOKUP(Tabla3[[#This Row],[Site]],Table35[#All],3,FALSE) -> 5, 7, 9 | N22: =VLOOKUP(Tabla3[[#This Row],[Site]],Table35[#All],4,FALSE) -> - | O22: =VLOOKUP(Tabla3[[#This Row],[Site]],Table35[#All],5,FALSE) -> - | P22: =VLOOKUP(Tabla3[[#This Row],[Site]],Table35[#All],6,FALSE) -> 6, 10, 1 | Q22: =VLOOKUP(Tabla3[[#This Row],[Site]],Table35[#All],8,FALSE) -> 338
A23: =+Tabla3[[#This Row],[Site]]&Tabla3[[#This Row],[Split]] -> (AS) Koons Westminster Toyota (NO TOURS)1 | B23: 1 | C23: 1 | D23: (AS) Koons Westminster Toyota (NO TOURS) | E23: =VLOOKUP(Tabla3[[#This Row],[Site]],Table35[],10,FALSE) -> 9:00 P.M. | F23: =VLOOKUP(Tabla3[[#This Row],[Site]],Table35[],11,FALSE) -> ET | G23: =VLOOKUP(Tabla3[[#This Row],[Site]],Table35[],12,FALSE) -> 5:00 A.M. | H23: =HYPERLINK(VLOOKUP(Tabla3[[#This Row],[Site]],Table35[#All],9,FALSE)) -> https://tools.sig.systems/site/details/341 | I23: =VLOOKUP(Tabla3[[#This Row],[Site]],Table35[],13,FALSE) -> - | J23: =VLOOKUP(Tabla3[[#This Row],[Site]],Table35[],14,FALSE) -> - | L23: =VLOOKUP(Tabla3[[#This Row],[Site]],Table35[#All],2,FALSE) -> - | M23: =VLOOKUP(Tabla3[[#This Row],[Site]],Table35[#All],3,FALSE) -> 1, 7, 9, 18, 25 | N23: =VLOOKUP(Tabla3[[#This Row],[Site]],Table35[#All],4,FALSE) -> - | O23: =VLOOKUP(Tabla3[[#This Row],[Site]],Table35[#All],5,FALSE) -> - | P23: =VLOOKUP(Tabla3[[#This Row],[Site]],Table35[#All],6,FALSE) -> 8, 14, 16 | Q23: 341
A24: =+Tabla3[[#This Row],[Site]]&Tabla3[[#This Row],[Split]] -> (AS) Koons White Marsh Chevrolet (NO TOURS)1 | B24: 1 | C24: 1 | D24: (AS) Koons White Marsh Chevrolet (NO TOURS) | E24: =VLOOKUP(Tabla3[[#This Row],[Site]],Table35[],10,FALSE) -> 9:00 P.M. | F24: =VLOOKUP(Tabla3[[#This Row],[Site]],Table35[],11,FALSE) -> ET | G24: =VLOOKUP(Tabla3[[#This Row],[Site]],Table35[],12,FALSE) -> 5:00 A.M. | H24: =HYPERLINK(VLOOKUP(Tabla3[[#This Row],[Site]],Table35[#All],9,FALSE)) -> https://tools.sig.systems/site/details/339 | I24: =VLOOKUP(Tabla3[[#This Row],[Site]],Table35[],13,FALSE) -> - | J24: =VLOOKUP(Tabla3[[#This Row],[Site]],Table35[],14,FALSE) -> - | L24: =VLOOKUP(Tabla3[[#This Row],[Site]],Table35[#All],2,FALSE) -> 25 | M24: =VLOOKUP(Tabla3[[#This Row],[Site]],Table35[#All],3,FALSE) -> 10 | N24: =VLOOKUP(Tabla3[[#This Row],[Site]],Table35[#All],4,FALSE) -> - | O24: =VLOOKUP(Tabla3[[#This Row],[Site]],Table35[#All],5,FALSE) -> - | P24: =VLOOKUP(Tabla3[[#This Row],[Site]],Table35[#All],6,FALSE) -> 12 | Q24: =VLOOKUP(Tabla3[[#This Row],[Site]],Table35[#All],8,FALSE) -> 339
A25: =+Tabla3[[#This Row],[Site]]&Tabla3[[#This Row],[Split]] -> (AS) Koons Woodbridge Ford (NO TOURS)1 | B25: 1 | C25: 1 | D25: (AS) Koons Woodbridge Ford (NO TOURS) | E25: =VLOOKUP(Tabla3[[#This Row],[Site]],Table35[],10,FALSE) -> 9:00 P.M. | F25: =VLOOKUP(Tabla3[[#This Row],[Site]],Table35[],11,FALSE) -> ET | G25: =VLOOKUP(Tabla3[[#This Row],[Site]],Table35[],12,FALSE) -> 5:00 A.M. | H25: =HYPERLINK(VLOOKUP(Tabla3[[#This Row],[Site]],Table35[#All],9,FALSE)) -> https://tools.sig.systems/site/details/342 | I25: =VLOOKUP(Tabla3[[#This Row],[Site]],Table35[],13,FALSE) -> 0 | J25: =VLOOKUP(Tabla3[[#This Row],[Site]],Table35[],14,FALSE) -> 9:00 A.M. | L25: =VLOOKUP(Tabla3[[#This Row],[Site]],Table35[#All],2,FALSE) -> - | M25: =VLOOKUP(Tabla3[[#This Row],[Site]],Table35[#All],3,FALSE) -> 3, 24, 26, 27, 31, 36 | N25: =VLOOKUP(Tabla3[[#This Row],[Site]],Table35[#All],4,FALSE) -> - | O25: =VLOOKUP(Tabla3[[#This Row],[Site]],Table35[#All],5,FALSE) -> - | P25: =VLOOKUP(Tabla3[[#This Row],[Site]],Table35[#All],6,FALSE) -> 13, 26, 29 | Q25: =VLOOKUP(Tabla3[[#This Row],[Site]],Table35[#All],8,FALSE) -> 342
A26: =+Tabla3[[#This Row],[Site]]&Tabla3[[#This Row],[Split]] -> (AS) Koons Woodbridge GMC (NO TOURS)1 | B26: 1 | C26: 1 | D26: (AS) Koons Woodbridge GMC (NO TOURS) | E26: =VLOOKUP(Tabla3[[#This Row],[Site]],Table35[],10,FALSE) -> 9:00 P.M. | F26: =VLOOKUP(Tabla3[[#This Row],[Site]],Table35[],11,FALSE) -> ET | G26: =VLOOKUP(Tabla3[[#This Row],[Site]],Table35[],12,FALSE) -> 5:00 A.M. | H26: =HYPERLINK(VLOOKUP(Tabla3[[#This Row],[Site]],Table35[#All],9,FALSE)) -> https://tools.sig.systems/site/details/343 | I26: =VLOOKUP(Tabla3[[#This Row],[Site]],Table35[],13,FALSE) -> 0 | J26: =VLOOKUP(Tabla3[[#This Row],[Site]],Table35[],14,FALSE) -> 10:00 A.M. | L26: =VLOOKUP(Tabla3[[#This Row],[Site]],Table35[#All],2,FALSE) -> - | M26: =VLOOKUP(Tabla3[[#This Row],[Site]],Table35[#All],3,FALSE) -> 1 | N26: =VLOOKUP(Tabla3[[#This Row],[Site]],Table35[#All],4,FALSE) -> - | O26: =VLOOKUP(Tabla3[[#This Row],[Site]],Table35[#All],5,FALSE) -> 11 | P26: =VLOOKUP(Tabla3[[#This Row],[Site]],Table35[#All],6,FALSE) -> 2, 7 | Q26: =VLOOKUP(Tabla3[[#This Row],[Site]],Table35[#All],8,FALSE) -> 343
A27: =+Tabla3[[#This Row],[Site]]&Tabla3[[#This Row],[Split]] -> (AS) Koons Woodbridge Hyundai (NO TOURS)1 | B27: 1 | C27: 1 | D27: (AS) Koons Woodbridge Hyundai (NO TOURS) | E27: =VLOOKUP(Tabla3[[#This Row],[Site]],Table35[],10,FALSE) -> 9:00 P.M. | F27: =VLOOKUP(Tabla3[[#This Row],[Site]],Table35[],11,FALSE) -> ET | G27: =VLOOKUP(Tabla3[[#This Row],[Site]],Table35[],12,FALSE) -> 5:00 A.M. | H27: =HYPERLINK(VLOOKUP(Tabla3[[#This Row],[Site]],Table35[#All],9,FALSE)) -> https://tools.sig.systems/site/details/347 | I27: =VLOOKUP(Tabla3[[#This Row],[Site]],Table35[],13,FALSE) -> - | J27: =VLOOKUP(Tabla3[[#This Row],[Site]],Table35[],14,FALSE) -> 8:00 A.M. | L27: =VLOOKUP(Tabla3[[#This Row],[Site]],Table35[#All],2,FALSE) -> - | M27: =VLOOKUP(Tabla3[[#This Row],[Site]],Table35[#All],3,FALSE) -> 1, 17 | N27: =VLOOKUP(Tabla3[[#This Row],[Site]],Table35[#All],4,FALSE) -> - | O27: =VLOOKUP(Tabla3[[#This Row],[Site]],Table35[#All],5,FALSE) -> - | P27: =VLOOKUP(Tabla3[[#This Row],[Site]],Table35[#All],6,FALSE) -> 4, 14, 22 | Q27: =VLOOKUP(Tabla3[[#This Row],[Site]],Table35[#All],8,FALSE) -> 347
A28: =+Tabla3[[#This Row],[Site]]&Tabla3[[#This Row],[Split]] -> (AS) Koons Woodbridge Kia (NO TOURS)1 | B28: 1 | C28: 1 | D28: (AS) Koons Woodbridge Kia (NO TOURS) | E28: =VLOOKUP(Tabla3[[#This Row],[Site]],Table35[],10,FALSE) -> 9:00 P.M. | F28: =VLOOKUP(Tabla3[[#This Row],[Site]],Table35[],11,FALSE) -> ET | G28: =VLOOKUP(Tabla3[[#This Row],[Site]],Table35[],12,FALSE) -> 5:00 A.M. | H28: =HYPERLINK(VLOOKUP(Tabla3[[#This Row],[Site]],Table35[#All],9,FALSE)) -> https://tools.sig.systems/site/details/346 | I28: =VLOOKUP(Tabla3[[#This Row],[Site]],Table35[],13,FALSE) -> - | J28: =VLOOKUP(Tabla3[[#This Row],[Site]],Table35[],14,FALSE) -> 10:00 A.M. | L28: =VLOOKUP(Tabla3[[#This Row],[Site]],Table35[#All],2,FALSE) -> - | M28: =VLOOKUP(Tabla3[[#This Row],[Site]],Table35[#All],3,FALSE) -> 2 | N28: =VLOOKUP(Tabla3[[#This Row],[Site]],Table35[#All],4,FALSE) -> - | O28: =VLOOKUP(Tabla3[[#This Row],[Site]],Table35[#All],5,FALSE) -> - | P28: =VLOOKUP(Tabla3[[#This Row],[Site]],Table35[#All],6,FALSE) -> 5 | Q28: =VLOOKUP(Tabla3[[#This Row],[Site]],Table35[#All],8,FALSE) -> 346
A29: =+Tabla3[[#This Row],[Site]]&Tabla3[[#This Row],[Split]] -> (AS) Larry H Miller CDJR Fiat (NO TOURS)1 | B29: 1 | C29: 1 | D29: (AS) Larry H Miller CDJR Fiat (NO TOURS) | E29: =VLOOKUP(Tabla3[[#This Row],[Site]],Table35[],10,FALSE) -> 11:00 P.M. | F29: =VLOOKUP(Tabla3[[#This Row],[Site]],Table35[],11,FALSE) -> MT | G29: =VLOOKUP(Tabla3[[#This Row],[Site]],Table35[],12,FALSE) -> 7:00 A.M. | H29: =HYPERLINK(VLOOKUP(Tabla3[[#This Row],[Site]],Table35[#All],9,FALSE)) -> https://tools.sig.systems/site/details/298 | I29: =VLOOKUP(Tabla3[[#This Row],[Site]],Table35[],13,FALSE) -> 0 | J29: =VLOOKUP(Tabla3[[#This Row],[Site]],Table35[],14,FALSE) -> - | L29: =VLOOKUP(Tabla3[[#This Row],[Site]],Table35[#All],2,FALSE) -> 7, 11 | M29: =VLOOKUP(Tabla3[[#This Row],[Site]],Table35[#All],3,FALSE) -> 2, 3 | N29: =VLOOKUP(Tabla3[[#This Row],[Site]],Table35[#All],4,FALSE) -> - | O29: =VLOOKUP(Tabla3[[#This Row],[Site]],Table35[#All],5,FALSE) -> - | P29: =VLOOKUP(Tabla3[[#This Row],[Site]],Table35[#All],6,FALSE) -> 2, 6, 10, 15, 18 | Q29: =VLOOKUP(Tabla3[[#This Row],[Site]],Table35[#All],8,FALSE) -> 298
A30: =+Tabla3[[#This Row],[Site]]&Tabla3[[#This Row],[Split]] -> (AS) Plaza Collision ST Louis (NO TOURS)1 | B30: 1 | C30: 1 | D30: (AS) Plaza Collision ST Louis (NO TOURS) | E30: =VLOOKUP(Tabla3[[#This Row],[Site]],Table35[],10,FALSE) -> 10:00 P.M. | F30: =VLOOKUP(Tabla3[[#This Row],[Site]],Table35[],11,FALSE) -> CT | G30: =VLOOKUP(Tabla3[[#This Row],[Site]],Table35[],12,FALSE) -> 6:00 A.M. | H30: =HYPERLINK(VLOOKUP(Tabla3[[#This Row],[Site]],Table35[#All],9,FALSE)) -> https://tools.sig.systems/site/details/350 | I30: =VLOOKUP(Tabla3[[#This Row],[Site]],Table35[],13,FALSE) -> - | J30: =VLOOKUP(Tabla3[[#This Row],[Site]],Table35[],14,FALSE) -> - | L30: =VLOOKUP(Tabla3[[#This Row],[Site]],Table35[#All],2,FALSE) -> 2, 6 | M30: =VLOOKUP(Tabla3[[#This Row],[Site]],Table35[#All],3,FALSE) -> 1 | N30: =VLOOKUP(Tabla3[[#This Row],[Site]],Table35[#All],4,FALSE) -> - | O30: =VLOOKUP(Tabla3[[#This Row],[Site]],Table35[#All],5,FALSE) -> - | P30: =VLOOKUP(Tabla3[[#This Row],[Site]],Table35[#All],6,FALSE) -> 3 | Q30: =VLOOKUP(Tabla3[[#This Row],[Site]],Table35[#All],8,FALSE) -> 350
A31: =+Tabla3[[#This Row],[Site]]&Tabla3[[#This Row],[Split]] -> (AS) Plaza Mercedes Benz West (NO TOURS)1 | B31: 1 | C31: 1 | D31: (AS) Plaza Mercedes Benz West (NO TOURS) | E31: =VLOOKUP(Tabla3[[#This Row],[Site]],Table35[],10,FALSE) -> 10:00 P.M. | F31: =VLOOKUP(Tabla3[[#This Row],[Site]],Table35[],11,FALSE) -> CT | G31: =VLOOKUP(Tabla3[[#This Row],[Site]],Table35[],12,FALSE) -> 6:00 A.M. | H31: =HYPERLINK(VLOOKUP(Tabla3[[#This Row],[Site]],Table35[#All],9,FALSE)) -> https://tools.sig.systems/site/details/349 | I31: =VLOOKUP(Tabla3[[#This Row],[Site]],Table35[],13,FALSE) -> 0 | J31: =VLOOKUP(Tabla3[[#This Row],[Site]],Table35[],14,FALSE) -> - | L31: =VLOOKUP(Tabla3[[#This Row],[Site]],Table35[#All],2,FALSE) -> - | M31: =VLOOKUP(Tabla3[[#This Row],[Site]],Table35[#All],3,FALSE) -> 1, 7 | N31: =VLOOKUP(Tabla3[[#This Row],[Site]],Table35[#All],4,FALSE) -> - | O31: =VLOOKUP(Tabla3[[#This Row],[Site]],Table35[#All],5,FALSE) -> 17 | P31: =VLOOKUP(Tabla3[[#This Row],[Site]],Table35[#All],6,FALSE) -> 6, 21 | Q31: =VLOOKUP(Tabla3[[#This Row],[Site]],Table35[#All],8,FALSE) -> 349
A32: =+Tabla3[[#This Row],[Site]]&Tabla3[[#This Row],[Split]] -> (BRL) Fort Pierce1 | B32: 1 | C32: 1 | D32: (BRL) Fort Pierce | E32: =VLOOKUP(Tabla3[[#This Row],[Site]],Table35[],10,FALSE) -> 24H | F32: =VLOOKUP(Tabla3[[#This Row],[Site]],Table35[],11,FALSE) -> ET | G32: =VLOOKUP(Tabla3[[#This Row],[Site]],Table35[],12,FALSE) -> - | H32: =HYPERLINK(VLOOKUP(Tabla3[[#This Row],[Site]],Table35[#All],9,FALSE)) -> https://tools.sig.systems/site/details/326 | I32: =VLOOKUP(Tabla3[[#This Row],[Site]],Table35[],13,FALSE) -> - | J32: =VLOOKUP(Tabla3[[#This Row],[Site]],Table35[],14,FALSE) -> - | L32: =VLOOKUP(Tabla3[[#This Row],[Site]],Table35[#All],2,FALSE) -> - | M32: =VLOOKUP(Tabla3[[#This Row],[Site]],Table35[#All],3,FALSE) -> 1 | N32: =VLOOKUP(Tabla3[[#This Row],[Site]],Table35[#All],4,FALSE) -> - | O32: =VLOOKUP(Tabla3[[#This Row],[Site]],Table35[#All],5,FALSE) -> 2 | P32: =VLOOKUP(Tabla3[[#This Row],[Site]],Table35[#All],6,FALSE) -> 15, 18 | Q32: =VLOOKUP(Tabla3[[#This Row],[Site]],Table35[#All],8,FALSE) -> 326
A33: =+Tabla3[[#This Row],[Site]]&Tabla3[[#This Row],[Split]] -> (BRL) Shoemakersville1 | B33: 1 | C33: 1 | D33: (BRL) Shoemakersville | E33: =VLOOKUP(Tabla3[[#This Row],[Site]],Table35[],10,FALSE) -> 24H | F33: =VLOOKUP(Tabla3[[#This Row],[Site]],Table35[],11,FALSE) -> ET | G33: =VLOOKUP(Tabla3[[#This Row],[Site]],Table35[],12,FALSE) -> - | H33: =HYPERLINK(VLOOKUP(Tabla3[[#This Row],[Site]],Table35[#All],9,FALSE)) -> https://tools.sig.systems/site/details/302 | I33: =VLOOKUP(Tabla3[[#This Row],[Site]],Table35[],13,FALSE) -> 0 | J33: =VLOOKUP(Tabla3[[#This Row],[Site]],Table35[],14,FALSE) -> - | L33: =VLOOKUP(Tabla3[[#This Row],[Site]],Table35[#All],2,FALSE) -> - | M33: =VLOOKUP(Tabla3[[#This Row],[Site]],Table35[#All],3,FALSE) -> 8, 11 | N33: =VLOOKUP(Tabla3[[#This Row],[Site]],Table35[#All],4,FALSE) -> - | O33: =VLOOKUP(Tabla3[[#This Row],[Site]],Table35[#All],5,FALSE) -> 1, 6, 13A, 15, 18A | P33: =VLOOKUP(Tabla3[[#This Row],[Site]],Table35[#All],6,FALSE) -> 13B, 23 | Q33: =VLOOKUP(Tabla3[[#This Row],[Site]],Table35[#All],8,FALSE) -> 302
A34: =+Tabla3[[#This Row],[Site]]&Tabla3[[#This Row],[Split]] -> (DT) Arlington1 | B34: 1 | C34: 1 | D34: (DT) Arlington | E34: =VLOOKUP(Tabla3[[#This Row],[Site]],Table35[],10,FALSE) -> 10:00 P.M. | F34: =VLOOKUP(Tabla3[[#This Row],[Site]],Table35[],11,FALSE) -> CT | G34: =VLOOKUP(Tabla3[[#This Row],[Site]],Table35[],12,FALSE) -> 6:00 A.M. | H34: =HYPERLINK(VLOOKUP(Tabla3[[#This Row],[Site]],Table35[#All],9,FALSE)) -> https://tools.sig.systems/site/details/199 | I34: =VLOOKUP(Tabla3[[#This Row],[Site]],Table35[],13,FALSE) -> 0 | J34: =VLOOKUP(Tabla3[[#This Row],[Site]],Table35[],14,FALSE) -> - | L34: =VLOOKUP(Tabla3[[#This Row],[Site]],Table35[#All],2,FALSE) -> 8 | M34: =VLOOKUP(Tabla3[[#This Row],[Site]],Table35[#All],3,FALSE) -> 3 | N34: =VLOOKUP(Tabla3[[#This Row],[Site]],Table35[#All],4,FALSE) -> - | O34: =VLOOKUP(Tabla3[[#This Row],[Site]],Table35[#All],5,FALSE) -> - | P34: =VLOOKUP(Tabla3[[#This Row],[Site]],Table35[#All],6,FALSE) -> 3, 8, 9 | Q34: 334
A35: =+Tabla3[[#This Row],[Site]]&Tabla3[[#This Row],[Split]] -> (DT) Charlotte1 | B35: 1 | C35: 1 | D35: (DT) Charlotte | E35: =VLOOKUP(Tabla3[[#This Row],[Site]],Table35[],10,FALSE) -> 9:00 P.M. | F35: =VLOOKUP(Tabla3[[#This Row],[Site]],Table35[],11,FALSE) -> ET | G35: =VLOOKUP(Tabla3[[#This Row],[Site]],Table35[],12,FALSE) -> 5:00 A.M. | H35: =HYPERLINK(VLOOKUP(Tabla3[[#This Row],[Site]],Table35[#All],9,FALSE)) -> https://tools.sig.systems/site/details/299 | I35: =VLOOKUP(Tabla3[[#This Row],[Site]],Table35[],13,FALSE) -> 0 | J35: =VLOOKUP(Tabla3[[#This Row],[Site]],Table35[],14,FALSE) -> - | L35: =VLOOKUP(Tabla3[[#This Row],[Site]],Table35[#All],2,FALSE) -> 4, 25, 41 | M35: =VLOOKUP(Tabla3[[#This Row],[Site]],Table35[#All],3,FALSE) -> - | N35: =VLOOKUP(Tabla3[[#This Row],[Site]],Table35[#All],4,FALSE) -> - | O35: =VLOOKUP(Tabla3[[#This Row],[Site]],Table35[#All],5,FALSE) -> 11, 32, 35 | P35: =VLOOKUP(Tabla3[[#This Row],[Site]],Table35[#All],6,FALSE) -> 6, 11, 18, 29, 34, 38, 39 | Q35: =VLOOKUP(Tabla3[[#This Row],[Site]],Table35[#All],8,FALSE) -> 299
A36: =+Tabla3[[#This Row],[Site]]&Tabla3[[#This Row],[Split]] -> (DT) Modesto1 | B36: 1 | C36: 1 | D36: (DT) Modesto | E36: =VLOOKUP(Tabla3[[#This Row],[Site]],Table35[],10,FALSE) -> 12:00 A.M. | F36: =VLOOKUP(Tabla3[[#This Row],[Site]],Table35[],11,FALSE) -> PT | G36: =VLOOKUP(Tabla3[[#This Row],[Site]],Table35[],12,FALSE) -> 8:00 A.M. | H36: =HYPERLINK(VLOOKUP(Tabla3[[#This Row],[Site]],Table35[#All],9,FALSE)) -> https://tools.sig.systems/site/details/267 | I36: =VLOOKUP(Tabla3[[#This Row],[Site]],Table35[],13,FALSE) -> 0 | J36: =VLOOKUP(Tabla3[[#This Row],[Site]],Table35[],14,FALSE) -> - | L36: =VLOOKUP(Tabla3[[#This Row],[Site]],Table35[#All],2,FALSE) -> 10 | M36: =VLOOKUP(Tabla3[[#This Row],[Site]],Table35[#All],3,FALSE) -> 5, 6 | N36: =VLOOKUP(Tabla3[[#This Row],[Site]],Table35[#All],4,FALSE) -> - | O36: =VLOOKUP(Tabla3[[#This Row],[Site]],Table35[#All],5,FALSE) -> - | P36: =VLOOKUP(Tabla3[[#This Row],[Site]],Table35[#All],6,FALSE) -> 2, 3, 5, 10 | Q36: =VLOOKUP(Tabla3[[#This Row],[Site]],Table35[#All],8,FALSE) -> 267
A37: =+Tabla3[[#This Row],[Site]]&Tabla3[[#This Row],[Split]] -> (KG) Big Star Cadillac1 | B37: 1 | C37: 1 | D37: (KG) Big Star Cadillac | E37: =VLOOKUP(Tabla3[[#This Row],[Site]],Table35[],10,FALSE) -> 10:00 P.M. | F37: =VLOOKUP(Tabla3[[#This Row],[Site]],Table35[],11,FALSE) -> CT | G37: =VLOOKUP(Tabla3[[#This Row],[Site]],Table35[],12,FALSE) -> 6:00 A.M. | H37: =HYPERLINK(VLOOKUP(Tabla3[[#This Row],[Site]],Table35[#All],9,FALSE)) -> https://tools.sig.systems/site/details/316 | I37: =VLOOKUP(Tabla3[[#This Row],[Site]],Table35[],13,FALSE) -> https://www.google.com/maps/d/edit?mid=1jIRkMUnWNPuTgDjQgDP-f33LClT85NU&usp=sharing | J37: =VLOOKUP(Tabla3[[#This Row],[Site]],Table35[],14,FALSE) -> - | L37: =VLOOKUP(Tabla3[[#This Row],[Site]],Table35[#All],2,FALSE) -> 1, 4, 16 | M37: =VLOOKUP(Tabla3[[#This Row],[Site]],Table35[#All],3,FALSE) -> - | N37: =VLOOKUP(Tabla3[[#This Row],[Site]],Table35[#All],4,FALSE) -> - | O37: =VLOOKUP(Tabla3[[#This Row],[Site]],Table35[#All],5,FALSE) -> - | P37: =VLOOKUP(Tabla3[[#This Row],[Site]],Table35[#All],6,FALSE) -> 15, 16, 19, 20 | Q37: =VLOOKUP(Tabla3[[#This Row],[Site]],Table35[#All],8,FALSE) -> 316
A38: =+Tabla3[[#This Row],[Site]]&Tabla3[[#This Row],[Split]] -> (KG) Big Star Hyundai Houston1 | B38: 1 | C38: 1 | D38: (KG) Big Star Hyundai Houston | E38: =VLOOKUP(Tabla3[[#This Row],[Site]],Table35[],10,FALSE) -> 10:00 P.M. | F38: =VLOOKUP(Tabla3[[#This Row],[Site]],Table35[],11,FALSE) -> CT | G38: =VLOOKUP(Tabla3[[#This Row],[Site]],Table35[],12,FALSE) -> 6:00 A.M. | H38: =HYPERLINK(VLOOKUP(Tabla3[[#This Row],[Site]],Table35[#All],9,FALSE)) -> https://tools.sig.systems/site/details/287 | I38: =VLOOKUP(Tabla3[[#This Row],[Site]],Table35[],13,FALSE) -> https://www.google.com/maps/d/edit?hl=en&mid=1jIRkMUnWNPuTgDjQgDP-f33LClT85NU&ll=29.55731827236326%2C-95.1601644&z=17 | J38: =VLOOKUP(Tabla3[[#This Row],[Site]],Table35[],14,FALSE) -> - | L38: 3, 12, 17 | M38: 23, 35 | N38: - | O38: 1, 75 | P38: 5, 11, 16, 20, 26, 30, 32, 34 | Q38: 287
A39: =+Tabla3[[#This Row],[Site]]&Tabla3[[#This Row],[Split]] -> (KG) Ken Garff Kia of Avondale1 | B39: 1 | C39: 1 | D39: (KG) Ken Garff Kia of Avondale | E39: =VLOOKUP(Tabla3[[#This Row],[Site]],Table35[],10,FALSE) -> 12:00 A.M. | F39: =VLOOKUP(Tabla3[[#This Row],[Site]],Table35[],11,FALSE) -> MST | G39: =VLOOKUP(Tabla3[[#This Row],[Site]],Table35[],12,FALSE) -> 8:00 A.M. | H39: =HYPERLINK(VLOOKUP(Tabla3[[#This Row],[Site]],Table35[#All],9,FALSE)) -> https://tools.sig.systems/site/details/283 | I39: =VLOOKUP(Tabla3[[#This Row],[Site]],Table35[],13,FALSE) -> https://www.google.com/maps/d/viewer?mid=1bDs0QGFZwL3vEeGKxjVMk_j4azr0-lg&ll=33.4593758581648%2C-112.28793780000001&z=18 | J39: =VLOOKUP(Tabla3[[#This Row],[Site]],Table35[],14,FALSE) -> 12:00 P.M. | L39: =VLOOKUP(Tabla3[[#This Row],[Site]],Table35[#All],2,FALSE) -> 5, 19 | M39: =VLOOKUP(Tabla3[[#This Row],[Site]],Table35[#All],3,FALSE) -> - | N39: =VLOOKUP(Tabla3[[#This Row],[Site]],Table35[#All],4,FALSE) -> - | O39: =VLOOKUP(Tabla3[[#This Row],[Site]],Table35[#All],5,FALSE) -> 3, 5 | P39: =VLOOKUP(Tabla3[[#This Row],[Site]],Table35[#All],6,FALSE) -> 1, 6, 7, 12, 15, 17, 21 | Q39: =VLOOKUP(Tabla3[[#This Row],[Site]],Table35[#All],8,FALSE) -> 283
A40: =+Tabla3[[#This Row],[Site]]&Tabla3[[#This Row],[Split]] -> (KG) Ken Garff Volkswagen of Gilbert1 | B40: 1 | C40: 1 | D40: (KG) Ken Garff Volkswagen of Gilbert | E40: =VLOOKUP(Tabla3[[#This Row],[Site]],Table35[],10,FALSE) -> 12:00 A.M. | F40: =VLOOKUP(Tabla3[[#This Row],[Site]],Table35[],11,FALSE) -> MST | G40: =VLOOKUP(Tabla3[[#This Row],[Site]],Table35[],12,FALSE) -> 8:00 A.M. | H40: =HYPERLINK(VLOOKUP(Tabla3[[#This Row],[Site]],Table35[#All],9,FALSE)) -> https://tools.sig.systems/site/details/284 | I40: =VLOOKUP(Tabla3[[#This Row],[Site]],Table35[],13,FALSE) -> https://www.google.com/maps/d/viewer?hl=es&mid=19SU7XE9Cg8jhVFpEI21Vi9Zfgdih9Ds&ll=33.29158262977276%2C-111.75783630000002&z=17 | J40: =VLOOKUP(Tabla3[[#This Row],[Site]],Table35[],14,FALSE) -> 12:00 P.M. | L40: =VLOOKUP(Tabla3[[#This Row],[Site]],Table35[#All],2,FALSE) -> 4, 6 | M40: =VLOOKUP(Tabla3[[#This Row],[Site]],Table35[#All],3,FALSE) -> - | N40: =VLOOKUP(Tabla3[[#This Row],[Site]],Table35[#All],4,FALSE) -> - | O40: =VLOOKUP(Tabla3[[#This Row],[Site]],Table35[#All],5,FALSE) -> 2, 14 | P40: =VLOOKUP(Tabla3[[#This Row],[Site]],Table35[#All],6,FALSE) -> 1, 5, 8, 9, 17, 19, 21 | Q40: =VLOOKUP(Tabla3[[#This Row],[Site]],Table35[#All],8,FALSE) -> 284
A41: =+Tabla3[[#This Row],[Site]]&Tabla3[[#This Row],[Split]] -> (LT) Landers Kia of Little Rock1 | B41: 1 | C41: 1 | D41: (LT) Landers Kia of Little Rock | E41: =VLOOKUP(Tabla3[[#This Row],[Site]],Table35[],10,FALSE) -> 10:00 P.M. | F41: =VLOOKUP(Tabla3[[#This Row],[Site]],Table35[],11,FALSE) -> CT | G41: =VLOOKUP(Tabla3[[#This Row],[Site]],Table35[],12,FALSE) -> 6:00 A.M. | H41: =HYPERLINK(VLOOKUP(Tabla3[[#This Row],[Site]],Table35[#All],9,FALSE)) -> https://tools.sig.systems/site/details/322 | I41: =VLOOKUP(Tabla3[[#This Row],[Site]],Table35[],13,FALSE) -> https://www.google.com/maps/d/u/1/edit?mid=1-zEzsc6U6nZom08edp0XAd3_HYFvAyk&usp=sharing | J41: =VLOOKUP(Tabla3[[#This Row],[Site]],Table35[],14,FALSE) -> - | L41: =VLOOKUP(Tabla3[[#This Row],[Site]],Table35[#All],2,FALSE) -> 5, 9, 33, 19 | M41: =VLOOKUP(Tabla3[[#This Row],[Site]],Table35[#All],3,FALSE) -> - | N41: =VLOOKUP(Tabla3[[#This Row],[Site]],Table35[#All],4,FALSE) -> 4, 10 | O41: =VLOOKUP(Tabla3[[#This Row],[Site]],Table35[#All],5,FALSE) -> 1, 35 | P41: =VLOOKUP(Tabla3[[#This Row],[Site]],Table35[#All],6,FALSE) -> 5, 9, 12, 14, 18, 26, 29 | Q41: =VLOOKUP(Tabla3[[#This Row],[Site]],Table35[#All],8,FALSE) -> 322
A42: =+Tabla3[[#This Row],[Site]]&Tabla3[[#This Row],[Split]] -> (LT) Luther Bloomington Hyundai (NO TOURS)1 | B42: 1 | C42: 1 | D42: (LT) Luther Bloomington Hyundai (NO TOURS) | E42: =VLOOKUP(Tabla3[[#This Row],[Site]],Table35[],10,FALSE) -> 10:00 P.M. | F42: =VLOOKUP(Tabla3[[#This Row],[Site]],Table35[],11,FALSE) -> CT | G42: =VLOOKUP(Tabla3[[#This Row],[Site]],Table35[],12,FALSE) -> 6:00 A.M. | H42: =HYPERLINK(VLOOKUP(Tabla3[[#This Row],[Site]],Table35[#All],9,FALSE)) -> https://tools.sig.systems/site/details/318 | I42: =VLOOKUP(Tabla3[[#This Row],[Site]],Table35[],13,FALSE) -> 0 | J42: =VLOOKUP(Tabla3[[#This Row],[Site]],Table35[],14,FALSE) -> - | L42: =VLOOKUP(Tabla3[[#This Row],[Site]],Table35[#All],2,FALSE) -> - | M42: =VLOOKUP(Tabla3[[#This Row],[Site]],Table35[#All],3,FALSE) -> 6, 9, 13 | N42: =VLOOKUP(Tabla3[[#This Row],[Site]],Table35[#All],4,FALSE) -> 58, 59 | O42: =VLOOKUP(Tabla3[[#This Row],[Site]],Table35[#All],5,FALSE) -> 10 | P42: =VLOOKUP(Tabla3[[#This Row],[Site]],Table35[#All],6,FALSE) -> 11, 18 | Q42: =VLOOKUP(Tabla3[[#This Row],[Site]],Table35[#All],8,FALSE) -> 318
A43: =+Tabla3[[#This Row],[Site]]&Tabla3[[#This Row],[Split]] -> (LT) Luther Bloomington Subaru - Acura1 | B43: 1 | C43: 1 | D43: (LT) Luther Bloomington Subaru - Acura | E43: =VLOOKUP(Tabla3[[#This Row],[Site]],Table35[],10,FALSE) -> 9:30 P.M. | F43: =VLOOKUP(Tabla3[[#This Row],[Site]],Table35[],11,FALSE) -> CT | G43: =VLOOKUP(Tabla3[[#This Row],[Site]],Table35[],12,FALSE) -> 4:00 A.M. | H43: =HYPERLINK(VLOOKUP(Tabla3[[#This Row],[Site]],Table35[#All],9,FALSE)) -> https://tools.sig.systems/site/details/289 | I43: =VLOOKUP(Tabla3[[#This Row],[Site]],Table35[],13,FALSE) -> 0 | J43: =VLOOKUP(Tabla3[[#This Row],[Site]],Table35[],14,FALSE) -> - | L43: =VLOOKUP(Tabla3[[#This Row],[Site]],Table35[#All],2,FALSE) -> 29 | M43: =VLOOKUP(Tabla3[[#This Row],[Site]],Table35[#All],3,FALSE) -> 5, 8, 33 | N43: =VLOOKUP(Tabla3[[#This Row],[Site]],Table35[#All],4,FALSE) -> 4, 7, 35 | O43: =VLOOKUP(Tabla3[[#This Row],[Site]],Table35[#All],5,FALSE) -> - | P43: =VLOOKUP(Tabla3[[#This Row],[Site]],Table35[#All],6,FALSE) -> 1, 2, 14, 24, 34 | Q43: =VLOOKUP(Tabla3[[#This Row],[Site]],Table35[#All],8,FALSE) -> 289
A44: =+Tabla3[[#This Row],[Site]]&Tabla3[[#This Row],[Split]] -> (LT) Luther Brookdale Honda (NO TOURS)1 | B44: 1 | C44: 1 | D44: (LT) Luther Brookdale Honda (NO TOURS) | E44: =VLOOKUP(Tabla3[[#This Row],[Site]],Table35[],10,FALSE) -> 10:00 P.M. | F44: =VLOOKUP(Tabla3[[#This Row],[Site]],Table35[],11,FALSE) -> CT | G44: =VLOOKUP(Tabla3[[#This Row],[Site]],Table35[],12,FALSE) -> 6:00 A.M. | H44: =HYPERLINK(VLOOKUP(Tabla3[[#This Row],[Site]],Table35[#All],9,FALSE)) -> https://tools.sig.systems/site/details/280 | I44: =VLOOKUP(Tabla3[[#This Row],[Site]],Table35[],13,FALSE) -> https://www.google.com/maps/d/viewer?mid=1ot0ILX76JMuvd9yMuqkb4_e0yH1n7TA&ll=45.07815812965141%2C-93.33506855000002&z=17 | J44: =VLOOKUP(Tabla3[[#This Row],[Site]],Table35[],14,FALSE) -> - | L44: =VLOOKUP(Tabla3[[#This Row],[Site]],Table35[#All],2,FALSE) -> - | M44: =VLOOKUP(Tabla3[[#This Row],[Site]],Table35[#All],3,FALSE) -> 1, 21 | N44: =VLOOKUP(Tabla3[[#This Row],[Site]],Table35[#All],4,FALSE) -> 38, 39, 40 | O44: =VLOOKUP(Tabla3[[#This Row],[Site]],Table35[#All],5,FALSE) -> 2, 10, 19 | P44: =VLOOKUP(Tabla3[[#This Row],[Site]],Table35[#All],6,FALSE) -> 4, 5, 7, 11, 13, 20, 24, 36 | Q44: =VLOOKUP(Tabla3[[#This Row],[Site]],Table35[#All],8,FALSE) -> 280
A45: =+Tabla3[[#This Row],[Site]]&Tabla3[[#This Row],[Split]] -> (LT) Luther Brookdale Toyota1 | B45: 1 | C45: 1 | D45: (LT) Luther Brookdale Toyota | E45: =VLOOKUP(Tabla3[[#This Row],[Site]],Table35[],10,FALSE) -> 10:00 P.M. | F45: =VLOOKUP(Tabla3[[#This Row],[Site]],Table35[],11,FALSE) -> CT | G45: =VLOOKUP(Tabla3[[#This Row],[Site]],Table35[],12,FALSE) -> 5:00 A.M. | H45: =HYPERLINK(VLOOKUP(Tabla3[[#This Row],[Site]],Table35[#All],9,FALSE)) -> https://tools.sig.systems/site/details/281 | I45: =VLOOKUP(Tabla3[[#This Row],[Site]],Table35[],13,FALSE) -> https://www.google.com/maps/d/viewer?mid=1ot0ILX76JMuvd9yMuqkb4_e0yH1n7TA&ll=45.07815812965141%2C-93.33506855000002&z=17 | J45: =VLOOKUP(Tabla3[[#This Row],[Site]],Table35[],14,FALSE) -> - | L45: =VLOOKUP(Tabla3[[#This Row],[Site]],Table35[#All],2,FALSE) -> - | M45: =VLOOKUP(Tabla3[[#This Row],[Site]],Table35[#All],3,FALSE) -> 5, 7 | N45: =VLOOKUP(Tabla3[[#This Row],[Site]],Table35[#All],4,FALSE) -> 29 | O45: =VLOOKUP(Tabla3[[#This Row],[Site]],Table35[#All],5,FALSE) -> 20 | P45: =VLOOKUP(Tabla3[[#This Row],[Site]],Table35[#All],6,FALSE) -> 1, 2, 4, 10, 18, 24, 25 | Q45: =VLOOKUP(Tabla3[[#This Row],[Site]],Table35[#All],8,FALSE) -> 281
A46: =+Tabla3[[#This Row],[Site]]&Tabla3[[#This Row],[Split]] -> (LT) Luther Burnsville Hyundai1 | B46: 1 | C46: 1 | D46: (LT) Luther Burnsville Hyundai | E46: =VLOOKUP(Tabla3[[#This Row],[Site]],Table35[],10,FALSE) -> 10:00 P.M. | F46: =VLOOKUP(Tabla3[[#This Row],[Site]],Table35[],11,FALSE) -> CT | G46: =VLOOKUP(Tabla3[[#This Row],[Site]],Table35[],12,FALSE) -> 6:00 A.M. | H46: =HYPERLINK(VLOOKUP(Tabla3[[#This Row],[Site]],Table35[#All],9,FALSE)) -> https://tools.sig.systems/site/details/307 | I46: =VLOOKUP(Tabla3[[#This Row],[Site]],Table35[],13,FALSE) -> 0 | J46: =VLOOKUP(Tabla3[[#This Row],[Site]],Table35[],14,FALSE) -> - | L46: =VLOOKUP(Tabla3[[#This Row],[Site]],Table35[#All],2,FALSE) -> - | M46: =VLOOKUP(Tabla3[[#This Row],[Site]],Table35[#All],3,FALSE) -> 6, 17 | N46: =VLOOKUP(Tabla3[[#This Row],[Site]],Table35[#All],4,FALSE) -> 22, 21 | O46: =VLOOKUP(Tabla3[[#This Row],[Site]],Table35[#All],5,FALSE) -> 7 | P46: =VLOOKUP(Tabla3[[#This Row],[Site]],Table35[#All],6,FALSE) -> 2, 4, 16 | Q46: =VLOOKUP(Tabla3[[#This Row],[Site]],Table35[#All],8,FALSE) -> 307
A47: =+Tabla3[[#This Row],[Site]]&Tabla3[[#This Row],[Split]] -> (LT) Luther Genesis of Minneapolis1 | B47: 1 | C47: 1 | D47: (LT) Luther Genesis of Minneapolis | E47: =VLOOKUP(Tabla3[[#This Row],[Site]],Table35[],10,FALSE) -> 10:00 P.M. | F47: =VLOOKUP(Tabla3[[#This Row],[Site]],Table35[],11,FALSE) -> CT | G47: =VLOOKUP(Tabla3[[#This Row],[Site]],Table35[],12,FALSE) -> 6:00 A.M. | H47: =HYPERLINK(VLOOKUP(Tabla3[[#This Row],[Site]],Table35[#All],9,FALSE)) -> https://tools.sig.systems/site/details/315 | I47: =VLOOKUP(Tabla3[[#This Row],[Site]],Table35[],13,FALSE) -> 0 | J47: =VLOOKUP(Tabla3[[#This Row],[Site]],Table35[],14,FALSE) -> - | L47: =VLOOKUP(Tabla3[[#This Row],[Site]],Table35[#All],2,FALSE) -> - | M47: =VLOOKUP(Tabla3[[#This Row],[Site]],Table35[#All],3,FALSE) -> 1,2,3,18 | N47: =VLOOKUP(Tabla3[[#This Row],[Site]],Table35[#All],4,FALSE) -> - | O47: =VLOOKUP(Tabla3[[#This Row],[Site]],Table35[#All],5,FALSE) -> - | P47: =VLOOKUP(Tabla3[[#This Row],[Site]],Table35[#All],6,FALSE) -> 1,2,3,5,16,18 | Q47: =VLOOKUP(Tabla3[[#This Row],[Site]],Table35[#All],8,FALSE) -> 315
A48: =+Tabla3[[#This Row],[Site]]&Tabla3[[#This Row],[Split]] -> (LT) Luther Hopkins Honda (NO TOURS)1 | B48: 1 | C48: 1 | D48: (LT) Luther Hopkins Honda (NO TOURS) | E48: =VLOOKUP(Tabla3[[#This Row],[Site]],Table35[],10,FALSE) -> 10:00 P.M. | F48: =VLOOKUP(Tabla3[[#This Row],[Site]],Table35[],11,FALSE) -> CT | G48: =VLOOKUP(Tabla3[[#This Row],[Site]],Table35[],12,FALSE) -> 6:00 A.M. | H48: =HYPERLINK(VLOOKUP(Tabla3[[#This Row],[Site]],Table35[#All],9,FALSE)) -> https://tools.sig.systems/site/details/288 | I48: =VLOOKUP(Tabla3[[#This Row],[Site]],Table35[],13,FALSE) -> 0 | J48: =VLOOKUP(Tabla3[[#This Row],[Site]],Table35[],14,FALSE) -> - | L48: =VLOOKUP(Tabla3[[#This Row],[Site]],Table35[#All],2,FALSE) -> - | M48: =VLOOKUP(Tabla3[[#This Row],[Site]],Table35[#All],3,FALSE) -> 9, 36 | N48: =VLOOKUP(Tabla3[[#This Row],[Site]],Table35[#All],4,FALSE) -> 38, 39 | O48: =VLOOKUP(Tabla3[[#This Row],[Site]],Table35[#All],5,FALSE) -> 3, 26 | P48: =VLOOKUP(Tabla3[[#This Row],[Site]],Table35[#All],6,FALSE) -> 1, 4, 11, 18, 23, 25, 31 | Q48: =VLOOKUP(Tabla3[[#This Row],[Site]],Table35[#All],8,FALSE) -> 288
A49: =+Tabla3[[#This Row],[Site]]&Tabla3[[#This Row],[Split]] -> (LT) Luther Landers Recon Center1 | B49: 1 | C49: 1 | D49: (LT) Luther Landers Recon Center | E49: =VLOOKUP(Tabla3[[#This Row],[Site]],Table35[],10,FALSE) -> 10:00 P.M. | F49: =VLOOKUP(Tabla3[[#This Row],[Site]],Table35[],11,FALSE) -> CT | G49: =VLOOKUP(Tabla3[[#This Row],[Site]],Table35[],12,FALSE) -> 6:00 A.M. | H49: =HYPERLINK(VLOOKUP(Tabla3[[#This Row],[Site]],Table35[#All],9,FALSE)) -> https://tools.sig.systems/site/details/323 | I49: =VLOOKUP(Tabla3[[#This Row],[Site]],Table35[],13,FALSE) -> https://www.google.com/maps/d/u/1/edit?mid=1-zEzsc6U6nZom08edp0XAd3_HYFvAyk&usp=sharing | J49: =VLOOKUP(Tabla3[[#This Row],[Site]],Table35[],14,FALSE) -> - | L49: =VLOOKUP(Tabla3[[#This Row],[Site]],Table35[#All],2,FALSE) -> 2, 4 | M49: =VLOOKUP(Tabla3[[#This Row],[Site]],Table35[#All],3,FALSE) -> - | N49: =VLOOKUP(Tabla3[[#This Row],[Site]],Table35[#All],4,FALSE) -> - | O49: =VLOOKUP(Tabla3[[#This Row],[Site]],Table35[#All],5,FALSE) -> - | P49: =VLOOKUP(Tabla3[[#This Row],[Site]],Table35[#All],6,FALSE) -> 3, 9, 11 | Q49: =VLOOKUP(Tabla3[[#This Row],[Site]],Table35[#All],8,FALSE) -> 323
A50: =+Tabla3[[#This Row],[Site]]&Tabla3[[#This Row],[Split]] -> (LT) Luther North Country Ford1 | B50: 1 | C50: 1 | D50: (LT) Luther North Country Ford | E50: =VLOOKUP(Tabla3[[#This Row],[Site]],Table35[],10,FALSE) -> 10:00 P.M. | F50: =VLOOKUP(Tabla3[[#This Row],[Site]],Table35[],11,FALSE) -> CT | G50: =VLOOKUP(Tabla3[[#This Row],[Site]],Table35[],12,FALSE) -> 6:00 A.M. | H50: =HYPERLINK(VLOOKUP(Tabla3[[#This Row],[Site]],Table35[#All],9,FALSE)) -> https://tools.sig.systems/site/details/292 | I50: =VLOOKUP(Tabla3[[#This Row],[Site]],Table35[],13,FALSE) -> 0 | J50: =VLOOKUP(Tabla3[[#This Row],[Site]],Table35[],14,FALSE) -> - | L50: =VLOOKUP(Tabla3[[#This Row],[Site]],Table35[#All],2,FALSE) -> - | M50: =VLOOKUP(Tabla3[[#This Row],[Site]],Table35[#All],3,FALSE) -> 7, 14, 19 | N50: =VLOOKUP(Tabla3[[#This Row],[Site]],Table35[#All],4,FALSE) -> 30, 31, 32 | O50: =VLOOKUP(Tabla3[[#This Row],[Site]],Table35[#All],5,FALSE) -> - | P50: =VLOOKUP(Tabla3[[#This Row],[Site]],Table35[#All],6,FALSE) -> 1, 4, 9, 13, 15, 16B, 25 | Q50: =VLOOKUP(Tabla3[[#This Row],[Site]],Table35[#All],8,FALSE) -> 292
... A67: =+Tabla3[[#This Row],[Site]]&Tabla3[[#This Row],[Split]] -> (AS) Koons MB of Catonsville (NO TOURS)2 | B67: 2 | C67: 1 | D67: (AS) Koons MB of Catonsville (NO TOURS) | E67: =VLOOKUP(Tabla3[[#This Row],[Site]],Table35[],10,FALSE) -> 9:00 P.M. | F67: =VLOOKUP(Tabla3[[#This Row],[Site]],Table35[],11,FALSE) -> ET | G67: =VLOOKUP(Tabla3[[#This Row],[Site]],Table35[],12,FALSE) -> 5:00 A.M. | H67: =HYPERLINK(VLOOKUP(Tabla3[[#This Row],[Site]],Table35[#All],9,FALSE)) -> https://tools.sig.systems/site/details/303 | I67: =VLOOKUP(Tabla3[[#This Row],[Site]],Table35[],13,FALSE) -> 0 | J67: =VLOOKUP(Tabla3[[#This Row],[Site]],Table35[],14,FALSE) -> - | L67: =VLOOKUP(Tabla3[[#This Row],[Site]],Table35[#All],2,FALSE) -> - | M67: =VLOOKUP(Tabla3[[#This Row],[Site]],Table35[#All],3,FALSE) -> 15, 16, 17, 29 | N67: =VLOOKUP(Tabla3[[#This Row],[Site]],Table35[#All],4,FALSE) -> 29 | O67: =VLOOKUP(Tabla3[[#This Row],[Site]],Table35[#All],5,FALSE) -> 5 | P67: =VLOOKUP(Tabla3[[#This Row],[Site]],Table35[#All],6,FALSE) -> 1, 7, 8, 12, 19, 32 | Q67: =VLOOKUP(Tabla3[[#This Row],[Site]],Table35[#All],8,FALSE) -> 303
A68: =+Tabla3[[#This Row],[Site]]&Tabla3[[#This Row],[Split]] -> (AS) Koons Owings Mills Kia (NO TOURS)2 | B68: 2 | C68: 1 | D68: (AS) Koons Owings Mills Kia (NO TOURS) | E68: =VLOOKUP(Tabla3[[#This Row],[Site]],Table35[],10,FALSE) -> 9:00 P.M. | F68: =VLOOKUP(Tabla3[[#This Row],[Site]],Table35[],11,FALSE) -> ET | G68: =VLOOKUP(Tabla3[[#This Row],[Site]],Table35[],12,FALSE) -> 5:00 A.M. | H68: =HYPERLINK(VLOOKUP(Tabla3[[#This Row],[Site]],Table35[#All],9,FALSE)) -> https://tools.sig.systems/site/details/336 | I68: =VLOOKUP(Tabla3[[#This Row],[Site]],Table35[],13,FALSE) -> - | J68: =VLOOKUP(Tabla3[[#This Row],[Site]],Table35[],14,FALSE) -> - | L68: =VLOOKUP(Tabla3[[#This Row],[Site]],Table35[#All],2,FALSE) -> 12 | M68: =VLOOKUP(Tabla3[[#This Row],[Site]],Table35[#All],3,FALSE) -> 2, 18 | N68: =VLOOKUP(Tabla3[[#This Row],[Site]],Table35[#All],4,FALSE) -> - | O68: =VLOOKUP(Tabla3[[#This Row],[Site]],Table35[#All],5,FALSE) -> - | P68: =VLOOKUP(Tabla3[[#This Row],[Site]],Table35[#All],6,FALSE) -> 7, 14 | Q68: 336
A69: =+Tabla3[[#This Row],[Site]]&Tabla3[[#This Row],[Split]] -> (AS) Koons Sterling Ford - Main Dealership (NO TOURS)2 | B69: 2 | C69: 1 | D69: (AS) Koons Sterling Ford - Main Dealership (NO TOURS) | E69: =VLOOKUP(Tabla3[[#This Row],[Site]],Table35[],10,FALSE) -> 9:00 P.M. | F69: =VLOOKUP(Tabla3[[#This Row],[Site]],Table35[],11,FALSE) -> ET | G69: =VLOOKUP(Tabla3[[#This Row],[Site]],Table35[],12,FALSE) -> 5:00 A.M. | H69: =HYPERLINK(VLOOKUP(Tabla3[[#This Row],[Site]],Table35[#All],9,FALSE)) -> https://tools.sig.systems/site/details/348 | I69: =VLOOKUP(Tabla3[[#This Row],[Site]],Table35[],13,FALSE) -> - | J69: =VLOOKUP(Tabla3[[#This Row],[Site]],Table35[],14,FALSE) -> 10:00 A.M. | L69: =VLOOKUP(Tabla3[[#This Row],[Site]],Table35[#All],2,FALSE) -> 19 | M69: =VLOOKUP(Tabla3[[#This Row],[Site]],Table35[#All],3,FALSE) -> 3 | N69: =VLOOKUP(Tabla3[[#This Row],[Site]],Table35[#All],4,FALSE) -> - | O69: =VLOOKUP(Tabla3[[#This Row],[Site]],Table35[#All],5,FALSE) -> 4, 21 | P69: =VLOOKUP(Tabla3[[#This Row],[Site]],Table35[#All],6,FALSE) -> 7, 8 | Q69: =VLOOKUP(Tabla3[[#This Row],[Site]],Table35[#All],8,FALSE) -> 348
A70: =+Tabla3[[#This Row],[Site]]&Tabla3[[#This Row],[Split]] -> (AS) Koons Woodbridge GMC (NO TOURS)2 | B70: 2 | C70: 1 | D70: (AS) Koons Woodbridge GMC (NO TOURS) | E70: =VLOOKUP(Tabla3[[#This Row],[Site]],Table35[],10,FALSE) -> 9:00 P.M. | F70: =VLOOKUP(Tabla3[[#This Row],[Site]],Table35[],11,FALSE) -> ET | G70: =VLOOKUP(Tabla3[[#This Row],[Site]],Table35[],12,FALSE) -> 5:00 A.M. | H70: =HYPERLINK(VLOOKUP(Tabla3[[#This Row],[Site]],Table35[#All],9,FALSE)) -> https://tools.sig.systems/site/details/343 | I70: =VLOOKUP(Tabla3[[#This Row],[Site]],Table35[],13,FALSE) -> 0 | J70: =VLOOKUP(Tabla3[[#This Row],[Site]],Table35[],14,FALSE) -> 10:00 A.M. | L70: =VLOOKUP(Tabla3[[#This Row],[Site]],Table35[#All],2,FALSE) -> - | M70: =VLOOKUP(Tabla3[[#This Row],[Site]],Table35[#All],3,FALSE) -> 1 | N70: =VLOOKUP(Tabla3[[#This Row],[Site]],Table35[#All],4,FALSE) -> - | O70: =VLOOKUP(Tabla3[[#This Row],[Site]],Table35[#All],5,FALSE) -> 11 | P70: =VLOOKUP(Tabla3[[#This Row],[Site]],Table35[#All],6,FALSE) -> 2, 7 | Q70: =VLOOKUP(Tabla3[[#This Row],[Site]],Table35[#All],8,FALSE) -> 343
A71: =+Tabla3[[#This Row],[Site]]&Tabla3[[#This Row],[Split]] -> (AS) Koons Woodbridge Kia (NO TOURS)2 | B71: 2 | C71: 1 | D71: (AS) Koons Woodbridge Kia (NO TOURS) | E71: =VLOOKUP(Tabla3[[#This Row],[Site]],Table35[],10,FALSE) -> 9:00 P.M. | F71: =VLOOKUP(Tabla3[[#This Row],[Site]],Table35[],11,FALSE) -> ET | G71: =VLOOKUP(Tabla3[[#This Row],[Site]],Table35[],12,FALSE) -> 5:00 A.M. | H71: =HYPERLINK(VLOOKUP(Tabla3[[#This Row],[Site]],Table35[#All],9,FALSE)) -> https://tools.sig.systems/site/details/346 | I71: =VLOOKUP(Tabla3[[#This Row],[Site]],Table35[],13,FALSE) -> - | J71: =VLOOKUP(Tabla3[[#This Row],[Site]],Table35[],14,FALSE) -> 10:00 A.M. | L71: =VLOOKUP(Tabla3[[#This Row],[Site]],Table35[#All],2,FALSE) -> - | M71: =VLOOKUP(Tabla3[[#This Row],[Site]],Table35[#All],3,FALSE) -> 2 | N71: =VLOOKUP(Tabla3[[#This Row],[Site]],Table35[#All],4,FALSE) -> - | O71: =VLOOKUP(Tabla3[[#This Row],[Site]],Table35[#All],5,FALSE) -> - | P71: =VLOOKUP(Tabla3[[#This Row],[Site]],Table35[#All],6,FALSE) -> 5 | Q71: =VLOOKUP(Tabla3[[#This Row],[Site]],Table35[#All],8,FALSE) -> 346
A72: =+Tabla3[[#This Row],[Site]]&Tabla3[[#This Row],[Split]] -> (AS) Plaza Collision ST Louis (NO TOURS)2 | B72: 2 | C72: 1 | D72: (AS) Plaza Collision ST Louis (NO TOURS) | E72: =VLOOKUP(Tabla3[[#This Row],[Site]],Table35[],10,FALSE) -> 10:00 P.M. | F72: =VLOOKUP(Tabla3[[#This Row],[Site]],Table35[],11,FALSE) -> CT | G72: =VLOOKUP(Tabla3[[#This Row],[Site]],Table35[],12,FALSE) -> 6:00 A.M. | H72: =HYPERLINK(VLOOKUP(Tabla3[[#This Row],[Site]],Table35[#All],9,FALSE)) -> https://tools.sig.systems/site/details/350 | I72: =VLOOKUP(Tabla3[[#This Row],[Site]],Table35[],13,FALSE) -> - | J72: =VLOOKUP(Tabla3[[#This Row],[Site]],Table35[],14,FALSE) -> - | L72: =VLOOKUP(Tabla3[[#This Row],[Site]],Table35[#All],2,FALSE) -> 2, 6 | M72: =VLOOKUP(Tabla3[[#This Row],[Site]],Table35[#All],3,FALSE) -> 1 | N72: =VLOOKUP(Tabla3[[#This Row],[Site]],Table35[#All],4,FALSE) -> - | O72: =VLOOKUP(Tabla3[[#This Row],[Site]],Table35[#All],5,FALSE) -> - | P72: =VLOOKUP(Tabla3[[#This Row],[Site]],Table35[#All],6,FALSE) -> 3 | Q72: =VLOOKUP(Tabla3[[#This Row],[Site]],Table35[#All],8,FALSE) -> 350
A73: =+Tabla3[[#This Row],[Site]]&Tabla3[[#This Row],[Split]] -> (AS) Plaza Mercedes Benz West (NO TOURS)2 | B73: 2 | C73: 1 | D73: (AS) Plaza Mercedes Benz West (NO TOURS) | E73: =VLOOKUP(Tabla3[[#This Row],[Site]],Table35[],10,FALSE) -> 10:00 P.M. | F73: =VLOOKUP(Tabla3[[#This Row],[Site]],Table35[],11,FALSE) -> CT | G73: =VLOOKUP(Tabla3[[#This Row],[Site]],Table35[],12,FALSE) -> 6:00 A.M. | H73: =HYPERLINK(VLOOKUP(Tabla3[[#This Row],[Site]],Table35[#All],9,FALSE)) -> https://tools.sig.systems/site/details/349 | I73: =VLOOKUP(Tabla3[[#This Row],[Site]],Table35[],13,FALSE) -> 0 | J73: =VLOOKUP(Tabla3[[#This Row],[Site]],Table35[],14,FALSE) -> - | L73: =VLOOKUP(Tabla3[[#This Row],[Site]],Table35[#All],2,FALSE) -> - | M73: =VLOOKUP(Tabla3[[#This Row],[Site]],Table35[#All],3,FALSE) -> 1, 7 | N73: =VLOOKUP(Tabla3[[#This Row],[Site]],Table35[#All],4,FALSE) -> - | O73: =VLOOKUP(Tabla3[[#This Row],[Site]],Table35[#All],5,FALSE) -> 17 | P73: =VLOOKUP(Tabla3[[#This Row],[Site]],Table35[#All],6,FALSE) -> 6, 21 | Q73: =VLOOKUP(Tabla3[[#This Row],[Site]],Table35[#All],8,FALSE) -> 349
A74: =+Tabla3[[#This Row],[Site]]&Tabla3[[#This Row],[Split]] -> (BRL) Fort Pierce2 | B74: 2 | C74: 1 | D74: (BRL) Fort Pierce | E74: =VLOOKUP(Tabla3[[#This Row],[Site]],Table35[],10,FALSE) -> 24H | F74: =VLOOKUP(Tabla3[[#This Row],[Site]],Table35[],11,FALSE) -> ET | G74: =VLOOKUP(Tabla3[[#This Row],[Site]],Table35[],12,FALSE) -> - | H74: =HYPERLINK(VLOOKUP(Tabla3[[#This Row],[Site]],Table35[#All],9,FALSE)) -> https://tools.sig.systems/site/details/326 | I74: =VLOOKUP(Tabla3[[#This Row],[Site]],Table35[],13,FALSE) -> - | J74: =VLOOKUP(Tabla3[[#This Row],[Site]],Table35[],14,FALSE) -> - | L74: =VLOOKUP(Tabla3[[#This Row],[Site]],Table35[#All],2,FALSE) -> - | M74: =VLOOKUP(Tabla3[[#This Row],[Site]],Table35[#All],3,FALSE) -> 1 | N74: =VLOOKUP(Tabla3[[#This Row],[Site]],Table35[#All],4,FALSE) -> - | O74: =VLOOKUP(Tabla3[[#This Row],[Site]],Table35[#All],5,FALSE) -> 2 | P74: =VLOOKUP(Tabla3[[#This Row],[Site]],Table35[#All],6,FALSE) -> 15, 18 | Q74: =VLOOKUP(Tabla3[[#This Row],[Site]],Table35[#All],8,FALSE) -> 326
A75: =+Tabla3[[#This Row],[Site]]&Tabla3[[#This Row],[Split]] -> (DT) Charlotte2 | B75: 2 | C75: 1 | D75: (DT) Charlotte | E75: =VLOOKUP(Tabla3[[#This Row],[Site]],Table35[],10,FALSE) -> 9:00 P.M. | F75: =VLOOKUP(Tabla3[[#This Row],[Site]],Table35[],11,FALSE) -> ET | G75: =VLOOKUP(Tabla3[[#This Row],[Site]],Table35[],12,FALSE) -> 5:00 A.M. | H75: =HYPERLINK(VLOOKUP(Tabla3[[#This Row],[Site]],Table35[#All],9,FALSE)) -> https://tools.sig.systems/site/details/299 | I75: =VLOOKUP(Tabla3[[#This Row],[Site]],Table35[],13,FALSE) -> 0 | J75: =VLOOKUP(Tabla3[[#This Row],[Site]],Table35[],14,FALSE) -> - | L75: =VLOOKUP(Tabla3[[#This Row],[Site]],Table35[#All],2,FALSE) -> 4, 25, 41 | M75: =VLOOKUP(Tabla3[[#This Row],[Site]],Table35[#All],3,FALSE) -> - | N75: =VLOOKUP(Tabla3[[#This Row],[Site]],Table35[#All],4,FALSE) -> - | O75: =VLOOKUP(Tabla3[[#This Row],[Site]],Table35[#All],5,FALSE) -> 11, 32, 35 | P75: =VLOOKUP(Tabla3[[#This Row],[Site]],Table35[#All],6,FALSE) -> 6, 11, 18, 29, 34, 38, 39 | Q75: =VLOOKUP(Tabla3[[#This Row],[Site]],Table35[#All],8,FALSE) -> 299
A76: =+Tabla3[[#This Row],[Site]]&Tabla3[[#This Row],[Split]] -> (DT) Modesto2 | B76: 2 | C76: 1 | D76: (DT) Modesto | E76: =VLOOKUP(Tabla3[[#This Row],[Site]],Table35[],10,FALSE) -> 12:00 A.M. | F76: =VLOOKUP(Tabla3[[#This Row],[Site]],Table35[],11,FALSE) -> PT | G76: =VLOOKUP(Tabla3[[#This Row],[Site]],Table35[],12,FALSE) -> 8:00 A.M. | H76: =HYPERLINK(VLOOKUP(Tabla3[[#This Row],[Site]],Table35[#All],9,FALSE)) -> https://tools.sig.systems/site/details/267 | I76: =VLOOKUP(Tabla3[[#This Row],[Site]],Table35[],13,FALSE) -> 0 | J76: =VLOOKUP(Tabla3[[#This Row],[Site]],Table35[],14,FALSE) -> - | L76: =VLOOKUP(Tabla3[[#This Row],[Site]],Table35[#All],2,FALSE) -> 10 | M76: =VLOOKUP(Tabla3[[#This Row],[Site]],Table35[#All],3,FALSE) -> 5, 6 | N76: =VLOOKUP(Tabla3[[#This Row],[Site]],Table35[#All],4,FALSE) -> - | O76: =VLOOKUP(Tabla3[[#This Row],[Site]],Table35[#All],5,FALSE) -> - | P76: =VLOOKUP(Tabla3[[#This Row],[Site]],Table35[#All],6,FALSE) -> 2, 3, 5, 10 | Q76: =VLOOKUP(Tabla3[[#This Row],[Site]],Table35[#All],8,FALSE) -> 267
A77: =+Tabla3[[#This Row],[Site]]&Tabla3[[#This Row],[Split]] -> (KG) Big Star Hyundai Houston2 | B77: 2 | C77: 1 | D77: (KG) Big Star Hyundai Houston | E77: =VLOOKUP(Tabla3[[#This Row],[Site]],Table35[],10,FALSE) -> 10:00 P.M. | F77: =VLOOKUP(Tabla3[[#This Row],[Site]],Table35[],11,FALSE) -> CT | G77: =VLOOKUP(Tabla3[[#This Row],[Site]],Table35[],12,FALSE) -> 6:00 A.M. | H77: =HYPERLINK(VLOOKUP(Tabla3[[#This Row],[Site]],Table35[#All],9,FALSE)) -> https://tools.sig.systems/site/details/287 | I77: =VLOOKUP(Tabla3[[#This Row],[Site]],Table35[],13,FALSE) -> https://www.google.com/maps/d/edit?hl=en&mid=1jIRkMUnWNPuTgDjQgDP-f33LClT85NU&ll=29.55731827236326%2C-95.1601644&z=17 | J77: =VLOOKUP(Tabla3[[#This Row],[Site]],Table35[],14,FALSE) -> - | L77: 3, 12, 17 | M77: 23, 35 | N77: - | O77: 1, 75 | P77: 5, 11, 16, 20, 26, 30, 32, 34 | Q77: 287
A78: =+Tabla3[[#This Row],[Site]]&Tabla3[[#This Row],[Split]] -> (KG) Ken Garff Volkswagen of Gilbert2 | B78: 2 | C78: 1 | D78: (KG) Ken Garff Volkswagen of Gilbert | E78: =VLOOKUP(Tabla3[[#This Row],[Site]],Table35[],10,FALSE) -> 12:00 A.M. | F78: =VLOOKUP(Tabla3[[#This Row],[Site]],Table35[],11,FALSE) -> MST | G78: =VLOOKUP(Tabla3[[#This Row],[Site]],Table35[],12,FALSE) -> 8:00 A.M. | H78: =HYPERLINK(VLOOKUP(Tabla3[[#This Row],[Site]],Table35[#All],9,FALSE)) -> https://tools.sig.systems/site/details/284 | I78: =VLOOKUP(Tabla3[[#This Row],[Site]],Table35[],13,FALSE) -> https://www.google.com/maps/d/viewer?hl=es&mid=19SU7XE9Cg8jhVFpEI21Vi9Zfgdih9Ds&ll=33.29158262977276%2C-111.75783630000002&z=17 | J78: =VLOOKUP(Tabla3[[#This Row],[Site]],Table35[],14,FALSE) -> 12:00 P.M. | L78: =VLOOKUP(Tabla3[[#This Row],[Site]],Table35[#All],2,FALSE) -> 4, 6 | M78: =VLOOKUP(Tabla3[[#This Row],[Site]],Table35[#All],3,FALSE) -> - | N78: =VLOOKUP(Tabla3[[#This Row],[Site]],Table35[#All],4,FALSE) -> - | O78: =VLOOKUP(Tabla3[[#This Row],[Site]],Table35[#All],5,FALSE) -> 2, 14 | P78: =VLOOKUP(Tabla3[[#This Row],[Site]],Table35[#All],6,FALSE) -> 1, 5, 8, 9, 17, 19, 21 | Q78: =VLOOKUP(Tabla3[[#This Row],[Site]],Table35[#All],8,FALSE) -> 284
A79: =+Tabla3[[#This Row],[Site]]&Tabla3[[#This Row],[Split]] -> (LT) Landers Kia of Little Rock2 | B79: 2 | C79: 1 | D79: (LT) Landers Kia of Little Rock | E79: =VLOOKUP(Tabla3[[#This Row],[Site]],Table35[],10,FALSE) -> 10:00 P.M. | F79: =VLOOKUP(Tabla3[[#This Row],[Site]],Table35[],11,FALSE) -> CT | G79: =VLOOKUP(Tabla3[[#This Row],[Site]],Table35[],12,FALSE) -> 6:00 A.M. | H79: =HYPERLINK(VLOOKUP(Tabla3[[#This Row],[Site]],Table35[#All],9,FALSE)) -> https://tools.sig.systems/site/details/322 | I79: =VLOOKUP(Tabla3[[#This Row],[Site]],Table35[],13,FALSE) -> https://www.google.com/maps/d/u/1/edit?mid=1-zEzsc6U6nZom08edp0XAd3_HYFvAyk&usp=sharing | J79: =VLOOKUP(Tabla3[[#This Row],[Site]],Table35[],14,FALSE) -> - | L79: =VLOOKUP(Tabla3[[#This Row],[Site]],Table35[#All],2,FALSE) -> 5, 9, 33, 19 | M79: =VLOOKUP(Tabla3[[#This Row],[Site]],Table35[#All],3,FALSE) -> - | N79: =VLOOKUP(Tabla3[[#This Row],[Site]],Table35[#All],4,FALSE) -> 4, 10 | O79: =VLOOKUP(Tabla3[[#This Row],[Site]],Table35[#All],5,FALSE) -> 1, 35 | P79: =VLOOKUP(Tabla3[[#This Row],[Site]],Table35[#All],6,FALSE) -> 5, 9, 12, 14, 18, 26, 29 | Q79: =VLOOKUP(Tabla3[[#This Row],[Site]],Table35[#All],8,FALSE) -> 322
A80: =+Tabla3[[#This Row],[Site]]&Tabla3[[#This Row],[Split]] -> (LT) Luther Bloomington Hyundai (NO TOURS)2 | B80: 2 | C80: 1 | D80: (LT) Luther Bloomington Hyundai (NO TOURS) | E80: =VLOOKUP(Tabla3[[#This Row],[Site]],Table35[],10,FALSE) -> 10:00 P.M. | F80: =VLOOKUP(Tabla3[[#This Row],[Site]],Table35[],11,FALSE) -> CT | G80: =VLOOKUP(Tabla3[[#This Row],[Site]],Table35[],12,FALSE) -> 6:00 A.M. | H80: =HYPERLINK(VLOOKUP(Tabla3[[#This Row],[Site]],Table35[#All],9,FALSE)) -> https://tools.sig.systems/site/details/318 | I80: =VLOOKUP(Tabla3[[#This Row],[Site]],Table35[],13,FALSE) -> 0 | J80: =VLOOKUP(Tabla3[[#This Row],[Site]],Table35[],14,FALSE) -> - | L80: =VLOOKUP(Tabla3[[#This Row],[Site]],Table35[#All],2,FALSE) -> - | M80: =VLOOKUP(Tabla3[[#This Row],[Site]],Table35[#All],3,FALSE) -> 6, 9, 13 | N80: =VLOOKUP(Tabla3[[#This Row],[Site]],Table35[#All],4,FALSE) -> 58, 59 | O80: =VLOOKUP(Tabla3[[#This Row],[Site]],Table35[#All],5,FALSE) -> 10 | P80: =VLOOKUP(Tabla3[[#This Row],[Site]],Table35[#All],6,FALSE) -> 11, 18 | Q80: =VLOOKUP(Tabla3[[#This Row],[Site]],Table35[#All],8,FALSE) -> 318
A81: =+Tabla3[[#This Row],[Site]]&Tabla3[[#This Row],[Split]] -> (LT) Luther Brookdale Toyota2 | B81: 2 | C81: 1 | D81: (LT) Luther Brookdale Toyota | E81: =VLOOKUP(Tabla3[[#This Row],[Site]],Table35[],10,FALSE) -> 10:00 P.M. | F81: =VLOOKUP(Tabla3[[#This Row],[Site]],Table35[],11,FALSE) -> CT | G81: =VLOOKUP(Tabla3[[#This Row],[Site]],Table35[],12,FALSE) -> 5:00 A.M. | H81: =HYPERLINK(VLOOKUP(Tabla3[[#This Row],[Site]],Table35[#All],9,FALSE)) -> https://tools.sig.systems/site/details/281 | I81: =VLOOKUP(Tabla3[[#This Row],[Site]],Table35[],13,FALSE) -> https://www.google.com/maps/d/viewer?mid=1ot0ILX76JMuvd9yMuqkb4_e0yH1n7TA&ll=45.07815812965141%2C-93.33506855000002&z=17 | J81: =VLOOKUP(Tabla3[[#This Row],[Site]],Table35[],14,FALSE) -> - | L81: =VLOOKUP(Tabla3[[#This Row],[Site]],Table35[#All],2,FALSE) -> - | M81: =VLOOKUP(Tabla3[[#This Row],[Site]],Table35[#All],3,FALSE) -> 5, 7 | N81: =VLOOKUP(Tabla3[[#This Row],[Site]],Table35[#All],4,FALSE) -> 29 | O81: =VLOOKUP(Tabla3[[#This Row],[Site]],Table35[#All],5,FALSE) -> 20 | P81: =VLOOKUP(Tabla3[[#This Row],[Site]],Table35[#All],6,FALSE) -> 1, 2, 4, 10, 18, 24, 25 | Q81: =VLOOKUP(Tabla3[[#This Row],[Site]],Table35[#All],8,FALSE) -> 281
A82: =+Tabla3[[#This Row],[Site]]&Tabla3[[#This Row],[Split]] -> (LT) Luther Burnsville Hyundai2 | B82: 2 | C82: 1 | D82: (LT) Luther Burnsville Hyundai | E82: =VLOOKUP(Tabla3[[#This Row],[Site]],Table35[],10,FALSE) -> 10:00 P.M. | F82: =VLOOKUP(Tabla3[[#This Row],[Site]],Table35[],11,FALSE) -> CT | G82: =VLOOKUP(Tabla3[[#This Row],[Site]],Table35[],12,FALSE) -> 6:00 A.M. | H82: =HYPERLINK(VLOOKUP(Tabla3[[#This Row],[Site]],Table35[#All],9,FALSE)) -> https://tools.sig.systems/site/details/307 | I82: =VLOOKUP(Tabla3[[#This Row],[Site]],Table35[],13,FALSE) -> 0 | J82: =VLOOKUP(Tabla3[[#This Row],[Site]],Table35[],14,FALSE) -> - | L82: =VLOOKUP(Tabla3[[#This Row],[Site]],Table35[#All],2,FALSE) -> - | M82: =VLOOKUP(Tabla3[[#This Row],[Site]],Table35[#All],3,FALSE) -> 6, 17 | N82: =VLOOKUP(Tabla3[[#This Row],[Site]],Table35[#All],4,FALSE) -> 22, 21 | O82: =VLOOKUP(Tabla3[[#This Row],[Site]],Table35[#All],5,FALSE) -> 7 | P82: =VLOOKUP(Tabla3[[#This Row],[Site]],Table35[#All],6,FALSE) -> 2, 4, 16 | Q82: =VLOOKUP(Tabla3[[#This Row],[Site]],Table35[#All],8,FALSE) -> 307
A83: =+Tabla3[[#This Row],[Site]]&Tabla3[[#This Row],[Split]] -> (LT) Luther Hopkins Honda (NO TOURS)2 | B83: 2 | C83: 1 | D83: (LT) Luther Hopkins Honda (NO TOURS) | E83: =VLOOKUP(Tabla3[[#This Row],[Site]],Table35[],10,FALSE) -> 10:00 P.M. | F83: =VLOOKUP(Tabla3[[#This Row],[Site]],Table35[],11,FALSE) -> CT | G83: =VLOOKUP(Tabla3[[#This Row],[Site]],Table35[],12,FALSE) -> 6:00 A.M. | H83: =HYPERLINK(VLOOKUP(Tabla3[[#This Row],[Site]],Table35[#All],9,FALSE)) -> https://tools.sig.systems/site/details/288 | I83: =VLOOKUP(Tabla3[[#This Row],[Site]],Table35[],13,FALSE) -> 0 | J83: =VLOOKUP(Tabla3[[#This Row],[Site]],Table35[],14,FALSE) -> - | L83: =VLOOKUP(Tabla3[[#This Row],[Site]],Table35[#All],2,FALSE) -> - | M83: =VLOOKUP(Tabla3[[#This Row],[Site]],Table35[#All],3,FALSE) -> 9, 36 | N83: =VLOOKUP(Tabla3[[#This Row],[Site]],Table35[#All],4,FALSE) -> 38, 39 | O83: =VLOOKUP(Tabla3[[#This Row],[Site]],Table35[#All],5,FALSE) -> 3, 26 | P83: =VLOOKUP(Tabla3[[#This Row],[Site]],Table35[#All],6,FALSE) -> 1, 4, 11, 18, 23, 25, 31 | Q83: =VLOOKUP(Tabla3[[#This Row],[Site]],Table35[#All],8,FALSE) -> 288
A84: =+Tabla3[[#This Row],[Site]]&Tabla3[[#This Row],[Split]] -> (LT) Luther North Country Ford2 | B84: 2 | C84: 1 | D84: (LT) Luther North Country Ford | E84: =VLOOKUP(Tabla3[[#This Row],[Site]],Table35[],10,FALSE) -> 10:00 P.M. | F84: =VLOOKUP(Tabla3[[#This Row],[Site]],Table35[],11,FALSE) -> CT | G84: =VLOOKUP(Tabla3[[#This Row],[Site]],Table35[],12,FALSE) -> 6:00 A.M. | H84: =HYPERLINK(VLOOKUP(Tabla3[[#This Row],[Site]],Table35[#All],9,FALSE)) -> https://tools.sig.systems/site/details/292 | I84: =VLOOKUP(Tabla3[[#This Row],[Site]],Table35[],13,FALSE) -> 0 | J84: =VLOOKUP(Tabla3[[#This Row],[Site]],Table35[],14,FALSE) -> - | L84: =VLOOKUP(Tabla3[[#This Row],[Site]],Table35[#All],2,FALSE) -> - | M84: =VLOOKUP(Tabla3[[#This Row],[Site]],Table35[#All],3,FALSE) -> 7, 14, 19 | N84: =VLOOKUP(Tabla3[[#This Row],[Site]],Table35[#All],4,FALSE) -> 30, 31, 32 | O84: =VLOOKUP(Tabla3[[#This Row],[Site]],Table35[#All],5,FALSE) -> - | P84: =VLOOKUP(Tabla3[[#This Row],[Site]],Table35[#All],6,FALSE) -> 1, 4, 9, 13, 15, 16B, 25 | Q84: =VLOOKUP(Tabla3[[#This Row],[Site]],Table35[#All],8,FALSE) -> 292
A85: =+Tabla3[[#This Row],[Site]]&Tabla3[[#This Row],[Split]] -> (LT) Luther St. Cloud Subaru2 | B85: 2 | C85: 1 | D85: (LT) Luther St. Cloud Subaru | E85: =VLOOKUP(Tabla3[[#This Row],[Site]],Table35[],10,FALSE) -> 10:00 P.M. | F85: =VLOOKUP(Tabla3[[#This Row],[Site]],Table35[],11,FALSE) -> CT | G85: =VLOOKUP(Tabla3[[#This Row],[Site]],Table35[],12,FALSE) -> 5:30 A.M. | H85: =HYPERLINK(VLOOKUP(Tabla3[[#This Row],[Site]],Table35[#All],9,FALSE)) -> https://tools.sig.systems/site/details/295 | I85: =VLOOKUP(Tabla3[[#This Row],[Site]],Table35[],13,FALSE) -> 0 | J85: =VLOOKUP(Tabla3[[#This Row],[Site]],Table35[],14,FALSE) -> - | L85: =VLOOKUP(Tabla3[[#This Row],[Site]],Table35[#All],2,FALSE) -> 25, 31 | M85: =VLOOKUP(Tabla3[[#This Row],[Site]],Table35[#All],3,FALSE) -> 9, 13, 20 | N85: =VLOOKUP(Tabla3[[#This Row],[Site]],Table35[#All],4,FALSE) -> 38, 39, 40, 41 | O85: =VLOOKUP(Tabla3[[#This Row],[Site]],Table35[#All],5,FALSE) -> 27 | P85: =VLOOKUP(Tabla3[[#This Row],[Site]],Table35[#All],6,FALSE) -> 2, 6, 8, 11, 14, 19, 23, 26 | Q85: =VLOOKUP(Tabla3[[#This Row],[Site]],Table35[#All],8,FALSE) -> 295
A86: =+Tabla3[[#This Row],[Site]]&Tabla3[[#This Row],[Split]] -> (ML) Joe Machens Hyundai2 | B86: 2 | C86: 1 | D86: (ML) Joe Machens Hyundai | E86: =VLOOKUP(Tabla3[[#This Row],[Site]],Table35[],10,FALSE) -> 10:00 P.M. | F86: =VLOOKUP(Tabla3[[#This Row],[Site]],Table35[],11,FALSE) -> CT | G86: =VLOOKUP(Tabla3[[#This Row],[Site]],Table35[],12,FALSE) -> 6:00 A.M. | H86: =HYPERLINK(VLOOKUP(Tabla3[[#This Row],[Site]],Table35[#All],9,FALSE)) -> https://tools.sig.systems/site/details/286 | I86: =VLOOKUP(Tabla3[[#This Row],[Site]],Table35[],13,FALSE) -> https://www.google.com/maps/d/viewer?hl=es&mid=1C1oZdjH3dNvCvqdpIv_Lk0Yn1OCVn-4&ll=38.965368114274455%2C-92.3405954&z=15 | J86: =VLOOKUP(Tabla3[[#This Row],[Site]],Table35[],14,FALSE) -> - | L86: =VLOOKUP(Tabla3[[#This Row],[Site]],Table35[#All],2,FALSE) -> - | M86: =VLOOKUP(Tabla3[[#This Row],[Site]],Table35[#All],3,FALSE) -> 3, 4, 14, 25 | N86: =VLOOKUP(Tabla3[[#This Row],[Site]],Table35[#All],4,FALSE) -> - | O86: =VLOOKUP(Tabla3[[#This Row],[Site]],Table35[#All],5,FALSE) -> 17 | P86: =VLOOKUP(Tabla3[[#This Row],[Site]],Table35[#All],6,FALSE) -> 1, 11, 12, 13, 15 | Q86: =VLOOKUP(Tabla3[[#This Row],[Site]],Table35[#All],8,FALSE) -> 286
A87: =+Tabla3[[#This Row],[Site]]&Tabla3[[#This Row],[Split]] -> (PE) BMW Service Center (NO TOURS)2 | B87: 2 | C87: 1 | D87: (PE) BMW Service Center (NO TOURS) | E87: =VLOOKUP(Tabla3[[#This Row],[Site]],Table35[],10,FALSE) -> 8:00 P.M. | F87: =VLOOKUP(Tabla3[[#This Row],[Site]],Table35[],11,FALSE) -> ET | G87: =VLOOKUP(Tabla3[[#This Row],[Site]],Table35[],12,FALSE) -> 5:00 A.M. | H87: =HYPERLINK(VLOOKUP(Tabla3[[#This Row],[Site]],Table35[#All],9,FALSE)) -> https://tools.sig.systems/site/details/184 | I87: =VLOOKUP(Tabla3[[#This Row],[Site]],Table35[],13,FALSE) -> https://www.google.com/maps/d/edit?hl=en&mid=1UHmt7tH1ihTa85i0MfQIcTfVvIQg_vM&ll=41.02423447529239%2C-73.63721502222738&z=18 | J87: =VLOOKUP(Tabla3[[#This Row],[Site]],Table35[],14,FALSE) -> - | L87: =VLOOKUP(Tabla3[[#This Row],[Site]],Table35[#All],2,FALSE) -> 3 | M87: =VLOOKUP(Tabla3[[#This Row],[Site]],Table35[#All],3,FALSE) -> - | N87: =VLOOKUP(Tabla3[[#This Row],[Site]],Table35[#All],4,FALSE) -> - | O87: =VLOOKUP(Tabla3[[#This Row],[Site]],Table35[#All],5,FALSE) -> - | P87: =VLOOKUP(Tabla3[[#This Row],[Site]],Table35[#All],6,FALSE) -> 1, 2 | Q87: =VLOOKUP(Tabla3[[#This Row],[Site]],Table35[#All],8,FALSE) -> 184
A88: =+Tabla3[[#This Row],[Site]]&Tabla3[[#This Row],[Split]] -> (PE) JLR Darien (NO TOURS)2 | B88: 2 | C88: 1 | D88: (PE) JLR Darien (NO TOURS) | E88: =VLOOKUP(Tabla3[[#This Row],[Site]],Table35[],10,FALSE) -> 8:00 P.M. | F88: =VLOOKUP(Tabla3[[#This Row],[Site]],Table35[],11,FALSE) -> ET | G88: =VLOOKUP(Tabla3[[#This Row],[Site]],Table35[],12,FALSE) -> 5:00 A.M. | H88: =HYPERLINK(VLOOKUP(Tabla3[[#This Row],[Site]],Table35[#All],9,FALSE)) -> https://tools.sig.systems/site/details/189 | I88: =VLOOKUP(Tabla3[[#This Row],[Site]],Table35[],13,FALSE) -> - | J88: =VLOOKUP(Tabla3[[#This Row],[Site]],Table35[],14,FALSE) -> - | L88: =VLOOKUP(Tabla3[[#This Row],[Site]],Table35[#All],2,FALSE) -> 1, 13 | M88: =VLOOKUP(Tabla3[[#This Row],[Site]],Table35[#All],3,FALSE) -> - | N88: =VLOOKUP(Tabla3[[#This Row],[Site]],Table35[#All],4,FALSE) -> - | O88: =VLOOKUP(Tabla3[[#This Row],[Site]],Table35[#All],5,FALSE) -> - | P88: =VLOOKUP(Tabla3[[#This Row],[Site]],Table35[#All],6,FALSE) -> - | Q88: =VLOOKUP(Tabla3[[#This Row],[Site]],Table35[#All],8,FALSE) -> 189
A89: =+Tabla3[[#This Row],[Site]]&Tabla3[[#This Row],[Split]] -> (PE) JLR Paramus (NO TOURS)2 | B89: 2 | C89: 1 | D89: (PE) JLR Paramus (NO TOURS) | E89: =VLOOKUP(Tabla3[[#This Row],[Site]],Table35[],10,FALSE) -> 8:00 P.M. | F89: =VLOOKUP(Tabla3[[#This Row],[Site]],Table35[],11,FALSE) -> ET | G89: =VLOOKUP(Tabla3[[#This Row],[Site]],Table35[],12,FALSE) -> 5:00 A.M. | H89: =HYPERLINK(VLOOKUP(Tabla3[[#This Row],[Site]],Table35[#All],9,FALSE)) -> https://tools.sig.systems/site/details/177 | I89: =VLOOKUP(Tabla3[[#This Row],[Site]],Table35[],13,FALSE) -> 0 | J89: =VLOOKUP(Tabla3[[#This Row],[Site]],Table35[],14,FALSE) -> - | L89: =VLOOKUP(Tabla3[[#This Row],[Site]],Table35[#All],2,FALSE) -> 1, 17 | M89: =VLOOKUP(Tabla3[[#This Row],[Site]],Table35[#All],3,FALSE) -> - | N89: =VLOOKUP(Tabla3[[#This Row],[Site]],Table35[#All],4,FALSE) -> - | O89: =VLOOKUP(Tabla3[[#This Row],[Site]],Table35[#All],5,FALSE) -> - | P89: =VLOOKUP(Tabla3[[#This Row],[Site]],Table35[#All],6,FALSE) -> 1, 17 | Q89: =VLOOKUP(Tabla3[[#This Row],[Site]],Table35[#All],8,FALSE) -> 177
... A91: =+Tabla3[[#This Row],[Site]]&Tabla3[[#This Row],[Split]] -> (PE) Porsche Audi Fairfield (NO TOURS)2 | B91: 2 | C91: 1 | D91: (PE) Porsche Audi Fairfield (NO TOURS) | E91: =VLOOKUP(Tabla3[[#This Row],[Site]],Table35[],10,FALSE) -> 8:00 P.M. | F91: =VLOOKUP(Tabla3[[#This Row],[Site]],Table35[],11,FALSE) -> ET | G91: =VLOOKUP(Tabla3[[#This Row],[Site]],Table35[],12,FALSE) -> 5:00 A.M. | H91: =HYPERLINK(VLOOKUP(Tabla3[[#This Row],[Site]],Table35[#All],9,FALSE)) -> https://tools.sig.systems/site/details/194 | I91: =VLOOKUP(Tabla3[[#This Row],[Site]],Table35[],13,FALSE) -> 0 | J91: =VLOOKUP(Tabla3[[#This Row],[Site]],Table35[],14,FALSE) -> - | L91: =VLOOKUP(Tabla3[[#This Row],[Site]],Table35[#All],2,FALSE) -> 1, 18 | M91: =VLOOKUP(Tabla3[[#This Row],[Site]],Table35[#All],3,FALSE) -> - | N91: =VLOOKUP(Tabla3[[#This Row],[Site]],Table35[#All],4,FALSE) -> - | O91: =VLOOKUP(Tabla3[[#This Row],[Site]],Table35[#All],5,FALSE) -> 20 | P91: =VLOOKUP(Tabla3[[#This Row],[Site]],Table35[#All],6,FALSE) -> 15 | Q91: =VLOOKUP(Tabla3[[#This Row],[Site]],Table35[#All],8,FALSE) -> 194
A92: =+Tabla3[[#This Row],[Site]]&Tabla3[[#This Row],[Split]] -> Mario Residence2 | B92: 2 | C92: 1 | D92: Mario Residence | E92: =VLOOKUP(Tabla3[[#This Row],[Site]],Table35[],10,FALSE) -> 24H | F92: =VLOOKUP(Tabla3[[#This Row],[Site]],Table35[],11,FALSE) -> ET | G92: =VLOOKUP(Tabla3[[#This Row],[Site]],Table35[],12,FALSE) -> - | H92: =HYPERLINK(VLOOKUP(Tabla3[[#This Row],[Site]],Table35[#All],9,FALSE)) -> https://tools.sig.systems/site/details/148 | I92: =VLOOKUP(Tabla3[[#This Row],[Site]],Table35[],13,FALSE) -> https://www.google.com/maps/d/edit?hl=es&mid=13OmECPqyeB7fXgZmEoM9cnG34HU_v5g&ll=26.046837034777553%2C-80.38753458591658&z=19 | J92: =VLOOKUP(Tabla3[[#This Row],[Site]],Table35[],14,FALSE) -> - | L92: =VLOOKUP(Tabla3[[#This Row],[Site]],Table35[#All],2,FALSE) -> 7, 8 | M92: =VLOOKUP(Tabla3[[#This Row],[Site]],Table35[#All],3,FALSE) -> 7, 8 | N92: =VLOOKUP(Tabla3[[#This Row],[Site]],Table35[#All],4,FALSE) -> - | O92: =VLOOKUP(Tabla3[[#This Row],[Site]],Table35[#All],5,FALSE) -> - | P92: =VLOOKUP(Tabla3[[#This Row],[Site]],Table35[#All],6,FALSE) -> 4,12,13 | Q92: 199
A93: =+Tabla3[[#This Row],[Site]]&Tabla3[[#This Row],[Split]] -> (AS) Coggin BMW Ft. Pierce (NO TOURS)2 | B93: 2 | C93: 2 | D93: (AS) Coggin BMW Ft. Pierce (NO TOURS) | E93: =VLOOKUP(Tabla3[[#This Row],[Site]],Table35[],10,FALSE) -> 9:00 P.M. | F93: =VLOOKUP(Tabla3[[#This Row],[Site]],Table35[],11,FALSE) -> ET | G93: =VLOOKUP(Tabla3[[#This Row],[Site]],Table35[],12,FALSE) -> 5:00 A.M. | H93: =HYPERLINK(VLOOKUP(Tabla3[[#This Row],[Site]],Table35[#All],9,FALSE)) -> https://tools.sig.systems/site/details/119 | I93: =VLOOKUP(Tabla3[[#This Row],[Site]],Table35[],13,FALSE) -> https://www.google.com/maps/d/viewer?mid=1AyViBuyeq7iwDua1SVudJ2A1BYi3IBA&ll=27.38181516363982%2C-80.32568845000002&z=18 | J93: =VLOOKUP(Tabla3[[#This Row],[Site]],Table35[],14,FALSE) -> - | L93: =VLOOKUP(Tabla3[[#This Row],[Site]],Table35[#All],2,FALSE) -> 3, 10, 13 | M93: =VLOOKUP(Tabla3[[#This Row],[Site]],Table35[#All],3,FALSE) -> - | N93: =VLOOKUP(Tabla3[[#This Row],[Site]],Table35[#All],4,FALSE) -> - | O93: =VLOOKUP(Tabla3[[#This Row],[Site]],Table35[#All],5,FALSE) -> 2 | P93: =VLOOKUP(Tabla3[[#This Row],[Site]],Table35[#All],6,FALSE) -> 1, 20, 27 | Q93: =VLOOKUP(Tabla3[[#This Row],[Site]],Table35[#All],8,FALSE) -> 119
A94: =+Tabla3[[#This Row],[Site]]&Tabla3[[#This Row],[Split]] -> (AS) Coggin Collision Center of Kissimmee (NO TOURS)2 | B94: 2 | C94: 2 | D94: (AS) Coggin Collision Center of Kissimmee (NO TOURS) | E94: =VLOOKUP(Tabla3[[#This Row],[Site]],Table35[],10,FALSE) -> 9:00 P.M. | F94: =VLOOKUP(Tabla3[[#This Row],[Site]],Table35[],11,FALSE) -> ET | G94: =VLOOKUP(Tabla3[[#This Row],[Site]],Table35[],12,FALSE) -> 5:00 A.M. | H94: =HYPERLINK(VLOOKUP(Tabla3[[#This Row],[Site]],Table35[#All],9,FALSE)) -> https://tools.sig.systems/site/details/331 | I94: =VLOOKUP(Tabla3[[#This Row],[Site]],Table35[],13,FALSE) -> 0 | J94: =VLOOKUP(Tabla3[[#This Row],[Site]],Table35[],14,FALSE) -> - | L94: =VLOOKUP(Tabla3[[#This Row],[Site]],Table35[#All],2,FALSE) -> 1, 12 | M94: =VLOOKUP(Tabla3[[#This Row],[Site]],Table35[#All],3,FALSE) -> - | N94: =VLOOKUP(Tabla3[[#This Row],[Site]],Table35[#All],4,FALSE) -> - | O94: =VLOOKUP(Tabla3[[#This Row],[Site]],Table35[#All],5,FALSE) -> - | P94: =VLOOKUP(Tabla3[[#This Row],[Site]],Table35[#All],6,FALSE) -> 2, 7, 9 | Q94: =VLOOKUP(Tabla3[[#This Row],[Site]],Table35[#All],8,FALSE) -> 331
A95: =+Tabla3[[#This Row],[Site]]&Tabla3[[#This Row],[Split]] -> (AS) Coggin Honda of Orlando (NO TOURS)2 | B95: 2 | C95: 2 | D95: (AS) Coggin Honda of Orlando (NO TOURS) | E95: =VLOOKUP(Tabla3[[#This Row],[Site]],Table35[],10,FALSE) -> 9:00 P.M. | F95: =VLOOKUP(Tabla3[[#This Row],[Site]],Table35[],11,FALSE) -> ET | G95: =VLOOKUP(Tabla3[[#This Row],[Site]],Table35[],12,FALSE) -> 5:00 A.M. | H95: =HYPERLINK(VLOOKUP(Tabla3[[#This Row],[Site]],Table35[#All],9,FALSE)) -> https://tools.sig.systems/site/details/324 | I95: =VLOOKUP(Tabla3[[#This Row],[Site]],Table35[],13,FALSE) -> 0 | J95: =VLOOKUP(Tabla3[[#This Row],[Site]],Table35[],14,FALSE) -> 11:00 A.M. | L95: =VLOOKUP(Tabla3[[#This Row],[Site]],Table35[#All],2,FALSE) -> 2, 10, 12B, 14, 38 | M95: =VLOOKUP(Tabla3[[#This Row],[Site]],Table35[#All],3,FALSE) -> - | N95: =VLOOKUP(Tabla3[[#This Row],[Site]],Table35[#All],4,FALSE) -> - | O95: =VLOOKUP(Tabla3[[#This Row],[Site]],Table35[#All],5,FALSE) -> 12, 31 | P95: =VLOOKUP(Tabla3[[#This Row],[Site]],Table35[#All],6,FALSE) -> 12B, 26, 37, 19 | Q95: =VLOOKUP(Tabla3[[#This Row],[Site]],Table35[#All],8,FALSE) -> 324
A96: =+Tabla3[[#This Row],[Site]]&Tabla3[[#This Row],[Split]] -> (AS) Hare Chevrolet (NO TOURS)2 | B96: 2 | C96: 2 | D96: (AS) Hare Chevrolet (NO TOURS) | E96: =VLOOKUP(Tabla3[[#This Row],[Site]],Table35[],10,FALSE) -> 9:00 P.M. | F96: =VLOOKUP(Tabla3[[#This Row],[Site]],Table35[],11,FALSE) -> ET | G96: =VLOOKUP(Tabla3[[#This Row],[Site]],Table35[],12,FALSE) -> 5:00 A.M. | H96: =HYPERLINK(VLOOKUP(Tabla3[[#This Row],[Site]],Table35[#All],9,FALSE)) -> https://tools.sig.systems/site/details/301 | I96: =VLOOKUP(Tabla3[[#This Row],[Site]],Table35[],13,FALSE) -> https://www.google.com/maps/d/edit?mid=1hsX5GGrNcCQgAuzDCDz1OWgEkhsAc78&usp=sharing | J96: =VLOOKUP(Tabla3[[#This Row],[Site]],Table35[],14,FALSE) -> - | L96: =VLOOKUP(Tabla3[[#This Row],[Site]],Table35[#All],2,FALSE) -> 18, 24 | M96: =VLOOKUP(Tabla3[[#This Row],[Site]],Table35[#All],3,FALSE) -> 2, 3 | N96: =VLOOKUP(Tabla3[[#This Row],[Site]],Table35[#All],4,FALSE) -> - | O96: =VLOOKUP(Tabla3[[#This Row],[Site]],Table35[#All],5,FALSE) -> 5 | P96: =VLOOKUP(Tabla3[[#This Row],[Site]],Table35[#All],6,FALSE) -> 1, 5, 7, 8, 21, 29 | Q96: =VLOOKUP(Tabla3[[#This Row],[Site]],Table35[#All],8,FALSE) -> 301
A97: =+Tabla3[[#This Row],[Site]]&Tabla3[[#This Row],[Split]] -> (AS) Kahlo CDJR (NO TOURS)2 | B97: 2 | C97: 2 | D97: (AS) Kahlo CDJR (NO TOURS) | E97: =VLOOKUP(Tabla3[[#This Row],[Site]],Table35[],10,FALSE) -> 9:00 P.M. | F97: =VLOOKUP(Tabla3[[#This Row],[Site]],Table35[],11,FALSE) -> ET | G97: =VLOOKUP(Tabla3[[#This Row],[Site]],Table35[],12,FALSE) -> 5:00 A.M. | H97: =HYPERLINK(VLOOKUP(Tabla3[[#This Row],[Site]],Table35[#All],9,FALSE)) -> https://tools.sig.systems/site/details/282 | I97: =VLOOKUP(Tabla3[[#This Row],[Site]],Table35[],13,FALSE) -> https://www.google.com/maps/d/edit?mid=1hsX5GGrNcCQgAuzDCDz1OWgEkhsAc78&usp=sharing | J97: =VLOOKUP(Tabla3[[#This Row],[Site]],Table35[],14,FALSE) -> - | L97: =VLOOKUP(Tabla3[[#This Row],[Site]],Table35[#All],2,FALSE) -> - | M97: =VLOOKUP(Tabla3[[#This Row],[Site]],Table35[#All],3,FALSE) -> 12, 25 | N97: =VLOOKUP(Tabla3[[#This Row],[Site]],Table35[#All],4,FALSE) -> 15, 16 | O97: =VLOOKUP(Tabla3[[#This Row],[Site]],Table35[#All],5,FALSE) -> 20 | P97: =VLOOKUP(Tabla3[[#This Row],[Site]],Table35[#All],6,FALSE) -> 1, 2, 9, 22, 31, 57 | Q97: =VLOOKUP(Tabla3[[#This Row],[Site]],Table35[#All],8,FALSE) -> 282
A98: =+Tabla3[[#This Row],[Site]]&Tabla3[[#This Row],[Split]] -> (AS) Koons Annapolis Toyota (NO TOURS)2 | B98: 2 | C98: 1 | D98: (AS) Koons Annapolis Toyota (NO TOURS) | E98: =VLOOKUP(Tabla3[[#This Row],[Site]],Table35[],10,FALSE) -> 9:00 P.M. | F98: =VLOOKUP(Tabla3[[#This Row],[Site]],Table35[],11,FALSE) -> ET | G98: =VLOOKUP(Tabla3[[#This Row],[Site]],Table35[],12,FALSE) -> 5:00 A.M. | H98: =HYPERLINK(VLOOKUP(Tabla3[[#This Row],[Site]],Table35[#All],9,FALSE)) -> https://tools.sig.systems/site/details/337 | I98: =VLOOKUP(Tabla3[[#This Row],[Site]],Table35[],13,FALSE) -> 0 | J98: =VLOOKUP(Tabla3[[#This Row],[Site]],Table35[],14,FALSE) -> - | L98: =VLOOKUP(Tabla3[[#This Row],[Site]],Table35[#All],2,FALSE) -> 6 | M98: =VLOOKUP(Tabla3[[#This Row],[Site]],Table35[#All],3,FALSE) -> 1, 6, 21 | N98: =VLOOKUP(Tabla3[[#This Row],[Site]],Table35[#All],4,FALSE) -> - | O98: =VLOOKUP(Tabla3[[#This Row],[Site]],Table35[#All],5,FALSE) -> - | P98: =VLOOKUP(Tabla3[[#This Row],[Site]],Table35[#All],6,FALSE) -> 3, 5, 7, 19 | Q98: =VLOOKUP(Tabla3[[#This Row],[Site]],Table35[#All],8,FALSE) -> 337
A99: =+Tabla3[[#This Row],[Site]]&Tabla3[[#This Row],[Split]] -> (AS) Koons Arlington Toyota - New Car (NO TOURS)2 | B99: 2 | C99: 2 | D99: (AS) Koons Arlington Toyota - New Car (NO TOURS) | E99: =VLOOKUP(Tabla3[[#This Row],[Site]],Table35[],10,FALSE) -> 9:00 P.M. | F99: =VLOOKUP(Tabla3[[#This Row],[Site]],Table35[],11,FALSE) -> ET | G99: =VLOOKUP(Tabla3[[#This Row],[Site]],Table35[],12,FALSE) -> 5:00 A.M. | H99: =HYPERLINK(VLOOKUP(Tabla3[[#This Row],[Site]],Table35[#All],9,FALSE)) -> https://tools.sig.systems/site/details/334 | I99: =VLOOKUP(Tabla3[[#This Row],[Site]],Table35[],13,FALSE) -> 0 | J99: =VLOOKUP(Tabla3[[#This Row],[Site]],Table35[],14,FALSE) -> 10:00 A.M. | L99: =VLOOKUP(Tabla3[[#This Row],[Site]],Table35[#All],2,FALSE) -> - | M99: =VLOOKUP(Tabla3[[#This Row],[Site]],Table35[#All],3,FALSE) -> 1, 3, 12, 15, 17 | N99: =VLOOKUP(Tabla3[[#This Row],[Site]],Table35[#All],4,FALSE) -> - | O99: =VLOOKUP(Tabla3[[#This Row],[Site]],Table35[#All],5,FALSE) -> - | P99: =VLOOKUP(Tabla3[[#This Row],[Site]],Table35[#All],6,FALSE) -> 2, 6, 18, 20 | Q99: =VLOOKUP(Tabla3[[#This Row],[Site]],Table35[#All],8,FALSE) -> 334
A100: =+Tabla3[[#This Row],[Site]]&Tabla3[[#This Row],[Split]] -> (AS) Koons Baltimore Ford - Main Dealership (NO TOURS)2 | B100: 2 | C100: 2 | D100: (AS) Koons Baltimore Ford - Main Dealership (NO TOURS) | E100: =VLOOKUP(Tabla3[[#This Row],[Site]],Table35[],10,FALSE) -> 9:00 P.M. | F100: =VLOOKUP(Tabla3[[#This Row],[Site]],Table35[],11,FALSE) -> ET | G100: =VLOOKUP(Tabla3[[#This Row],[Site]],Table35[],12,FALSE) -> 5:00 A.M. | H100: =HYPERLINK(VLOOKUP(Tabla3[[#This Row],[Site]],Table35[#All],9,FALSE)) -> https://tools.sig.systems/site/details/335 | I100: =VLOOKUP(Tabla3[[#This Row],[Site]],Table35[],13,FALSE) -> - | J100: =VLOOKUP(Tabla3[[#This Row],[Site]],Table35[],14,FALSE) -> - | L100: =VLOOKUP(Tabla3[[#This Row],[Site]],Table35[#All],2,FALSE) -> 21, 22, 24, 32, 45 | M100: =VLOOKUP(Tabla3[[#This Row],[Site]],Table35[#All],3,FALSE) -> 1 | N100: =VLOOKUP(Tabla3[[#This Row],[Site]],Table35[#All],4,FALSE) -> - | O100: =VLOOKUP(Tabla3[[#This Row],[Site]],Table35[#All],5,FALSE) -> 1, 8 | P100: =VLOOKUP(Tabla3[[#This Row],[Site]],Table35[#All],6,FALSE) -> 5, 28, 38 | Q100: 335
A101: =+Tabla3[[#This Row],[Site]]&Tabla3[[#This Row],[Split]] -> (AS) Koons Chevrolet Buick GMC - Clarksville Remote Lot (NO TOURS)2 | B101: 2 | C101: 2 | D101: (AS) Koons Chevrolet Buick GMC - Clarksville Remote Lot (NO TOURS) | E101: =VLOOKUP(Tabla3[[#This Row],[Site]],Table35[],10,FALSE) -> 9:00 P.M. | F101: =VLOOKUP(Tabla3[[#This Row],[Site]],Table35[],11,FALSE) -> ET | G101: =VLOOKUP(Tabla3[[#This Row],[Site]],Table35[],12,FALSE) -> 5:00 A.M. | H101: =HYPERLINK(VLOOKUP(Tabla3[[#This Row],[Site]],Table35[#All],9,FALSE)) -> https://tools.sig.systems/site/details/308 | I101: =VLOOKUP(Tabla3[[#This Row],[Site]],Table35[],13,FALSE) -> https://www.google.com/maps/d/edit?hl=es&mid=11XB1lTSP7EcDCDvzypdUPWP6bWCNAEI&ll=39.21145022420528%2C-76.94003711910554&z=21 | J101: =VLOOKUP(Tabla3[[#This Row],[Site]],Table35[],14,FALSE) -> 10:00 A.M. | L101: =VLOOKUP(Tabla3[[#This Row],[Site]],Table35[#All],2,FALSE) -> - | M101: =VLOOKUP(Tabla3[[#This Row],[Site]],Table35[#All],3,FALSE) -> 1, 5 | N101: =VLOOKUP(Tabla3[[#This Row],[Site]],Table35[#All],4,FALSE) -> - | O101: =VLOOKUP(Tabla3[[#This Row],[Site]],Table35[#All],5,FALSE) -> - | P101: =VLOOKUP(Tabla3[[#This Row],[Site]],Table35[#All],6,FALSE) -> 14, 16 | Q101: =VLOOKUP(Tabla3[[#This Row],[Site]],Table35[#All],8,FALSE) -> 308
A102: =+Tabla3[[#This Row],[Site]]&Tabla3[[#This Row],[Split]] -> (AS) Koons Chevrolet Buick GMC - Tysons Remote Lot (NO TOURS)2 | B102: 2 | C102: 2 | D102: (AS) Koons Chevrolet Buick GMC - Tysons Remote Lot (NO TOURS) | E102: =VLOOKUP(Tabla3[[#This Row],[Site]],Table35[],10,FALSE) -> 9:00 P.M. | F102: =VLOOKUP(Tabla3[[#This Row],[Site]],Table35[],11,FALSE) -> ET | G102: =VLOOKUP(Tabla3[[#This Row],[Site]],Table35[],12,FALSE) -> 5:00 A.M. | H102: =HYPERLINK(VLOOKUP(Tabla3[[#This Row],[Site]],Table35[#All],9,FALSE)) -> https://tools.sig.systems/site/details/333 | I102: =VLOOKUP(Tabla3[[#This Row],[Site]],Table35[],13,FALSE) -> - | J102: =VLOOKUP(Tabla3[[#This Row],[Site]],Table35[],14,FALSE) -> - | L102: =VLOOKUP(Tabla3[[#This Row],[Site]],Table35[#All],2,FALSE) -> - | M102: =VLOOKUP(Tabla3[[#This Row],[Site]],Table35[#All],3,FALSE) -> 6 | N102: =VLOOKUP(Tabla3[[#This Row],[Site]],Table35[#All],4,FALSE) -> 1, 2, 3 | O102: =VLOOKUP(Tabla3[[#This Row],[Site]],Table35[#All],5,FALSE) -> 7, 10, 16, 29 | P102: =VLOOKUP(Tabla3[[#This Row],[Site]],Table35[#All],6,FALSE) -> 14, 17, 30 | Q102: =VLOOKUP(Tabla3[[#This Row],[Site]],Table35[#All],8,FALSE) -> 333
A103: =+Tabla3[[#This Row],[Site]]&Tabla3[[#This Row],[Split]] -> (AS) Koons Easton Toyota - Main Dealership (NO TOURS)2 | B103: 2 | C103: 2 | D103: (AS) Koons Easton Toyota - Main Dealership (NO TOURS) | E103: =VLOOKUP(Tabla3[[#This Row],[Site]],Table35[],10,FALSE) -> 9:00 P.M. | F103: =VLOOKUP(Tabla3[[#This Row],[Site]],Table35[],11,FALSE) -> ET | G103: =VLOOKUP(Tabla3[[#This Row],[Site]],Table35[],12,FALSE) -> 5:00 A.M. | H103: =HYPERLINK(VLOOKUP(Tabla3[[#This Row],[Site]],Table35[#All],9,FALSE)) -> https://tools.sig.systems/site/details/340 | I103: =VLOOKUP(Tabla3[[#This Row],[Site]],Table35[],13,FALSE) -> - | J103: =VLOOKUP(Tabla3[[#This Row],[Site]],Table35[],14,FALSE) -> - | L103: =VLOOKUP(Tabla3[[#This Row],[Site]],Table35[#All],2,FALSE) -> - | M103: =VLOOKUP(Tabla3[[#This Row],[Site]],Table35[#All],3,FALSE) -> 4, 5 | N103: =VLOOKUP(Tabla3[[#This Row],[Site]],Table35[#All],4,FALSE) -> - | O103: =VLOOKUP(Tabla3[[#This Row],[Site]],Table35[#All],5,FALSE) -> - | P103: =VLOOKUP(Tabla3[[#This Row],[Site]],Table35[#All],6,FALSE) -> 8, 15 | Q103: =VLOOKUP(Tabla3[[#This Row],[Site]],Table35[#All],8,FALSE) -> 340
A104: =+Tabla3[[#This Row],[Site]]&Tabla3[[#This Row],[Split]] -> (AS) Koons Tysons Toyota - Main Dealership (NO TOURS)2 | B104: 2 | C104: 2 | D104: (AS) Koons Tysons Toyota - Main Dealership (NO TOURS) | E104: =VLOOKUP(Tabla3[[#This Row],[Site]],Table35[],10,FALSE) -> 9:00 P.M. | F104: =VLOOKUP(Tabla3[[#This Row],[Site]],Table35[],11,FALSE) -> ET | G104: =VLOOKUP(Tabla3[[#This Row],[Site]],Table35[],12,FALSE) -> 5:00 A.M. | H104: =HYPERLINK(VLOOKUP(Tabla3[[#This Row],[Site]],Table35[#All],9,FALSE)) -> https://tools.sig.systems/site/details/344 | I104: =VLOOKUP(Tabla3[[#This Row],[Site]],Table35[],13,FALSE) -> - | J104: =VLOOKUP(Tabla3[[#This Row],[Site]],Table35[],14,FALSE) -> - | L104: =VLOOKUP(Tabla3[[#This Row],[Site]],Table35[#All],2,FALSE) -> - | M104: =VLOOKUP(Tabla3[[#This Row],[Site]],Table35[#All],3,FALSE) -> 1, 25 | N104: =VLOOKUP(Tabla3[[#This Row],[Site]],Table35[#All],4,FALSE) -> - | O104: =VLOOKUP(Tabla3[[#This Row],[Site]],Table35[#All],5,FALSE) -> - | P104: =VLOOKUP(Tabla3[[#This Row],[Site]],Table35[#All],6,FALSE) -> 13, 22, 27 | Q104: =VLOOKUP(Tabla3[[#This Row],[Site]],Table35[#All],8,FALSE) -> 344
A105: =+Tabla3[[#This Row],[Site]]&Tabla3[[#This Row],[Split]] -> (AS) Koons Volvo Cars White Marsh (NO TOURS)2 | B105: 2 | C105: 2 | D105: (AS) Koons Volvo Cars White Marsh (NO TOURS) | E105: =VLOOKUP(Tabla3[[#This Row],[Site]],Table35[],10,FALSE) -> 9:00 P.M. | F105: =VLOOKUP(Tabla3[[#This Row],[Site]],Table35[],11,FALSE) -> ET | G105: =VLOOKUP(Tabla3[[#This Row],[Site]],Table35[],12,FALSE) -> 5:00 A.M. | H105: =HYPERLINK(VLOOKUP(Tabla3[[#This Row],[Site]],Table35[#All],9,FALSE)) -> https://tools.sig.systems/site/details/338 | I105: =VLOOKUP(Tabla3[[#This Row],[Site]],Table35[],13,FALSE) -> 0 | J105: =VLOOKUP(Tabla3[[#This Row],[Site]],Table35[],14,FALSE) -> - | L105: =VLOOKUP(Tabla3[[#This Row],[Site]],Table35[#All],2,FALSE) -> - | M105: =VLOOKUP(Tabla3[[#This Row],[Site]],Table35[#All],3,FALSE) -> 5, 7, 9 | N105: =VLOOKUP(Tabla3[[#This Row],[Site]],Table35[#All],4,FALSE) -> - | O105: =VLOOKUP(Tabla3[[#This Row],[Site]],Table35[#All],5,FALSE) -> - | P105: =VLOOKUP(Tabla3[[#This Row],[Site]],Table35[#All],6,FALSE) -> 6, 10, 1 | Q105: =VLOOKUP(Tabla3[[#This Row],[Site]],Table35[#All],8,FALSE) -> 338
A106: =+Tabla3[[#This Row],[Site]]&Tabla3[[#This Row],[Split]] -> (AS) Koons Westminster Toyota (NO TOURS)2 | B106: 2 | C106: 2 | D106: (AS) Koons Westminster Toyota (NO TOURS) | E106: =VLOOKUP(Tabla3[[#This Row],[Site]],Table35[],10,FALSE) -> 9:00 P.M. | F106: =VLOOKUP(Tabla3[[#This Row],[Site]],Table35[],11,FALSE) -> ET | G106: =VLOOKUP(Tabla3[[#This Row],[Site]],Table35[],12,FALSE) -> 5:00 A.M. | H106: =HYPERLINK(VLOOKUP(Tabla3[[#This Row],[Site]],Table35[#All],9,FALSE)) -> https://tools.sig.systems/site/details/341 | I106: =VLOOKUP(Tabla3[[#This Row],[Site]],Table35[],13,FALSE) -> - | J106: =VLOOKUP(Tabla3[[#This Row],[Site]],Table35[],14,FALSE) -> - | L106: =VLOOKUP(Tabla3[[#This Row],[Site]],Table35[#All],2,FALSE) -> - | M106: =VLOOKUP(Tabla3[[#This Row],[Site]],Table35[#All],3,FALSE) -> 1, 7, 9, 18, 25 | N106: =VLOOKUP(Tabla3[[#This Row],[Site]],Table35[#All],4,FALSE) -> - | O106: =VLOOKUP(Tabla3[[#This Row],[Site]],Table35[#All],5,FALSE) -> - | P106: =VLOOKUP(Tabla3[[#This Row],[Site]],Table35[#All],6,FALSE) -> 8, 14, 16 | Q106: 341
A107: =+Tabla3[[#This Row],[Site]]&Tabla3[[#This Row],[Split]] -> (AS) Koons White Marsh Chevrolet (NO TOURS)2 | B107: 2 | C107: 2 | D107: (AS) Koons White Marsh Chevrolet (NO TOURS) | E107: =VLOOKUP(Tabla3[[#This Row],[Site]],Table35[],10,FALSE) -> 9:00 P.M. | F107: =VLOOKUP(Tabla3[[#This Row],[Site]],Table35[],11,FALSE) -> ET | G107: =VLOOKUP(Tabla3[[#This Row],[Site]],Table35[],12,FALSE) -> 5:00 A.M. | H107: =HYPERLINK(VLOOKUP(Tabla3[[#This Row],[Site]],Table35[#All],9,FALSE)) -> https://tools.sig.systems/site/details/339 | I107: =VLOOKUP(Tabla3[[#This Row],[Site]],Table35[],13,FALSE) -> - | J107: =VLOOKUP(Tabla3[[#This Row],[Site]],Table35[],14,FALSE) -> - | L107: =VLOOKUP(Tabla3[[#This Row],[Site]],Table35[#All],2,FALSE) -> 25 | M107: =VLOOKUP(Tabla3[[#This Row],[Site]],Table35[#All],3,FALSE) -> 10 | N107: =VLOOKUP(Tabla3[[#This Row],[Site]],Table35[#All],4,FALSE) -> - | O107: =VLOOKUP(Tabla3[[#This Row],[Site]],Table35[#All],5,FALSE) -> - | P107: =VLOOKUP(Tabla3[[#This Row],[Site]],Table35[#All],6,FALSE) -> 12 | Q107: =VLOOKUP(Tabla3[[#This Row],[Site]],Table35[#All],8,FALSE) -> 339
A108: =+Tabla3[[#This Row],[Site]]&Tabla3[[#This Row],[Split]] -> (AS) Koons Woodbridge Ford (NO TOURS)2 | B108: 2 | C108: 2 | D108: (AS) Koons Woodbridge Ford (NO TOURS) | E108: =VLOOKUP(Tabla3[[#This Row],[Site]],Table35[],10,FALSE) -> 9:00 P.M. | F108: =VLOOKUP(Tabla3[[#This Row],[Site]],Table35[],11,FALSE) -> ET | G108: =VLOOKUP(Tabla3[[#This Row],[Site]],Table35[],12,FALSE) -> 5:00 A.M. | H108: =HYPERLINK(VLOOKUP(Tabla3[[#This Row],[Site]],Table35[#All],9,FALSE)) -> https://tools.sig.systems/site/details/342 | I108: =VLOOKUP(Tabla3[[#This Row],[Site]],Table35[],13,FALSE) -> 0 | J108: =VLOOKUP(Tabla3[[#This Row],[Site]],Table35[],14,FALSE) -> 9:00 A.M. | L108: =VLOOKUP(Tabla3[[#This Row],[Site]],Table35[#All],2,FALSE) -> - | M108: =VLOOKUP(Tabla3[[#This Row],[Site]],Table35[#All],3,FALSE) -> 3, 24, 26, 27, 31, 36 | N108: =VLOOKUP(Tabla3[[#This Row],[Site]],Table35[#All],4,FALSE) -> - | O108: =VLOOKUP(Tabla3[[#This Row],[Site]],Table35[#All],5,FALSE) -> - | P108: =VLOOKUP(Tabla3[[#This Row],[Site]],Table35[#All],6,FALSE) -> 13, 26, 29 | Q108: =VLOOKUP(Tabla3[[#This Row],[Site]],Table35[#All],8,FALSE) -> 342
A109: =+Tabla3[[#This Row],[Site]]&Tabla3[[#This Row],[Split]] -> (AS) Koons Woodbridge Hyundai (NO TOURS)2 | B109: 2 | C109: 2 | D109: (AS) Koons Woodbridge Hyundai (NO TOURS) | E109: =VLOOKUP(Tabla3[[#This Row],[Site]],Table35[],10,FALSE) -> 9:00 P.M. | F109: =VLOOKUP(Tabla3[[#This Row],[Site]],Table35[],11,FALSE) -> ET | G109: =VLOOKUP(Tabla3[[#This Row],[Site]],Table35[],12,FALSE) -> 5:00 A.M. | H109: =HYPERLINK(VLOOKUP(Tabla3[[#This Row],[Site]],Table35[#All],9,FALSE)) -> https://tools.sig.systems/site/details/347 | I109: =VLOOKUP(Tabla3[[#This Row],[Site]],Table35[],13,FALSE) -> - | J109: =VLOOKUP(Tabla3[[#This Row],[Site]],Table35[],14,FALSE) -> 8:00 A.M. | L109: =VLOOKUP(Tabla3[[#This Row],[Site]],Table35[#All],2,FALSE) -> - | M109: =VLOOKUP(Tabla3[[#This Row],[Site]],Table35[#All],3,FALSE) -> 1, 17 | N109: =VLOOKUP(Tabla3[[#This Row],[Site]],Table35[#All],4,FALSE) -> - | O109: =VLOOKUP(Tabla3[[#This Row],[Site]],Table35[#All],5,FALSE) -> - | P109: =VLOOKUP(Tabla3[[#This Row],[Site]],Table35[#All],6,FALSE) -> 4, 14, 22 | Q109: =VLOOKUP(Tabla3[[#This Row],[Site]],Table35[#All],8,FALSE) -> 347
A110: =+Tabla3[[#This Row],[Site]]&Tabla3[[#This Row],[Split]] -> (AS) Larry H Miller CDJR Fiat (NO TOURS)2 | B110: 2 | C110: 2 | D110: (AS) Larry H Miller CDJR Fiat (NO TOURS) | E110: =VLOOKUP(Tabla3[[#This Row],[Site]],Table35[],10,FALSE) -> 11:00 P.M. | F110: =VLOOKUP(Tabla3[[#This Row],[Site]],Table35[],11,FALSE) -> MT | G110: =VLOOKUP(Tabla3[[#This Row],[Site]],Table35[],12,FALSE) -> 7:00 A.M. | H110: =HYPERLINK(VLOOKUP(Tabla3[[#This Row],[Site]],Table35[#All],9,FALSE)) -> https://tools.sig.systems/site/details/298 | I110: =VLOOKUP(Tabla3[[#This Row],[Site]],Table35[],13,FALSE) -> 0 | J110: =VLOOKUP(Tabla3[[#This Row],[Site]],Table35[],14,FALSE) -> - | L110: =VLOOKUP(Tabla3[[#This Row],[Site]],Table35[#All],2,FALSE) -> 7, 11 | M110: =VLOOKUP(Tabla3[[#This Row],[Site]],Table35[#All],3,FALSE) -> 2, 3 | N110: =VLOOKUP(Tabla3[[#This Row],[Site]],Table35[#All],4,FALSE) -> - | O110: =VLOOKUP(Tabla3[[#This Row],[Site]],Table35[#All],5,FALSE) -> - | P110: =VLOOKUP(Tabla3[[#This Row],[Site]],Table35[#All],6,FALSE) -> 2, 6, 10, 15, 18 | Q110: =VLOOKUP(Tabla3[[#This Row],[Site]],Table35[#All],8,FALSE) -> 298
A111: =+Tabla3[[#This Row],[Site]]&Tabla3[[#This Row],[Split]] -> (BRL) Shoemakersville2 | B111: 2 | C111: 2 | D111: (BRL) Shoemakersville | E111: =VLOOKUP(Tabla3[[#This Row],[Site]],Table35[],10,FALSE) -> 24H | F111: =VLOOKUP(Tabla3[[#This Row],[Site]],Table35[],11,FALSE) -> ET | G111: =VLOOKUP(Tabla3[[#This Row],[Site]],Table35[],12,FALSE) -> - | H111: =HYPERLINK(VLOOKUP(Tabla3[[#This Row],[Site]],Table35[#All],9,FALSE)) -> https://tools.sig.systems/site/details/302 | I111: =VLOOKUP(Tabla3[[#This Row],[Site]],Table35[],13,FALSE) -> 0 | J111: =VLOOKUP(Tabla3[[#This Row],[Site]],Table35[],14,FALSE) -> - | L111: =VLOOKUP(Tabla3[[#This Row],[Site]],Table35[#All],2,FALSE) -> - | M111: =VLOOKUP(Tabla3[[#This Row],[Site]],Table35[#All],3,FALSE) -> 8, 11 | N111: =VLOOKUP(Tabla3[[#This Row],[Site]],Table35[#All],4,FALSE) -> - | O111: =VLOOKUP(Tabla3[[#This Row],[Site]],Table35[#All],5,FALSE) -> 1, 6, 13A, 15, 18A | P111: =VLOOKUP(Tabla3[[#This Row],[Site]],Table35[#All],6,FALSE) -> 13B, 23 | Q111: =VLOOKUP(Tabla3[[#This Row],[Site]],Table35[#All],8,FALSE) -> 302
A112: =+Tabla3[[#This Row],[Site]]&Tabla3[[#This Row],[Split]] -> (DT) Arlington2 | B112: 2 | C112: 2 | D112: (DT) Arlington | E112: =VLOOKUP(Tabla3[[#This Row],[Site]],Table35[],10,FALSE) -> 10:00 P.M. | F112: =VLOOKUP(Tabla3[[#This Row],[Site]],Table35[],11,FALSE) -> CT | G112: =VLOOKUP(Tabla3[[#This Row],[Site]],Table35[],12,FALSE) -> 6:00 A.M. | H112: =HYPERLINK(VLOOKUP(Tabla3[[#This Row],[Site]],Table35[#All],9,FALSE)) -> https://tools.sig.systems/site/details/199 | I112: =VLOOKUP(Tabla3[[#This Row],[Site]],Table35[],13,FALSE) -> 0 | J112: =VLOOKUP(Tabla3[[#This Row],[Site]],Table35[],14,FALSE) -> - | L112: =VLOOKUP(Tabla3[[#This Row],[Site]],Table35[#All],2,FALSE) -> 8 | M112: =VLOOKUP(Tabla3[[#This Row],[Site]],Table35[#All],3,FALSE) -> 3 | N112: =VLOOKUP(Tabla3[[#This Row],[Site]],Table35[#All],4,FALSE) -> - | O112: =VLOOKUP(Tabla3[[#This Row],[Site]],Table35[#All],5,FALSE) -> - | P112: =VLOOKUP(Tabla3[[#This Row],[Site]],Table35[#All],6,FALSE) -> 3, 8, 9 | Q112: 334
A113: =+Tabla3[[#This Row],[Site]]&Tabla3[[#This Row],[Split]] -> (KG) Big Star Cadillac2 | B113: 2 | C113: 2 | D113: (KG) Big Star Cadillac | E113: =VLOOKUP(Tabla3[[#This Row],[Site]],Table35[],10,FALSE) -> 10:00 P.M. | F113: =VLOOKUP(Tabla3[[#This Row],[Site]],Table35[],11,FALSE) -> CT | G113: =VLOOKUP(Tabla3[[#This Row],[Site]],Table35[],12,FALSE) -> 6:00 A.M. | H113: =HYPERLINK(VLOOKUP(Tabla3[[#This Row],[Site]],Table35[#All],9,FALSE)) -> https://tools.sig.systems/site/details/316 | I113: =VLOOKUP(Tabla3[[#This Row],[Site]],Table35[],13,FALSE) -> https://www.google.com/maps/d/edit?mid=1jIRkMUnWNPuTgDjQgDP-f33LClT85NU&usp=sharing | J113: =VLOOKUP(Tabla3[[#This Row],[Site]],Table35[],14,FALSE) -> - | L113: =VLOOKUP(Tabla3[[#This Row],[Site]],Table35[#All],2,FALSE) -> 1, 4, 16 | M113: =VLOOKUP(Tabla3[[#This Row],[Site]],Table35[#All],3,FALSE) -> - | N113: =VLOOKUP(Tabla3[[#This Row],[Site]],Table35[#All],4,FALSE) -> - | O113: =VLOOKUP(Tabla3[[#This Row],[Site]],Table35[#All],5,FALSE) -> - | P113: =VLOOKUP(Tabla3[[#This Row],[Site]],Table35[#All],6,FALSE) -> 15, 16, 19, 20 | Q113: =VLOOKUP(Tabla3[[#This Row],[Site]],Table35[#All],8,FALSE) -> 316
A114: =+Tabla3[[#This Row],[Site]]&Tabla3[[#This Row],[Split]] -> (KG) Ken Garff Kia of Avondale2 | B114: 2 | C114: 2 | D114: (KG) Ken Garff Kia of Avondale | E114: =VLOOKUP(Tabla3[[#This Row],[Site]],Table35[],10,FALSE) -> 12:00 A.M. | F114: =VLOOKUP(Tabla3[[#This Row],[Site]],Table35[],11,FALSE) -> MST | G114: =VLOOKUP(Tabla3[[#This Row],[Site]],Table35[],12,FALSE) -> 8:00 A.M. | H114: =HYPERLINK(VLOOKUP(Tabla3[[#This Row],[Site]],Table35[#All],9,FALSE)) -> https://tools.sig.systems/site/details/283 | I114: =VLOOKUP(Tabla3[[#This Row],[Site]],Table35[],13,FALSE) -> https://www.google.com/maps/d/viewer?mid=1bDs0QGFZwL3vEeGKxjVMk_j4azr0-lg&ll=33.4593758581648%2C-112.28793780000001&z=18 | J114: =VLOOKUP(Tabla3[[#This Row],[Site]],Table35[],14,FALSE) -> 12:00 P.M. | L114: =VLOOKUP(Tabla3[[#This Row],[Site]],Table35[#All],2,FALSE) -> 5, 19 | M114: =VLOOKUP(Tabla3[[#This Row],[Site]],Table35[#All],3,FALSE) -> - | N114: =VLOOKUP(Tabla3[[#This Row],[Site]],Table35[#All],4,FALSE) -> - | O114: =VLOOKUP(Tabla3[[#This Row],[Site]],Table35[#All],5,FALSE) -> 3, 5 | P114: =VLOOKUP(Tabla3[[#This Row],[Site]],Table35[#All],6,FALSE) -> 1, 6, 7, 12, 15, 17, 21 | Q114: =VLOOKUP(Tabla3[[#This Row],[Site]],Table35[#All],8,FALSE) -> 283
A115: =+Tabla3[[#This Row],[Site]]&Tabla3[[#This Row],[Split]] -> (LT) Luther Bloomington Subaru - Acura2 | B115: 2 | C115: 2 | D115: (LT) Luther Bloomington Subaru - Acura | E115: =VLOOKUP(Tabla3[[#This Row],[Site]],Table35[],10,FALSE) -> 9:30 P.M. | F115: =VLOOKUP(Tabla3[[#This Row],[Site]],Table35[],11,FALSE) -> CT | G115: =VLOOKUP(Tabla3[[#This Row],[Site]],Table35[],12,FALSE) -> 4:00 A.M. | H115: =HYPERLINK(VLOOKUP(Tabla3[[#This Row],[Site]],Table35[#All],9,FALSE)) -> https://tools.sig.systems/site/details/289 | I115: =VLOOKUP(Tabla3[[#This Row],[Site]],Table35[],13,FALSE) -> 0 | J115: =VLOOKUP(Tabla3[[#This Row],[Site]],Table35[],14,FALSE) -> - | L115: =VLOOKUP(Tabla3[[#This Row],[Site]],Table35[#All],2,FALSE) -> 29 | M115: =VLOOKUP(Tabla3[[#This Row],[Site]],Table35[#All],3,FALSE) -> 5, 8, 33 | N115: =VLOOKUP(Tabla3[[#This Row],[Site]],Table35[#All],4,FALSE) -> 4, 7, 35 | O115: =VLOOKUP(Tabla3[[#This Row],[Site]],Table35[#All],5,FALSE) -> - | P115: =VLOOKUP(Tabla3[[#This Row],[Site]],Table35[#All],6,FALSE) -> 1, 2, 14, 24, 34 | Q115: =VLOOKUP(Tabla3[[#This Row],[Site]],Table35[#All],8,FALSE) -> 289
A116: =+Tabla3[[#This Row],[Site]]&Tabla3[[#This Row],[Split]] -> (LT) Luther Brookdale Honda (NO TOURS)2 | B116: 2 | C116: 2 | D116: (LT) Luther Brookdale Honda (NO TOURS) | E116: =VLOOKUP(Tabla3[[#This Row],[Site]],Table35[],10,FALSE) -> 10:00 P.M. | F116: =VLOOKUP(Tabla3[[#This Row],[Site]],Table35[],11,FALSE) -> CT | G116: =VLOOKUP(Tabla3[[#This Row],[Site]],Table35[],12,FALSE) -> 6:00 A.M. | H116: =HYPERLINK(VLOOKUP(Tabla3[[#This Row],[Site]],Table35[#All],9,FALSE)) -> https://tools.sig.systems/site/details/280 | I116: =VLOOKUP(Tabla3[[#This Row],[Site]],Table35[],13,FALSE) -> https://www.google.com/maps/d/viewer?mid=1ot0ILX76JMuvd9yMuqkb4_e0yH1n7TA&ll=45.07815812965141%2C-93.33506855000002&z=17 | J116: =VLOOKUP(Tabla3[[#This Row],[Site]],Table35[],14,FALSE) -> - | L116: =VLOOKUP(Tabla3[[#This Row],[Site]],Table35[#All],2,FALSE) -> - | M116: =VLOOKUP(Tabla3[[#This Row],[Site]],Table35[#All],3,FALSE) -> 1, 21 | N116: =VLOOKUP(Tabla3[[#This Row],[Site]],Table35[#All],4,FALSE) -> 38, 39, 40 | O116: =VLOOKUP(Tabla3[[#This Row],[Site]],Table35[#All],5,FALSE) -> 2, 10, 19 | P116: =VLOOKUP(Tabla3[[#This Row],[Site]],Table35[#All],6,FALSE) -> 4, 5, 7, 11, 13, 20, 24, 36 | Q116: =VLOOKUP(Tabla3[[#This Row],[Site]],Table35[#All],8,FALSE) -> 280
A117: =+Tabla3[[#This Row],[Site]]&Tabla3[[#This Row],[Split]] -> (LT) Luther Genesis of Minneapolis2 | B117: 2 | C117: 2 | D117: (LT) Luther Genesis of Minneapolis | E117: =VLOOKUP(Tabla3[[#This Row],[Site]],Table35[],10,FALSE) -> 10:00 P.M. | F117: =VLOOKUP(Tabla3[[#This Row],[Site]],Table35[],11,FALSE) -> CT | G117: =VLOOKUP(Tabla3[[#This Row],[Site]],Table35[],12,FALSE) -> 6:00 A.M. | H117: =HYPERLINK(VLOOKUP(Tabla3[[#This Row],[Site]],Table35[#All],9,FALSE)) -> https://tools.sig.systems/site/details/315 | I117: =VLOOKUP(Tabla3[[#This Row],[Site]],Table35[],13,FALSE) -> 0 | J117: =VLOOKUP(Tabla3[[#This Row],[Site]],Table35[],14,FALSE) -> - | L117: =VLOOKUP(Tabla3[[#This Row],[Site]],Table35[#All],2,FALSE) -> - | M117: =VLOOKUP(Tabla3[[#This Row],[Site]],Table35[#All],3,FALSE) -> 1,2,3,18 | N117: =VLOOKUP(Tabla3[[#This Row],[Site]],Table35[#All],4,FALSE) -> - | O117: =VLOOKUP(Tabla3[[#This Row],[Site]],Table35[#All],5,FALSE) -> - | P117: =VLOOKUP(Tabla3[[#This Row],[Site]],Table35[#All],6,FALSE) -> 1,2,3,5,16,18 | Q117: =VLOOKUP(Tabla3[[#This Row],[Site]],Table35[#All],8,FALSE) -> 315
...

Sheet Important Info!
A1: SITES | B1: GATES | C1: ENTRANCES | D1: LPR GATES | E1: PTZ | F1: IMPORTANT CAMERAS | G1: BLIND SPOTS | H1: ID | I1: SIG TOOLS | J1: HOUR | K1: TIME | L1: DROP TIME | M1: MAP | N1: SUNDAY D.T.
A2: (AS) 3281 Storage Lot (NO TOURS) | B2: - | C2: 2, 14 | D2: - | E2: - | F2: 1, 3, 9, 10, 14 | G2: - | H2: 305 | I2: https://tools.sig.systems/site/details/305 | J2: 10:00 P.M. | K2: CT | L2: 6:00 A.M. | M2: https://www.google.com/maps/d/edit?hl=es&mid=1uPmsRMsXnp74hPFW2t-sp2totVWF_xY&ll=32.83050137713022%2C-96.83197783061323&z=17 | N2: -
A3: (AS) Coggin BMW Ft. Pierce (NO TOURS) | B3: 3, 10, 13 | C3: - | D3: - | E3: 2 | F3: 1, 20, 27 | G3: - | H3: 119 | I3: https://tools.sig.systems/site/details/119 | J3: 9:00 P.M. | K3: ET | L3: 5:00 A.M. | M3: https://www.google.com/maps/d/viewer?mid=1AyViBuyeq7iwDua1SVudJ2A1BYi3IBA&ll=27.38181516363982%2C-80.32568845000002&z=18 | N3: -
A4: (AS) Coggin Collision Center of Kissimmee (NO TOURS) | B4: 1, 12 | C4: - | D4: - | E4: - | F4: 2, 7, 9 | G4: 6, 10 | H4: 331 | I4: https://tools.sig.systems/site/details/331 | J4: 9:00 P.M. | K4: ET | L4: 5:00 A.M. | M4: 0 | N4: -
A5: (AS) Coggin Honda of Orlando (NO TOURS) | B5: 2, 10, 12B, 14, 38 | C5: - | D5: - | E5: 12, 31 | F5: 12B, 26, 37, 19 | G5: - | H5: 324 | I5: https://tools.sig.systems/site/details/324 | J5: 9:00 P.M. | K5: ET | L5: 5:00 A.M. | M5: 0 | N5: 11:00 A.M.
A6: (AS) Hare Chevrolet (NO TOURS) | B6: 18, 24 | C6: 2, 3 | D6: - | E6: 5 | F6: 1, 5, 7, 8, 21, 29 | G6: - | H6: 301 | I6: https://tools.sig.systems/site/details/301 | J6: 9:00 P.M. | K6: ET | L6: 5:00 A.M. | M6: https://www.google.com/maps/d/edit?mid=1hsX5GGrNcCQgAuzDCDz1OWgEkhsAc78&usp=sharing | N6: -
A7: (AS) Hare Truck Center (NO TOURS) | B7: - | C7: 1, 5 | D7: - | E7: - | F7: 2, 6, 10, 12, 17 | G7: - | H7: 300 | I7: https://tools.sig.systems/site/details/300 | J7: 9:00 P.M. | K7: ET | L7: 5:00 A.M. | M7: https://www.google.com/maps/d/edit?mid=1hsX5GGrNcCQgAuzDCDz1OWgEkhsAc78&usp=sharing | N7: -
A8: (AS) Kahlo CDJR (NO TOURS) | B8: - | C8: 12, 25 | D8: 15, 16 | E8: 20 | F8: 1, 2, 9, 22, 31, 57 | G8: - | H8: 282 | I8: https://tools.sig.systems/site/details/282 | J8: 9:00 P.M. | K8: ET | L8: 5:00 A.M. | M8: https://www.google.com/maps/d/edit?mid=1hsX5GGrNcCQgAuzDCDz1OWgEkhsAc78&usp=sharing | N8: -
A9: (AS) Koons Annapolis Toyota (NO TOURS) | B9: 6 | C9: 1, 6, 21 | D9: - | E9: - | F9: 3, 5, 7, 19 | G9: - | H9: 337 | I9: https://tools.sig.systems/site/details/337 | J9: 9:00 P.M. | K9: ET | L9: 5:00 A.M. | M9: 0 | N9: -
A10: (AS) Koons Arlington Toyota - New Car (NO TOURS) | B10: - | C10: 1, 3, 12, 15, 17 | D10: - | E10: - | F10: 2, 6, 18, 20 | G10: 1, 2 | H10: 334 | I10: https://tools.sig.systems/site/details/334 | J10: 9:00 P.M. | K10: ET | L10: 5:00 A.M. | M10: 0 | N10: 10:00 A.M.
A11: (AS) Koons Baltimore Ford - Main Dealership (NO TOURS) | B11: 21, 22, 24, 32, 45 | C11: 1 | D11: - | E11: 1, 8 | F11: 5, 28, 38 | G11: - | H11: 335 | I11: https://tools.sig.systems/site/details/335 | J11: 9:00 P.M. | K11: ET | L11: 5:00 A.M. | M11: - | N11: -
A12: (AS) Koons Chevrolet Buick GMC - Clarksville (NO TOURS) | B12: - | C12: 1, 22, 26, 28, 29 | D12: - | E12: - | F12: 3, 11, 15, 23 | G12: - | H12: 306 | I12: https://tools.sig.systems/site/details/306 | J12: 9:00 P.M. | K12: ET | L12: 5:00 A.M. | M12: https://www.google.com/maps/d/edit?hl=es&mid=11XB1lTSP7EcDCDvzypdUPWP6bWCNAEI&ll=39.21145022420528%2C-76.94003711910554&z=17 | N12: 10:00 A.M.
A13: (AS) Koons Chevrolet Buick GMC - Clarksville Remote Lot (NO TOURS) | B13: - | C13: 1, 5 | D13: - | E13: - | F13: 14, 16 | G13: - | H13: 308 | I13: https://tools.sig.systems/site/details/308 | J13: 9:00 P.M. | K13: ET | L13: 5:00 A.M. | M13: https://www.google.com/maps/d/edit?hl=es&mid=11XB1lTSP7EcDCDvzypdUPWP6bWCNAEI&ll=39.21145022420528%2C-76.94003711910554&z=21 | N13: 10:00 A.M.
A14: (AS) Koons Chevrolet Buick GMC - Tysons (NO TOURS) | B14: 4, 6 | C14: - | D14: - | E14: 4 | F14: 6, 12, 15 | G14: 19, 20 | H14: 352 | I14: https://tools.sig.systems/site/details/352 | J14: 9:00 P.M. | K14: ET | L14: 5:00 A.M. | M14: - | N14: 10:00 A.M.
A15: (AS) Koons Chevrolet Buick GMC - Tysons (NO TOURS) | B15: - | C15: 3, 6 | D15: - | E15: 4 | F15: 2, 9, 17 | G15: 18, 19 | H15: 352 | I15: https://tools.sig.systems/site/details/352 | J15: 9:00 P.M. | K15: ET | L15: 5:00 A.M. | M15: - | N15: 10:00 A.M.
A16: (AS) Koons Chevrolet Buick GMC - Tysons Remote Lot (NO TOURS) | B16: - | C16: 6 | D16: 1, 2, 3 | E16: 7, 10, 16, 29 | F16: 14, 17, 30 | G16: - | H16: 333 | I16: https://tools.sig.systems/site/details/333 | J16: 9:00 P.M. | K16: ET | L16: 5:00 A.M. | M16: - | N16: -
A17: (AS) Koons Easton Toyota - Main Dealership (NO TOURS) | B17: - | C17: 4, 5 | D17: - | E17: - | F17: 8, 15 | G17: - | H17: 340 | I17: https://tools.sig.systems/site/details/340 | J17: 9:00 P.M. | K17: ET | L17: 5:00 A.M. | M17: - | N17: -
A18: (AS) Koons Falls Church Ford (NO TOURS) | B18: - | C18: 1 | D18: - | E18: - | F18: - | G18: - | H18: 345 | I18: https://tools.sig.systems/site/details/345 | J18: 9:00 P.M. | K18: ET | L18: 5:00 A.M. | M18: - | N18: 10:00 A.M.
A19: (AS) Koons MB of Catonsville (NO TOURS) | B19: - | C19: 15, 16, 17, 29 | D19: 29 | E19: 5 | F19: 1, 7, 8, 12, 19, 32 | G19: - | H19: 303 | I19: https://tools.sig.systems/site/details/303 | J19: 9:00 P.M. | K19: ET | L19: 5:00 A.M. | M19: 0 | N19: -
A20: (AS) Koons Owings Mills Kia (NO TOURS) | B20: 12 | C20: 2, 18 | D20: - | E20: - | F20: 7, 14 | G20: - | H20: 336 | I20: https://tools.sig.systems/site/details/336 | J20: 9:00 P.M. | K20: ET | L20: 5:00 A.M. | M20: - | N20: -
A21: (AS) Koons Sterling Ford - Main Dealership (NO TOURS) | B21: 19 | C21: 3 | D21: - | E21: 4, 21 | F21: 7, 8 | G21: - | H21: 348 | I21: https://tools.sig.systems/site/details/348 | J21: 9:00 P.M. | K21: ET | L21: 5:00 A.M. | M21: - | N21: 10:00 A.M.
A22: (AS) Koons Tysons Toyota - Main Dealership (NO TOURS) | B22: - | C22: 1, 25 | D22: - | E22: - | F22: 13, 22, 27 | G22: - | H22: 344 | I22: https://tools.sig.systems/site/details/344 | J22: 9:00 P.M. | K22: ET | L22: 5:00 A.M. | M22: - | N22: -
A23: (AS) Koons Volvo Cars White Marsh (NO TOURS) | B23: - | C23: 5, 7, 9 | D23: - | E23: - | F23: 6, 10, 1 | G23: - | H23: 338 | I23: https://tools.sig.systems/site/details/338 | J23: 9:00 P.M. | K23: ET | L23: 5:00 A.M. | M23: 0 | N23: -
A24: (AS) Koons Westminster Toyota (NO TOURS) | B24: - | C24: 1, 7, 9, 18, 25 | D24: - | E24: - | F24: 8, 14, 16 | G24: 20 | H24: 341 | I24: https://tools.sig.systems/site/details/341 | J24: 9:00 P.M. | K24: ET | L24: 5:00 A.M. | M24: - | N24: -
A25: (AS) Koons White Marsh Chevrolet (NO TOURS) | B25: 25 | C25: 10 | D25: - | E25: - | F25: 12 | G25: - | H25: 339 | I25: https://tools.sig.systems/site/details/339 | J25: 9:00 P.M. | K25: ET | L25: 5:00 A.M. | M25: - | N25: -
A26: (AS) Koons Woodbridge Ford (NO TOURS) | B26: - | C26: 3, 24, 26, 27, 31, 36 | D26: - | E26: - | F26: 13, 26, 29 | G26: - | H26: 342 | I26: https://tools.sig.systems/site/details/342 | J26: 9:00 P.M. | K26: ET | L26: 5:00 A.M. | M26: 0 | N26: 9:00 A.M.
A27: (AS) Koons Woodbridge GMC (NO TOURS) | B27: - | C27: 1 | D27: - | E27: 11 | F27: 2, 7 | G27: - | H27: 343 | I27: https://tools.sig.systems/site/details/343 | J27: 9:00 P.M. | K27: ET | L27: 5:00 A.M. | M27: 0 | N27: 10:00 A.M.
A28: (AS) Koons Woodbridge Hyundai (NO TOURS) | B28: - | C28: 1, 17 | D28: - | E28: - | F28: 4, 14, 22 | G28: 10, 11 | H28: 347 | I28: https://tools.sig.systems/site/details/347 | J28: 9:00 P.M. | K28: ET | L28: 5:00 A.M. | M28: - | N28: 8:00 A.M.
A29: (AS) Koons Woodbridge Kia (NO TOURS) | B29: - | C29: 2 | D29: - | E29: - | F29: 5 | G29: 7, 9 | H29: 346 | I29: https://tools.sig.systems/site/details/346 | J29: 9:00 P.M. | K29: ET | L29: 5:00 A.M. | M29: - | N29: 10:00 A.M.
A30: (AS) Larry H Miller CDJR Fiat (NO TOURS) | B30: 7, 11 | C30: 2, 3 | D30: - | E30: - | F30: 2, 6, 10, 15, 18 | G30: - | H30: 298 | I30: https://tools.sig.systems/site/details/298 | J30: 11:00 P.M. | K30: MT | L30: 7:00 A.M. | M30: 0 | N30: -
A31: (AS) Larry H Miller Hyundai Arapahoe (NO TOURS) | B31: - | C31: 8, 17, 27, 28 | D31: - | E31: - | F31: 4, 20, 24 | G31: - | H31: 298 | I31: https://tools.sig.systems/site/details/298 | J31: #N/A | K31: #N/A | L31: #N/A | M31: #N/A | N31: #N/A
A32: (AS) Plaza Collision ST Louis (NO TOURS) | B32: 2, 6 | C32: 1 | D32: - | E32: - | F32: 3 | G32: - | H32: 350 | I32: https://tools.sig.systems/site/details/350 | J32: 10:00 P.M. | K32: CT | L32: 6:00 A.M. | M32: - | N32: -
A33: (AS) Plaza Mercedes Benz West (NO TOURS) | B33: - | C33: 1, 7 | D33: - | E33: 17 | F33: 6, 21 | G33: - | H33: 349 | I33: https://tools.sig.systems/site/details/349 | J33: 10:00 P.M. | K33: CT | L33: 6:00 A.M. | M33: 0 | N33: -
A34: (BRL) Fort Pierce | B34: - | C34: 1 | D34: - | E34: 2 | F34: 15, 18 | G34: 15, 16 | H34: 326 | I34: https://tools.sig.systems/site/details/326 | J34: 24H | K34: ET | L34: - | M34: - | N34: -
A35: (BRL) Shoemakersville | B35: - | C35: 8, 11 | D35: - | E35: 1, 6, 13A, 15, 18A | F35: 13B, 23 | G35: - | H35: 302 | I35: https://tools.sig.systems/site/details/302 | J35: 24H | K35: ET | L35: - | M35: 0 | N35: -
A36: (DT) Arlington | B36: 8 | C36: 3 | D36: - | E36: - | F36: 3, 8, 9 | G36: - | H36: 199 | I36: https://tools.sig.systems/site/details/199 | J36: 10:00 P.M. | K36: CT | L36: 6:00 A.M. | M36: 0 | N36: -
A37: (DT) Charlotte | B37: 4, 25, 41 | C37: - | D37: - | E37: 11, 32, 35 | F37: 6, 11, 18, 29, 34, 38, 39 | G37: 17 | H37: 299 | I37: https://tools.sig.systems/site/details/299 | J37: 9:00 P.M. | K37: ET | L37: 5:00 A.M. | M37: 0 | N37: -
A38: (DT) Modesto | B38: 10 | C38: 5, 6 | D38: - | E38: - | F38: 2, 3, 5, 10 | G38: - | H38: 267 | I38: https://tools.sig.systems/site/details/267 | J38: 12:00 A.M. | K38: PT | L38: 8:00 A.M. | M38: 0 | N38: -
A39: (KG) Big Star Cadillac | B39: 1, 4, 16 | C39: - | D39: - | E39: - | F39: 15, 16, 19, 20 | G39: - | H39: 316 | I39: https://tools.sig.systems/site/details/316 | J39: 10:00 P.M. | K39: CT | L39: 6:00 A.M. | M39: https://www.google.com/maps/d/edit?mid=1jIRkMUnWNPuTgDjQgDP-f33LClT85NU&usp=sharing | N39: -
A40: (KG) Big Star Hyundai Houston | B40: 3, 12, 17 | C40: 23, 35 | D40: - | E40: 1, 75 | F40: 5, 11, 16, 20, 26, 30, 32, 34 | G40: - | H40: 287 | I40: https://tools.sig.systems/site/details/287 | J40: 10:00 P.M. | K40: CT | L40: 6:00 A.M. | M40: https://www.google.com/maps/d/edit?hl=en&mid=1jIRkMUnWNPuTgDjQgDP-f33LClT85NU&ll=29.55731827236326%2C-95.1601644&z=17 | N40: -
A41: (KG) Ken Garff Kia of Avondale | B41: 5, 19 | C41: - | D41: - | E41: 3, 5 | F41: 1, 6, 7, 12, 15, 17, 21 | G41: - | H41: 283 | I41: https://tools.sig.systems/site/details/283 | J41: 12:00 A.M. | K41: MST | L41: 8:00 A.M. | M41: https://www.google.com/maps/d/viewer?mid=1bDs0QGFZwL3vEeGKxjVMk_j4azr0-lg&ll=33.4593758581648%2C-112.28793780000001&z=18 | N41: 12:00 P.M.
A42: (KG) Ken Garff Volkswagen of Gilbert | B42: 4, 6 | C42: - | D42: - | E42: 2, 14 | F42: 1, 5, 8, 9, 17, 19, 21 | G42: - | H42: 284 | I42: https://tools.sig.systems/site/details/284 | J42: 12:00 A.M. | K42: MST | L42: 8:00 A.M. | M42: https://www.google.com/maps/d/viewer?hl=es&mid=19SU7XE9Cg8jhVFpEI21Vi9Zfgdih9Ds&ll=33.29158262977276%2C-111.75783630000002&z=17 | N42: 12:00 P.M.
A43: (LT) Landers Kia of Little Rock | B43: 5, 9, 33, 19 | C43: - | D43: 4, 10 | E43: 1, 35 | F43: 5, 9, 12, 14, 18, 26, 29 | G43: - | H43: 322 | I43: https://tools.sig.systems/site/details/322 | J43: 10:00 P.M. | K43: CT | L43: 6:00 A.M. | M43: https://www.google.com/maps/d/u/1/edit?mid=1-zEzsc6U6nZom08edp0XAd3_HYFvAyk&usp=sharing | N43: -
A44: (LT) Luther Bloomington Hyundai (NO TOURS) | B44: - | C44: 6, 9, 13 | D44: 58, 59 | E44: 10 | F44: 11, 18 | G44: 7 | H44: 318 | I44: https://tools.sig.systems/site/details/318 | J44: 10:00 P.M. | K44: CT | L44: 6:00 A.M. | M44: 0 | N44: -
A45: (LT) Luther Bloomington Subaru - Acura | B45: 29 | C45: 5, 8, 33 | D45: 4, 7, 35 | E45: - | F45: 1, 2, 14, 24, 34 | G45: - | H45: 289 | I45: https://tools.sig.systems/site/details/289 | J45: 9:30 P.M. | K45: CT | L45: 4:00 A.M. | M45: 0 | N45: -
A46: (LT) Luther Brookdale Honda (NO TOURS) | B46: - | C46: 1, 21 | D46: 38, 39, 40 | E46: 2, 10, 19 | F46: 4, 5, 7, 11, 13, 20, 24, 36 | G46: - | H46: 280 | I46: https://tools.sig.systems/site/details/280 | J46: 10:00 P.M. | K46: CT | L46: 6:00 A.M. | M46: https://www.google.com/maps/d/viewer?mid=1ot0ILX76JMuvd9yMuqkb4_e0yH1n7TA&ll=45.07815812965141%2C-93.33506855000002&z=17 | N46: -
A47: (LT) Luther Brookdale Toyota | B47: - | C47: 5, 7 | D47: 29 | E47: 20 | F47: 1, 2, 4, 10, 18, 24, 25 | G47: - | H47: 281 | I47: https://tools.sig.systems/site/details/281 | J47: 10:00 P.M. | K47: CT | L47: 5:00 A.M. | M47: https://www.google.com/maps/d/viewer?mid=1ot0ILX76JMuvd9yMuqkb4_e0yH1n7TA&ll=45.07815812965141%2C-93.33506855000002&z=17 | N47: -
A48: (LT) Luther Burnsville Hyundai | B48: - | C48: 6, 17 | D48: 22, 21 | E48: 7 | F48: 2, 4, 16 | G48: - | H48: 307 | I48: https://tools.sig.systems/site/details/307 | J48: 10:00 P.M. | K48: CT | L48: 6:00 A.M. | M48: 0 | N48: -
A49: (LT) Luther Genesis of Minneapolis | B49: - | C49: 1,2,3,18 | D49: - | E49: - | F49: 1,2,3,5,16,18 | G49: - | H49: 315 | I49: https://tools.sig.systems/site/details/315 | J49: 10:00 P.M. | K49: CT | L49: 6:00 A.M. | M49: 0 | N49: -
A50: (LT) Luther Genesis of Minneapolis | B50: 3, 18 | C50: - | D50: - | E50: - | F50: 6, 9 | G50: - | H50: 315 | I50: https://tools.sig.systems/site/details/315 | J50: 10:00 P.M. | K50: CT | L50: 6:00 A.M. | M50: 0 | N50: -
A51: (LT) Luther Hopkins Honda (NO TOURS) | B51: - | C51: 9, 36 | D51: 38, 39 | E51: 3, 26 | F51: 1, 4, 11, 18, 23, 25, 31 | G51: 21 | H51: 288 | I51: https://tools.sig.systems/site/details/288 | J51: 10:00 P.M. | K51: CT | L51: 6:00 A.M. | M51: 0 | N51: -
A52: (LT) Luther Landers Recon Center | B52: 2, 4 | C52: - | D52: - | E52: - | F52: 3, 9, 11 | G52: - | H52: 323 | I52: https://tools.sig.systems/site/details/323 | J52: 10:00 P.M. | K52: CT | L52: 6:00 A.M. | M52: https://www.google.com/maps/d/u/1/edit?mid=1-zEzsc6U6nZom08edp0XAd3_HYFvAyk&usp=sharing | N52: -
A53: (LT) Luther North Country Ford | B53: - | C53: 7, 14, 19 | D53: 30, 31, 32 | E53: - | F53: 1, 4, 9, 13, 15, 16B, 25 | G53: 10 | H53: 292 | I53: https://tools.sig.systems/site/details/292 | J53: 10:00 P.M. | K53: CT | L53: 6:00 A.M. | M53: 0 | N53: -
A54: (LT) Luther St. Cloud Subaru | B54: 25, 31 | C54: 9, 13, 20 | D54: 38, 39, 40, 41 | E54: 27 | F54: 2, 6, 8, 11, 14, 19, 23, 26 | G54: - | H54: 295 | I54: https://tools.sig.systems/site/details/295 | J54: 10:00 P.M. | K54: CT | L54: 5:30 A.M. | M54: 0 | N54: -
A55: (ML) Joe Machens Hyundai | B55: - | C55: 3, 4, 14, 25 | D55: - | E55: 17 | F55: 1, 11, 12, 13, 15 | G55: - | H55: 286 | I55: https://tools.sig.systems/site/details/286 | J55: 10:00 P.M. | K55: CT | L55: 6:00 A.M. | M55: https://www.google.com/maps/d/viewer?hl=es&mid=1C1oZdjH3dNvCvqdpIv_Lk0Yn1OCVn-4&ll=38.965368114274455%2C-92.3405954&z=15 | N55: -
A56: (PE) BMW Service Center (NO TOURS) | B56: 3 | C56: - | D56: - | E56: - | F56: 1, 2 | H56: 184 | I56: https://tools.sig.systems/site/details/184 | J56: 8:00 P.M. | K56: ET | L56: 5:00 A.M. | M56: https://www.google.com/maps/d/edit?hl=en&mid=1UHmt7tH1ihTa85i0MfQIcTfVvIQg_vM&ll=41.02423447529239%2C-73.63721502222738&z=18 | N56: -
A57: (PE) JLR Darien (NO TOURS) | B57: 1, 13 | C57: - | D57: - | E57: - | F57: - | G57: - | H57: 189 | I57: https://tools.sig.systems/site/details/189 | J57: 8:00 P.M. | K57: ET | L57: 5:00 A.M. | M57: - | N57: -
A58: (PE) JLR Englewood (NO TOURS) | B58: 1, 2 | C58: - | D58: - | E58: - | F58: - | H58: 178 | I58: https://tools.sig.systems/site/details/178 | J58: 8:00 P.M. | K58: ET | L58: 5:00 A.M. | M58: https://www.google.com/maps/d/viewer?mid=1ubI2iKs1JyYXssuT4oLPnVvFnyLPi_s&ll=40.878808846788026%2C-73.98560655&z=17 | N58: -
A59: (PE) JLR Paramus (NO TOURS) | B59: 1, 17 | C59: - | D59: - | E59: - | F59: 1, 17 | G59: - | H59: 177 | I59: https://tools.sig.systems/site/details/177 | J59: 8:00 P.M. | K59: ET | L59: 5:00 A.M. | M59: 0 | N59: -
A60: (PE) MB of Greenwich | B60: 1, 2, 8 | C60: 13, 14, 20, 26, 40 | D60: - | E60: - | F60: 29 | G60: 23, 24, 25 | H60: 188 | I60: https://tools.sig.systems/site/details/188 | J60: 8:00 P.M. | K60: ET | L60: 5:00 A.M. | M60: https://www.google.com/maps/d/edit?hl=en&mid=1UHmt7tH1ihTa85i0MfQIcTfVvIQg_vM&ll=41.02423447529239%2C-73.63721502222738&z=18 | N60: -
A61: (PE) Porsche Audi Fairfield (NO TOURS) | B61: 1, 18 | C61: - | D61: - | E61: 20 | F61: 15 | G61: - | H61: 194 | I61: https://tools.sig.systems/site/details/194 | J61: 8:00 P.M. | K61: ET | L61: 5:00 A.M. | M61: 0 | N61: -
A62: (SCH) Schumacher of Delray I & III | B62: 11, 21, 22, 57, 69 | C62: 2, 16, 46 | D62: - | E62: - | F62: 24, 39 | G62: - | H62: 159 | I62: https://tools.sig.systems/site/details/159 | J62: 9:00 P.M. | K62: ET | L62: 5:00 A.M. | M62: https://www.google.com/maps/d/viewer?mid=1ZLGV-cDM9aCfovhmXHIAXgVOKts0dEI&ll=26.438859950088858%2C-80.07968125000001&z=16 | N62: 11:00 A.M.
A63: (TC) Lamborghini South Dade | B63: - | C63: 9, 11 | D63: - | E63: - | F63: - | G63: - | H63: 313 | I63: https://tools.sig.systems/site/details/313 | J63: 9:00 P.M. | K63: ET | L63: 5:00 A.M. | M63: 0 | N63: -
A64: Mario Residence | B64: 7, 8 | C64: 7, 8 | D64: - | E64: - | F64: 4,12,13 | G64: - | H64: 148 | I64: https://tools.sig.systems/site/details/148 | J64: 24H | K64: ET | L64: - | M64: https://www.google.com/maps/d/edit?hl=es&mid=13OmECPqyeB7fXgZmEoM9cnG34HU_v5g&ll=26.046837034777553%2C-80.38753458591658&z=19 | N64: -
A65: (AS) Koons Tysons Toyota - UC Recon (NO TOURS) | B65: - | C65: 37, 38 | D65: - | E65: - | F65: - | G65: - | H65: 355 | I65: https://tools.sig.systems/site/details/355 | J65: 9:00 P.M. | K65: ET | L65: 5:00 A.M. | M65: - | N65: -

Sheet H.A. Dynamic Split
A1: High Alert Split-High Alert Station-Operator Station | M1: Changes: Split-Station: | V1: Alphabetical Order
V2: Site
G3: Searched Site | I3: Site | J3: Mario Residence | V3: (AS) 3281 Storage Lot (NO TOURS)
V4: (AS) Hare Chevrolet (NO TOURS)
G5: Its On: | I5: Station | J5: =+I5 -> Station | V5: (AS) Koons Arlington Toyota - New Car (NO TOURS)
I6: 33 | J6: =I6 -> 33 | V6: (AS) Koons Chevrolet Buick GMC - Tysons Remote Lot (NO TOURS)
V7: (AS) Koons Volvo Cars White Marsh (NO TOURS)
V8: (BRL) Shoemakersville
V9: (DT) Arlington
V10: (LT) Luther Bloomington Hyundai (NO TOURS)
G11: =+IF(D11="","",IFERROR(IF(#REF!="#N/D","Log Out",""),"Log Out")) | V11: (LT) Luther Landers Recon Center
A12: H.A. Split | B12: H.A. Station | C12: Operators Split | V12: (LT) Luther St. Cloud Subaru
A13: H.A. 1 | B13: 1 | C13: 4 | D13: 5 | E13: 6 | F13: 7 | G13: 1 | H13: 2 | I13: 3 | J13: 8 | K13: 9 | L13: (blank) | V13: (SCH) Schumacher of Delray I & III
V14: (TC) Lamborghini South Dade
A15: Split | B15: Hour | C15: Sites | D15: Suma de Station | E15: Operator Station | F15: SIG Tools | H15: Hour | I15: Sites | J15: Drop time | K15: Time | L15: SUNDAY (D.T.) | M15: Sum of Station
A16: H.A. 1 | B16: 24 Hrs | C16: (KG) Truck Center Remote Storage Lot | D16: 1 | E16: =IFERROR(VLOOKUP(C16&'H.A. Dynamic Split'!$C$13,'Flat Base'!A2:C559,3,0),"") | F16: =IFERROR(HYPERLINK(VLOOKUP(C16,'Flat Base'!D:I,3,0),"SIG TOOLS"),"") | G16: =IFERROR(HYPERLINK(VLOOKUP(C16,'Flat Base'!D:J,4,0),"SITE MAP"),"") | H16: 24 Hrs | I16: (KG) Truck Center Remote Storage Lot | J16: N/A | K16: MT | L16: N/A | M16: 1
C17: Mario Residence | D17: 1 | E17: =IFERROR(VLOOKUP(C17&'H.A. Dynamic Split'!$C$13,'Flat Base'!A2:C559,3,0),"") -> 3 | F17: =IFERROR(HYPERLINK(VLOOKUP(C17,'Flat Base'!D:I,3,0),"SIG TOOLS"),"") -> SIG TOOLS | G17: =IFERROR(HYPERLINK(VLOOKUP(C17,'Flat Base'!D:J,4,0),"SITE MAP"),"") -> SITE MAP | I17: Mario Residence | J17: N/A | K17: ET | L17: N/A | M17: 1
C18: SIG Office | D18: 1 | E18: =IFERROR(VLOOKUP(C18&'H.A. Dynamic Split'!$C$13,'Flat Base'!A3:C8,3,0),"") | F18: =IFERROR(HYPERLINK(VLOOKUP(C18,'Flat Base'!D:I,3,0),"SIG TOOLS"),"") | G18: =IFERROR(HYPERLINK(VLOOKUP(C18,'Flat Base'!D:J,4,0),"SITE MAP"),"") | I18: SIG Office | J18: N/A | K18: ET | L18: N/A | M18: 1
C19: SIG Office Trailer | D19: 1 | E19: =IFERROR(VLOOKUP(C19&'H.A. Dynamic Split'!$C$13,'Flat Base'!A4:C8,3,0),"") | F19: =IFERROR(HYPERLINK(VLOOKUP(C19,'Flat Base'!D:I,3,0),"SIG TOOLS"),"") | G19: =IFERROR(HYPERLINK(VLOOKUP(C19,'Flat Base'!D:J,4,0),"SITE MAP"),"") | I19: SIG Office Trailer | J19: N/A | K19: ET | L19: N/A | M19: 1
B20: 9:00 P.M. | C20: (AS) Bill Estes Ford (NO TOURS) | D20: 1 | E20: =IFERROR(VLOOKUP(C20&'H.A. Dynamic Split'!$C$13,'Flat Base'!A5:C8,3,0),"") | F20: =IFERROR(HYPERLINK(VLOOKUP(C20,'Flat Base'!D:I,3,0),"SIG TOOLS"),"") | G20: =IFERROR(HYPERLINK(VLOOKUP(C20,'Flat Base'!D:J,4,0),"SITE MAP"),"") | H20: 9:00 P.M. | I20: (AS) Bill Estes Ford (NO TOURS) | J20: 6:00 A.M. | K20: ET | L20: N/A | M20: 1
C21: (HUD) CDJR of Greensboro | D21: 1 | E21: =IFERROR(VLOOKUP(C21&'H.A. Dynamic Split'!$C$13,'Flat Base'!A6:C8,3,0),"") | F21: =IFERROR(HYPERLINK(VLOOKUP(C21,'Flat Base'!D:I,3,0),"SIG TOOLS"),"") | G21: =IFERROR(HYPERLINK(VLOOKUP(C21,'Flat Base'!D:J,4,0),"SITE MAP"),"") | I21: (HUD) CDJR of Greensboro | J21: 6:00 A.M. | K21: ET | L21: 11:00 A.M. | M21: 1
B22: 10:00 P.M. | C22: (ML) Joe Machens Ford Lincoln I & II | D22: 1 | E22: =IFERROR(VLOOKUP(C22&'H.A. Dynamic Split'!$C$13,'Flat Base'!A7:C8,3,0),"") | F22: =IFERROR(HYPERLINK(VLOOKUP(C22,'Flat Base'!D:I,3,0),"SIG TOOLS"),"") | G22: =IFERROR(HYPERLINK(VLOOKUP(C22,'Flat Base'!D:J,4,0),"SITE MAP"),"") | H22: 10:00 P.M. | I22: (ML) Joe Machens Ford Lincoln I & II | J22: 7:00 A.M. | K22: CT | L22: N/A | M22: 1
B23: 11:00 P.M. | C23: (KG) Big Star CDJR of Clear Lake | D23: 1 | E23: =IFERROR(VLOOKUP(C23&'H.A. Dynamic Split'!$C$13,'Flat Base'!A8:C8,3,0),"") | F23: =IFERROR(HYPERLINK(VLOOKUP(C23,'Flat Base'!D:I,3,0),"SIG TOOLS"),"") | G23: =IFERROR(HYPERLINK(VLOOKUP(C23,'Flat Base'!D:J,4,0),"SITE MAP"),"") | H23: 11:00 P.M. | I23: (KG) Big Star CDJR of Clear Lake | J23: 7:00 A.M. | K23: CT | L23: N/A | M23: 1
C24: (KG) Clear Lake Pre-Owned | D24: 1 | E24: =IFERROR(VLOOKUP(C24&'H.A. Dynamic Split'!$C$13,'Flat Base'!#REF!,3,0),"") | F24: =IFERROR(HYPERLINK(VLOOKUP(C24,'Flat Base'!D:I,3,0),"SIG TOOLS"),"") | G24: =IFERROR(HYPERLINK(VLOOKUP(C24,'Flat Base'!D:J,4,0),"SITE MAP"),"") | I24: (KG) Clear Lake Pre-Owned | J24: 7:00 A.M. | K24: CT | L24: N/A | M24: 1
B25: 12:00 A.M. | C25: (RV) Toms Camperland Avondale (NO TOURS) | D25: 1 | E25: =IFERROR(VLOOKUP(C25&'H.A. Dynamic Split'!$C$13,'Flat Base'!#REF!,3,0),"") | F25: =IFERROR(HYPERLINK(VLOOKUP(C25,'Flat Base'!D:I,3,0),"SIG TOOLS"),"") | G25: =IFERROR(HYPERLINK(VLOOKUP(C25,'Flat Base'!D:J,4,0),"SITE MAP"),"") | H25: 12:00 A.M. | I25: (RV) Toms Camperland Avondale (NO TOURS) | J25: 8:00 A.M. | K25: MT | L25: N/A | M25: 1
E26: =IFERROR(VLOOKUP(C26&'H.A. Dynamic Split'!$C$13,'Flat Base'!#REF!,3,0),"") | F26: =IFERROR(HYPERLINK(VLOOKUP(C26,'Flat Base'!D:I,3,0),"SIG TOOLS"),"") | G26: =IFERROR(HYPERLINK(VLOOKUP(C26,'Flat Base'!D:J,4,0),"SITE MAP"),"")
E27: =IFERROR(VLOOKUP(C27&'H.A. Dynamic Split'!$C$13,'Flat Base'!#REF!,3,0),"") | F27: =IFERROR(HYPERLINK(VLOOKUP(C27,'Flat Base'!D:I,3,0),"SIG TOOLS"),"") | G27: =IFERROR(HYPERLINK(VLOOKUP(C27,'Flat Base'!D:J,4,0),"SITE MAP"),"")
E28: =IFERROR(VLOOKUP(C28&'H.A. Dynamic Split'!$C$13,'Flat Base'!#REF!,3,0),"") | F28: =IFERROR(HYPERLINK(VLOOKUP(C28,'Flat Base'!D:I,3,0),"SIG TOOLS"),"") | G28: =IFERROR(HYPERLINK(VLOOKUP(C28,'Flat Base'!D:J,4,0),"SITE MAP"),"")
E29: =IFERROR(VLOOKUP(C29&'H.A. Dynamic Split'!$C$13,'Flat Base'!#REF!,3,0),"") | F29: =IFERROR(HYPERLINK(VLOOKUP(C29,'Flat Base'!D:I,3,0),"SIG TOOLS"),"") | G29: =IFERROR(HYPERLINK(VLOOKUP(C29,'Flat Base'!D:J,4,0),"SITE MAP"),"")
E30: =IFERROR(VLOOKUP(C30&'H.A. Dynamic Split'!$C$13,'Flat Base'!#REF!,3,0),"") | F30: =IFERROR(HYPERLINK(VLOOKUP(C30,'Flat Base'!D:I,3,0),"SIG TOOLS"),"") | G30: =IFERROR(HYPERLINK(VLOOKUP(C30,'Flat Base'!D:J,4,0),"SITE MAP"),"")
E31: =IFERROR(VLOOKUP(C31&'H.A. Dynamic Split'!$C$13,'Flat Base'!#REF!,3,0),"") | F31: =IFERROR(HYPERLINK(VLOOKUP(C31,'Flat Base'!D:I,3,0),"SIG TOOLS"),"") | G31: =IFERROR(HYPERLINK(VLOOKUP(C31,'Flat Base'!D:J,4,0),"SITE MAP"),"")
E32: =IFERROR(VLOOKUP(C32&'H.A. Dynamic Split'!$C$13,'Flat Base'!#REF!,3,0),"") | F32: =IFERROR(HYPERLINK(VLOOKUP(C32,'Flat Base'!D:I,3,0),"SIG TOOLS"),"") | G32: =IFERROR(HYPERLINK(VLOOKUP(C32,'Flat Base'!D:J,4,0),"SITE MAP"),"")
E33: =IFERROR(VLOOKUP(C33&'H.A. Dynamic Split'!$C$13,'Flat Base'!#REF!,3,0),"") | F33: =IFERROR(HYPERLINK(VLOOKUP(C33,'Flat Base'!D:I,3,0),"SIG TOOLS"),"") | G33: =IFERROR(HYPERLINK(VLOOKUP(C33,'Flat Base'!D:J,4,0),"SITE MAP"),"")
E34: =IFERROR(VLOOKUP(C34&'H.A. Dynamic Split'!$C$13,'Flat Base'!#REF!,3,0),"") | F34: =IFERROR(HYPERLINK(VLOOKUP(C34,'Flat Base'!D:I,3,0),"SIG TOOLS"),"") | G34: =IFERROR(HYPERLINK(VLOOKUP(C34,'Flat Base'!D:J,4,0),"SITE MAP"),"")
E35: =IFERROR(VLOOKUP(C35&'H.A. Dynamic Split'!$C$13,'Flat Base'!#REF!,3,0),"") | F35: =IFERROR(HYPERLINK(VLOOKUP(C35,'Flat Base'!D:I,3,0),"SIG TOOLS"),"") | G35: =IFERROR(HYPERLINK(VLOOKUP(C35,'Flat Base'!D:J,4,0),"SITE MAP"),"")
E36: =IFERROR(VLOOKUP(C36&'H.A. Dynamic Split'!$C$13,'Flat Base'!#REF!,3,0),"") | F36: =IFERROR(HYPERLINK(VLOOKUP(C36,'Flat Base'!D:I,3,0),"SIG TOOLS"),"") | G36: =IFERROR(HYPERLINK(VLOOKUP(C36,'Flat Base'!D:J,4,0),"SITE MAP"),"")
E37: =IFERROR(VLOOKUP(C37&'H.A. Dynamic Split'!$C$13,'Flat Base'!#REF!,3,0),"") | F37: =IFERROR(HYPERLINK(VLOOKUP(C37,'Flat Base'!D:I,3,0),"SIG TOOLS"),"") | G37: =IFERROR(HYPERLINK(VLOOKUP(C37,'Flat Base'!D:J,4,0),"SITE MAP"),"")
... E40: =IFERROR(VLOOKUP(C40&'H.A. Dynamic Split'!$C$13,'Flat Base'!#REF!,3,0),"") | F40: =IFERROR(HYPERLINK(VLOOKUP(C40,'Flat Base'!D:I,3,0),"SIG TOOLS"),"") | G40: =IFERROR(HYPERLINK(VLOOKUP(C40,'Flat Base'!D:J,4,0),"SITE MAP"),"")
F41: =IFERROR(HYPERLINK(VLOOKUP(C41,'Flat Base'!D:I,3,0),"SIG TOOLS"),"") | G41: =IFERROR(HYPERLINK(VLOOKUP(C41,'Flat Base'!D:J,4,0),"SITE MAP"),"")
F42: =IFERROR(HYPERLINK(VLOOKUP(C42,'Flat Base'!D:I,3,0),"SIG TOOLS"),"") | G42: =IFERROR(HYPERLINK(VLOOKUP(C42,'Flat Base'!D:J,4,0),"SITE MAP"),"")
F43: =IFERROR(HYPERLINK(VLOOKUP(C43,'Flat Base'!D:I,3,0),"SIG TOOLS"),"") | G43: =IFERROR(HYPERLINK(VLOOKUP(C43,'Flat Base'!D:J,4,0),"SITE MAP"),"")
F44: =IFERROR(HYPERLINK(VLOOKUP(C44,'Flat Base'!D:I,3,0),"SIG TOOLS"),"") | G44: =IFERROR(HYPERLINK(VLOOKUP(C44,'Flat Base'!D:J,4,0),"SITE MAP"),"")
F45: =IFERROR(HYPERLINK(VLOOKUP(C45,'Flat Base'!D:I,3,0),"SIG TOOLS"),"") | G45: =IFERROR(HYPERLINK(VLOOKUP(C45,'Flat Base'!D:J,4,0),"SITE MAP"),"")
F46: =IFERROR(HYPERLINK(VLOOKUP(C46,'Flat Base'!D:I,3,0),"SIG TOOLS"),"") | G46: =IFERROR(HYPERLINK(VLOOKUP(C46,'Flat Base'!D:J,4,0),"SITE MAP"),"")
F47: =IFERROR(HYPERLINK(VLOOKUP(C47,'Flat Base'!D:I,3,0),"SIG TOOLS"),"") | G47: =IFERROR(HYPERLINK(VLOOKUP(C47,'Flat Base'!D:J,4,0),"SITE MAP"),"")
F48: =IFERROR(HYPERLINK(VLOOKUP(C48,'Flat Base'!D:I,3,0),"SIG TOOLS"),"") | G48: =IFERROR(HYPERLINK(VLOOKUP(C48,'Flat Base'!D:J,4,0),"SITE MAP"),"")
F49: =IFERROR(HYPERLINK(VLOOKUP(C49,'Flat Base'!D:I,3,0),"SIG TOOLS"),"") | G49: =IFERROR(HYPERLINK(VLOOKUP(C49,'Flat Base'!D:J,4,0),"SITE MAP"),"")
F50: =IFERROR(HYPERLINK(VLOOKUP(C50,'Flat Base'!D:I,3,0),"SIG TOOLS"),"") | G50: =IFERROR(HYPERLINK(VLOOKUP(C50,'Flat Base'!D:J,4,0),"SITE MAP"),"")
F51: =IFERROR(HYPERLINK(VLOOKUP(C51,'Flat Base'!D:I,3,0),"SIG TOOLS"),"") | G51: =IFERROR(HYPERLINK(VLOOKUP(C51,'Flat Base'!D:J,4,0),"SITE MAP"),"")
F52: =IFERROR(HYPERLINK(VLOOKUP(C52,'Flat Base'!D:I,3,0),"SIG TOOLS"),"") | G52: =IFERROR(HYPERLINK(VLOOKUP(C52,'Flat Base'!D:J,4,0),"SITE MAP"),"")
... F72: =IFERROR(HYPERLINK(VLOOKUP(C72,'Flat Base'!D:I,3,0),"SIG TOOLS"),"") | G72: =IFERROR(HYPERLINK(VLOOKUP(C72,'Flat Base'!D:J,4,0),"SITE MAP"),"")
E499: =IFERROR(VLOOKUP(C499&'H.A. Dynamic Split'!$C$13,'Flat Base'!#REF!,3,0),"")
E500: =IFERROR(VLOOKUP(C500&'H.A. Dynamic Split'!$C$13,'Flat Base'!#REF!,3,0),"")
E501: =IFERROR(VLOOKUP(C501&'H.A. Dynamic Split'!$C$13,'Flat Base'!#REF!,3,0),"")

Sheet  (H.A.) Flat Base
H1: 192.168.7.100
A2: Split | B2: Station | C2: Hour | D2: Time | E2: Site | F2: Drop time | G2: SUNDAY (D.T.) | H2: Notes*
A3: H.A. 1 | B3: 1 | C3: 9:00 P.M. | D3: ET | E3: (AS) Bill Estes Ford (NO TOURS) | F3: 6:00 A.M. | G3: N/A
A4: H.A. 2 | B4: 1 | C4: 9:00 P.M. | D4: ET | E4: (AS) Bill Estes Ford (NO TOURS) | F4: 6:00 A.M. | G4: N/A
A5: H.A. 3 | B5: 1 | C5: 9:00 P.M. | D5: ET | E5: (AS) Bill Estes Ford (NO TOURS) | F5: 6:00 A.M. | G5: N/A
A6: H.A. 4 | B6: 1 | C6: 9:00 P.M. | D6: ET | E6: (AS) Bill Estes Ford (NO TOURS) | F6: 6:00 A.M. | G6: N/A
A7: H.A. 4 | B7: 4 | C7: 9:00 P.M. | D7: ET | E7: (AS) Courtesy CDJR of Brandon | F7: 6:00 A.M. | G7: 10:00 A.M.
A8: H.A. 2 | B8: 1 | C8: 9:00 P.M. | D8: ET | E8: (AS) Courtesy Hyundai/Nissan Tampa | F8: 6:00 A.M. | G8: 10:00 A.M.
A9: H.A. 3 | B9: 1 | C9: 9:00 P.M. | D9: ET | E9: (AS) Courtesy Hyundai/Nissan Tampa | F9: 6:00 A.M. | G9: 10:00 A.M.
A10: H.A. 4 | B10: 1 | C10: 9:00 P.M. | D10: ET | E10: (AS) Courtesy Hyundai/Nissan Tampa | F10: 6:00 A.M. | G10: 10:00 A.M.
A11: H.A. 4 | B11: 4 | C11: 9:00 P.M. | D11: ET | E11: (AS) Lexus Smyrna (NO TOURS) | F11: 6:00 A.M. | G11: N/A
A12: H.A. 3 | B12: 2 | C12: 9:00 P.M. | D12: ET | E12: (DT) Louisville | F12: 6:00 A.M. | G12: N/A
A13: H.A. 4 | B13: 2 | C13: 9:00 P.M. | D13: ET | E13: (DT) Louisville | F13: 6:00 A.M. | G13: N/A
A14: H.A. 1 | B14: 1 | C14: 9:00 P.M. | D14: ET | E14: (HUD) CDJR of Greensboro | F14: 6:00 A.M. | G14: 11:00 A.M.
... A87: H.A. 3 | B87: 3 | C87: 24 Hrs | D87: ET | E87: SIG Office Trailer | F87: N/A | G87: N/A
